sample_id,true_class,condition,classification,reference_id,justification,input_tokens,output_tokens,raw_response
DDoS-TCP_Flood_0000,DDoS-TCP_Flood,naive,DDoS-TCP_Flood,CAPEC-125,"The traffic shows a sustained high packet rate (10k-70k pkt/s) dominated almost exclusively by TCP protocol (protocol mix panel near 100% TCP), consistent with a TCP-based flooding attack. The TCP flag panel shows sporadic spikes in ACK, SYN, and PSH flags rather than a clean SYN flood pattern, indicating a generic TCP flood rather than UDP-based Mirai traffic. CAPEC-125 (Flooding) covers resource exhaustion via high-volume packet flooding attacks such as this.",1343,242,"CLASSIFICATION: DDoS-TCP_Flood
REFERENCE_ID: CAPEC-125
JUSTIFICATION: The traffic shows a sustained high packet rate (10k-70k pkt/s) dominated almost exclusively by TCP protocol (protocol mix panel near 100% TCP), consistent with a TCP-based flooding attack. The TCP flag panel shows sporadic spikes in ACK, SYN, and PSH flags rather than a clean SYN flood pattern, indicating a generic TCP flood rather than UDP-based Mirai traffic. CAPEC-125 (Flooding) covers resource exhaustion via high-volume packet flooding attacks such as this."
DDoS-TCP_Flood_0000,DDoS-TCP_Flood,cve_text_grounded,DDoS-TCP_Flood,CAPEC-125,"The traffic shows highly variable, bursty packet rates (up to ~75,000 pkt/s) dominated almost entirely by TCP (protocol mix ~100% TCP), consistent with a volumetric TCP flood. The TCP flag panel shows intermittent spikes in ACK, SYN, and PSH flags rather than a sustained SYN-only pattern, indicating a generic TCP flood (mixed flag abuse) rather than a classic SYN flood, aligning with CAPEC-125 (Flooding) resource exhaustion attacks.",1382,237,"CLASSIFICATION: DDoS-TCP_Flood
REFERENCE_ID: CAPEC-125
JUSTIFICATION: The traffic shows highly variable, bursty packet rates (up to ~75,000 pkt/s) dominated almost entirely by TCP (protocol mix ~100% TCP), consistent with a volumetric TCP flood. The TCP flag panel shows intermittent spikes in ACK, SYN, and PSH flags rather than a sustained SYN-only pattern, indicating a generic TCP flood (mixed flag abuse) rather than a classic SYN flood, aligning with CAPEC-125 (Flooding) resource exhaustion attacks."
DDoS-TCP_Flood_0000,DDoS-TCP_Flood,rag_grounded,DDoS-TCP_Flood,CAPEC-482,"The traffic shows extremely high, bursty packet rates (up to ~75,000 pkt/s) with the protocol mix panel showing near-100% TCP throughout, indicating a volumetric TCP-based flood. The TCP flag panel shows sporadic spikes in SYN, ACK, and PSH fractions consistent with connection-state exploitation typical of TCP flooding. Packet size remains stable and small except for brief anomalies, further supporting a raw TCP flood rather than application-layer flooding.",2667,221,"CLASSIFICATION: DDoS-TCP_Flood
REFERENCE_ID: CAPEC-482
JUSTIFICATION: The traffic shows extremely high, bursty packet rates (up to ~75,000 pkt/s) with the protocol mix panel showing near-100% TCP throughout, indicating a volumetric TCP-based flood. The TCP flag panel shows sporadic spikes in SYN, ACK, and PSH fractions consistent with connection-state exploitation typical of TCP flooding. Packet size remains stable and small except for brief anomalies, further supporting a raw TCP flood rather than application-layer flooding."
DDoS-TCP_Flood_0001,DDoS-TCP_Flood,naive,DDoS-TCP_Flood,CAPEC-125,"The protocol mix panel shows near-constant TCP dominance (~100%) throughout the capture, with packet rates fluctuating wildly between 15,000-55,000 pkt/s in a sawtooth pattern typical of flooding attacks. The TCP flag panel shows sparse, low-fraction ACK/PSH/RST spikes rather than sustained SYN flooding, consistent with a generic TCP flood using varied flag combinations to overwhelm resources. CAPEC-125 (Flooding) captures this resource-exhaustion pattern via high-volume TCP traffic.",1343,247,"CLASSIFICATION: DDoS-TCP_Flood
REFERENCE_ID: CAPEC-125
JUSTIFICATION: The protocol mix panel shows near-constant TCP dominance (~100%) throughout the capture, with packet rates fluctuating wildly between 15,000-55,000 pkt/s in a sawtooth pattern typical of flooding attacks. The TCP flag panel shows sparse, low-fraction ACK/PSH/RST spikes rather than sustained SYN flooding, consistent with a generic TCP flood using varied flag combinations to overwhelm resources. CAPEC-125 (Flooding) captures this resource-exhaustion pattern via high-volume TCP traffic."
DDoS-TCP_Flood_0001,DDoS-TCP_Flood,cve_text_grounded,DDoS-TCP_Flood,CAPEC-482,"The traffic shows sustained high packet rates (15k-55k pkt/s) dominated almost entirely by TCP protocol with small, uniform packet sizes (~60 bytes avg), consistent with a volumetric TCP flood. The brief spike in ACK/PSH flag fractions around window 7 reflects handshake or session artifacts rather than legitimate diverse traffic, matching CAPEC-482 (TCP Flood), a known DoS technique that exhausts server resources via high-volume TCP segments.",1382,223,"CLASSIFICATION: DDoS-TCP_Flood
REFERENCE_ID: CAPEC-482
JUSTIFICATION: The traffic shows sustained high packet rates (15k-55k pkt/s) dominated almost entirely by TCP protocol with small, uniform packet sizes (~60 bytes avg), consistent with a volumetric TCP flood. The brief spike in ACK/PSH flag fractions around window 7 reflects handshake or session artifacts rather than legitimate diverse traffic, matching CAPEC-482 (TCP Flood), a known DoS technique that exhausts server resources via high-volume TCP segments."
DDoS-TCP_Flood_0001,DDoS-TCP_Flood,rag_grounded,DDoS-TCP_Flood,CAPEC-482,"The traffic shows sustained high-volume packet rates (15,000-55,000 pkt/s) dominated almost entirely by TCP protocol, consistent with a TCP-based flooding attack. The TCP flag panel shows minimal SYN activity but presence of ACK/PSH/RST spikes, and packet sizes remain small and uniform (~60 bytes), typical of connection-state-exhausting TCP flood traffic as described in CAPEC-482.",2667,205,"CLASSIFICATION: DDoS-TCP_Flood
REFERENCE_ID: CAPEC-482
JUSTIFICATION: The traffic shows sustained high-volume packet rates (15,000-55,000 pkt/s) dominated almost entirely by TCP protocol, consistent with a TCP-based flooding attack. The TCP flag panel shows minimal SYN activity but presence of ACK/PSH/RST spikes, and packet sizes remain small and uniform (~60 bytes), typical of connection-state-exhausting TCP flood traffic as described in CAPEC-482."
DDoS-TCP_Flood_0002,DDoS-TCP_Flood,naive,DDoS-TCP_Flood,CAPEC-125,"The traffic shows highly volatile packet rates (5,000–60,000 pkt/s) dominated almost entirely by TCP protocol with consistently small, uniform packet sizes (~60 bytes avg, low std), characteristic of a TCP flood attack. The brief SYN flag spike and later ACK spike further support a TCP-based flooding pattern rather than UDP-based Mirai traffic. CAPEC-125 (Flooding) captures this resource-exhaustion attack pattern via high-volume TCP packet flooding.",1343,230,"CLASSIFICATION: DDoS-TCP_Flood
REFERENCE_ID: CAPEC-125
JUSTIFICATION: The traffic shows highly volatile packet rates (5,000–60,000 pkt/s) dominated almost entirely by TCP protocol with consistently small, uniform packet sizes (~60 bytes avg, low std), characteristic of a TCP flood attack. The brief SYN flag spike and later ACK spike further support a TCP-based flooding pattern rather than UDP-based Mirai traffic. CAPEC-125 (Flooding) captures this resource-exhaustion attack pattern via high-volume TCP packet flooding."
DDoS-TCP_Flood_0002,DDoS-TCP_Flood,cve_text_grounded,DDoS-TCP_Flood,CAPEC-125,"The traffic shows highly volatile, bursty packet rates (5k-60k pkt/s) dominated almost entirely by TCP protocol with uniform small packet sizes (~60 bytes), consistent with a TCP-based flooding attack. The TCP flag composition panel shows sparse, brief spikes in SYN and ACK fractions rather than sustained legitimate handshake patterns, indicating flag manipulation typical of flood attacks rather than normal application traffic. CAPEC-125 (Flooding) captures this resource-exhaustion technique via high-volume TCP packet transmission.",1382,250,"CLASSIFICATION: DDoS-TCP_Flood
REFERENCE_ID: CAPEC-125
JUSTIFICATION: The traffic shows highly volatile, bursty packet rates (5k-60k pkt/s) dominated almost entirely by TCP protocol with uniform small packet sizes (~60 bytes), consistent with a TCP-based flooding attack. The TCP flag composition panel shows sparse, brief spikes in SYN and ACK fractions rather than sustained legitimate handshake patterns, indicating flag manipulation typical of flood attacks rather than normal application traffic. CAPEC-125 (Flooding) captures this resource-exhaustion technique via high-volume TCP packet transmission."
DDoS-TCP_Flood_0002,DDoS-TCP_Flood,rag_grounded,DDoS-TCP_Flood,CAPEC-482,"The traffic shows sustained high packet rates (10k-60k pkt/s) dominated almost entirely by TCP protocol, with a visible spike in SYN flag fraction around window 7, consistent with a TCP-based flooding attack. The small, uniform packet sizes (~60 bytes) further support a volumetric TCP flood exploiting connection-state handling as described in CAPEC-482.",2667,183,"CLASSIFICATION: DDoS-TCP_Flood
REFERENCE_ID: CAPEC-482
JUSTIFICATION: The traffic shows sustained high packet rates (10k-60k pkt/s) dominated almost entirely by TCP protocol, with a visible spike in SYN flag fraction around window 7, consistent with a TCP-based flooding attack. The small, uniform packet sizes (~60 bytes) further support a volumetric TCP flood exploiting connection-state handling as described in CAPEC-482."
DDoS-TCP_Flood_0003,DDoS-TCP_Flood,naive,DDoS-TCP_Flood,CAPEC-482,"The traffic shows highly variable packet rates (10,000-49,000 pkt/s) dominated almost entirely by TCP protocol (panel 3), with sporadic spikes in SYN, ACK, and RST flags (panel 2) rather than sustained connection establishment—consistent with a TCP-based flood attack exploiting the protocol's flag mechanisms. CAPEC-482 (TCP Flood) describes this exact pattern of overwhelming a target with TCP packets to exhaust resources, matching the near-constant small packet size (~60 bytes) typical of flood packets lacking substantial payload.",1343,255,"CLASSIFICATION: DDoS-TCP_Flood
REFERENCE_ID: CAPEC-482
JUSTIFICATION: The traffic shows highly variable packet rates (10,000-49,000 pkt/s) dominated almost entirely by TCP protocol (panel 3), with sporadic spikes in SYN, ACK, and RST flags (panel 2) rather than sustained connection establishment—consistent with a TCP-based flood attack exploiting the protocol's flag mechanisms. CAPEC-482 (TCP Flood) describes this exact pattern of overwhelming a target with TCP packets to exhaust resources, matching the near-constant small packet size (~60 bytes) typical of flood packets lacking substantial payload."
DDoS-TCP_Flood_0003,DDoS-TCP_Flood,cve_text_grounded,DDoS-TCP_Flood,CAPEC-125,"The traffic shows highly variable, bursty packet rates (10k-49k pkt/s) dominated almost entirely by TCP protocol with minimal flag usage (mostly near-zero fin/syn/rst/psh/ack fractions with brief spikes), consistent with a volumetric TCP flood rather than a legitimate handshake pattern. Packet sizes remain small and constant (~60 bytes) with low variance, typical of flood packets designed for resource exhaustion rather than data transfer. CAPEC-125 (Flooding) captures this resource-exhaustion attack pattern via high-volume TCP traffic.",1382,259,"CLASSIFICATION: DDoS-TCP_Flood
REFERENCE_ID: CAPEC-125
JUSTIFICATION: The traffic shows highly variable, bursty packet rates (10k-49k pkt/s) dominated almost entirely by TCP protocol with minimal flag usage (mostly near-zero fin/syn/rst/psh/ack fractions with brief spikes), consistent with a volumetric TCP flood rather than a legitimate handshake pattern. Packet sizes remain small and constant (~60 bytes) with low variance, typical of flood packets designed for resource exhaustion rather than data transfer. CAPEC-125 (Flooding) captures this resource-exhaustion attack pattern via high-volume TCP traffic."
DDoS-TCP_Flood_0003,DDoS-TCP_Flood,rag_grounded,DDoS-TCP_Flood,CAPEC-482,"The traffic shows sustained high packet rates (10k-50k pkt/s) dominated almost entirely by TCP protocol, with transient spikes in SYN, ACK, and RST flag fractions rather than legitimate session establishment patterns. Small, uniform average packet sizes (~60 bytes) further indicate crafted flooding packets rather than application-layer traffic, consistent with a TCP-based flood exploiting connection-state handling.",2667,199,"CLASSIFICATION: DDoS-TCP_Flood
REFERENCE_ID: CAPEC-482
JUSTIFICATION: The traffic shows sustained high packet rates (10k-50k pkt/s) dominated almost entirely by TCP protocol, with transient spikes in SYN, ACK, and RST flag fractions rather than legitimate session establishment patterns. Small, uniform average packet sizes (~60 bytes) further indicate crafted flooding packets rather than application-layer traffic, consistent with a TCP-based flood exploiting connection-state handling."
DDoS-TCP_Flood_0004,DDoS-TCP_Flood,naive,DDoS-TCP_Flood,CAPEC-125,"The protocol mix panel shows nearly 100% TCP traffic throughout the capture, with consistent small packet sizes (~60 bytes) and high, volatile packet rates (10k-85k pkt/s), which are hallmark characteristics of a TCP flood attack. The TCP flag panel shows predominantly PSH/ACK flags with a brief SYN/ACK spike, consistent with flooding via established or half-open connections rather than legitimate application traffic. CAPEC-125 (Flooding) describes this resource exhaustion attack pattern via excessive TCP traffic.",1343,246,"CLASSIFICATION: DDoS-TCP_Flood
REFERENCE_ID: CAPEC-125
JUSTIFICATION: The protocol mix panel shows nearly 100% TCP traffic throughout the capture, with consistent small packet sizes (~60 bytes) and high, volatile packet rates (10k-85k pkt/s), which are hallmark characteristics of a TCP flood attack. The TCP flag panel shows predominantly PSH/ACK flags with a brief SYN/ACK spike, consistent with flooding via established or half-open connections rather than legitimate application traffic. CAPEC-125 (Flooding) describes this resource exhaustion attack pattern via excessive TCP traffic."
DDoS-TCP_Flood_0004,DDoS-TCP_Flood,cve_text_grounded,DDoS-TCP_Flood,CAPEC-125,"The traffic shows highly variable, bursty packet rates (10k-85k pkt/s) with protocol mix dominated almost entirely by TCP and near-constant small average packet size (~60 bytes), consistent with a volumetric TCP flood. The near-total dominance of PSH/ACK flags (with a brief SYN/ACK spike) indicates spoofed or scripted TCP segments rather than legitimate handshake traffic, matching CAPEC-125 (Flooding) resource exhaustion via TCP flood attacks.",1382,229,"CLASSIFICATION: DDoS-TCP_Flood
REFERENCE_ID: CAPEC-125
JUSTIFICATION: The traffic shows highly variable, bursty packet rates (10k-85k pkt/s) with protocol mix dominated almost entirely by TCP and near-constant small average packet size (~60 bytes), consistent with a volumetric TCP flood. The near-total dominance of PSH/ACK flags (with a brief SYN/ACK spike) indicates spoofed or scripted TCP segments rather than legitimate handshake traffic, matching CAPEC-125 (Flooding) resource exhaustion via TCP flood attacks."
DDoS-TCP_Flood_0004,DDoS-TCP_Flood,rag_grounded,DDoS-TCP_Flood,CAPEC-482,"The traffic shows sustained high packet rates (10k-85k pkt/s) with protocol mix dominated almost entirely by TCP, and small uniform packet sizes (~60 bytes) consistent with connection-state exhaustion flooding. The brief SYN/ACK flag spike around window 3 further indicates TCP connection setup abuse typical of TCP flood attacks. This matches CAPEC-482, which explicitly covers TCP flooding including SYN-based variants.",2667,211,"CLASSIFICATION: DDoS-TCP_Flood
REFERENCE_ID: CAPEC-482
JUSTIFICATION: The traffic shows sustained high packet rates (10k-85k pkt/s) with protocol mix dominated almost entirely by TCP, and small uniform packet sizes (~60 bytes) consistent with connection-state exhaustion flooding. The brief SYN/ACK flag spike around window 3 further indicates TCP connection setup abuse typical of TCP flood attacks. This matches CAPEC-482, which explicitly covers TCP flooding including SYN-based variants."
Mirai-udpplain_0000,Mirai-udpplain,naive,Mirai-udpplain,CAPEC-486,"The protocol mix panel shows traffic is overwhelmingly UDP with only negligible TCP presence, consistent with a UDP flood rather than a TCP-based attack. TCP flag fractions are extremely low and sporadic (no sustained SYN flood pattern), and packet sizes are fairly uniform (~500-550 bytes) typical of Mirai's UDP plain flooding module. CAPEC-486 (UDP Flood) reflects this botnet-driven volumetric UDP flood behavior characteristic of Mirai malware.",1343,230,"CLASSIFICATION: Mirai-udpplain
REFERENCE_ID: CAPEC-486
JUSTIFICATION: The protocol mix panel shows traffic is overwhelmingly UDP with only negligible TCP presence, consistent with a UDP flood rather than a TCP-based attack. TCP flag fractions are extremely low and sporadic (no sustained SYN flood pattern), and packet sizes are fairly uniform (~500-550 bytes) typical of Mirai's UDP plain flooding module. CAPEC-486 (UDP Flood) reflects this botnet-driven volumetric UDP flood behavior characteristic of Mirai malware."
Mirai-udpplain_0000,Mirai-udpplain,cve_text_grounded,Mirai-udpplain,CAPEC-486,"The protocol mix panel shows near-constant dominance of UDP traffic with negligible TCP, and packet rates fluctuate wildly between ~3,000-23,000 pkt/s, consistent with a Mirai bot flooding UDP packets to exhaust bandwidth. The TCP flag panel shows sparse, low-fraction flag activity (below 0.02), indicating TCP is incidental rather than the attack vector. CAPEC-486 (UDP Flood) matches this behavior, characteristic of Mirai-based IoT botnet UDP flood attacks.",1382,240,"CLASSIFICATION: Mirai-udpplain
REFERENCE_ID: CAPEC-486
JUSTIFICATION: The protocol mix panel shows near-constant dominance of UDP traffic with negligible TCP, and packet rates fluctuate wildly between ~3,000-23,000 pkt/s, consistent with a Mirai bot flooding UDP packets to exhaust bandwidth. The TCP flag panel shows sparse, low-fraction flag activity (below 0.02), indicating TCP is incidental rather than the attack vector. CAPEC-486 (UDP Flood) matches this behavior, characteristic of Mirai-based IoT botnet UDP flood attacks."
Mirai-udpplain_0000,Mirai-udpplain,rag_grounded,Mirai-udpplain,CAPEC-486,"The protocol mix panel shows traffic is overwhelmingly UDP throughout the entire capture, with negligible TCP presence. The high, bursty packet rates (often 5,000-23,000 pkt/s) combined with consistently large, uniform average packet sizes are characteristic of a UDP-based flooding attack. This matches the Mirai-udpplain pattern, which is a UDP Flood as described in CAPEC-486.",2667,192,"CLASSIFICATION: Mirai-udpplain
REFERENCE_ID: CAPEC-486
JUSTIFICATION: The protocol mix panel shows traffic is overwhelmingly UDP throughout the entire capture, with negligible TCP presence. The high, bursty packet rates (often 5,000-23,000 pkt/s) combined with consistently large, uniform average packet sizes are characteristic of a UDP-based flooding attack. This matches the Mirai-udpplain pattern, which is a UDP Flood as described in CAPEC-486."
Mirai-udpplain_0001,Mirai-udpplain,naive,Mirai-udpplain,CAPEC-486,"The traffic is overwhelmingly UDP (protocol mix panel near 100% UDP) with a fluctuating packet rate typical of botnet-generated flood traffic, and TCP flag activity is nearly absent aside from sporadic noise spikes. Consistent average packet size (~550 bytes) with low variance further matches Mirai's characteristic UDP plain flood behavior rather than a TCP-based attack. CAPEC-486 (UDP Flood) reflects this botnet-driven volumetric UDP flood pattern.",1343,227,"CLASSIFICATION: Mirai-udpplain
REFERENCE_ID: CAPEC-486
JUSTIFICATION: The traffic is overwhelmingly UDP (protocol mix panel near 100% UDP) with a fluctuating packet rate typical of botnet-generated flood traffic, and TCP flag activity is nearly absent aside from sporadic noise spikes. Consistent average packet size (~550 bytes) with low variance further matches Mirai's characteristic UDP plain flood behavior rather than a TCP-based attack. CAPEC-486 (UDP Flood) reflects this botnet-driven volumetric UDP flood pattern."
Mirai-udpplain_0001,Mirai-udpplain,cve_text_grounded,Mirai-udpplain,CAPEC-486,"The traffic is dominated almost entirely by UDP packets with a highly variable packet rate, consistent uniform average packet size (~550 bytes), and only sporadic, negligible TCP flag activity (fin/syn/rst/psh/ack near zero). This pattern matches the Mirai botnet's UDP flood (udpplain) attack module, which generates spoofed, high-rate UDP packets to overwhelm targets—captured generically under CAPEC-486 (UDP Flood).",1382,211,"CLASSIFICATION: Mirai-udpplain
REFERENCE_ID: CAPEC-486
JUSTIFICATION: The traffic is dominated almost entirely by UDP packets with a highly variable packet rate, consistent uniform average packet size (~550 bytes), and only sporadic, negligible TCP flag activity (fin/syn/rst/psh/ack near zero). This pattern matches the Mirai botnet's UDP flood (udpplain) attack module, which generates spoofed, high-rate UDP packets to overwhelm targets—captured generically under CAPEC-486 (UDP Flood)."
Mirai-udpplain_0001,Mirai-udpplain,rag_grounded,Mirai-udpplain,CAPEC-486,"The protocol mix panel shows nearly 100% UDP traffic throughout the capture, with high and variable packet rates (1000-13000 pkt/s) consistent with a volumetric flood. TCP flags are near-zero baseline with only sporadic spikes, indicating TCP is not the primary vector. This matches the UDP Flood pattern (CAPEC-486), consistent with Mirai's udpplain flooding module.",2667,190,"CLASSIFICATION: Mirai-udpplain
REFERENCE_ID: CAPEC-486
JUSTIFICATION: The protocol mix panel shows nearly 100% UDP traffic throughout the capture, with high and variable packet rates (1000-13000 pkt/s) consistent with a volumetric flood. TCP flags are near-zero baseline with only sporadic spikes, indicating TCP is not the primary vector. This matches the UDP Flood pattern (CAPEC-486), consistent with Mirai's udpplain flooding module."
Mirai-udpplain_0002,Mirai-udpplain,naive,Mirai-udpplain,CAPEC-486,"The protocol mix panel shows near-constant UDP dominance (~100%) with negligible TCP/HTTP presence, and the TCP flag panel shows only sporadic, low-fraction flag activity rather than structured handshake patterns, consistent with connectionless UDP flooding rather than TCP-based attacks. The high, bursty packet rate combined with fairly consistent large average packet sizes matches Mirai's udpplain flooding module behavior, which is a botnet-driven denial-of-service technique (CAPEC-486: UDP Flood).",1343,232,"CLASSIFICATION: Mirai-udpplain
REFERENCE_ID: CAPEC-486
JUSTIFICATION: The protocol mix panel shows near-constant UDP dominance (~100%) with negligible TCP/HTTP presence, and the TCP flag panel shows only sporadic, low-fraction flag activity rather than structured handshake patterns, consistent with connectionless UDP flooding rather than TCP-based attacks. The high, bursty packet rate combined with fairly consistent large average packet sizes matches Mirai's udpplain flooding module behavior, which is a botnet-driven denial-of-service technique (CAPEC-486: UDP Flood)."
Mirai-udpplain_0002,Mirai-udpplain,cve_text_grounded,Mirai-udpplain,CAPEC-486,"The protocol mix panel shows near-constant, overwhelming UDP dominance (~100%) with negligible TCP/HTTP presence, and the TCP flag panel shows only sporadic, low-fraction flag activity rather than structured handshake patterns. Combined with highly variable, bursty packet rates (spiking to 15000 pkt/s) and consistent average packet sizes typical of flooding payloads, this matches the Mirai botnet's UDP plain flood behavior (CAPEC-486: UDP Flood Denial of Service).",1382,229,"CLASSIFICATION: Mirai-udpplain
REFERENCE_ID: CAPEC-486
JUSTIFICATION: The protocol mix panel shows near-constant, overwhelming UDP dominance (~100%) with negligible TCP/HTTP presence, and the TCP flag panel shows only sporadic, low-fraction flag activity rather than structured handshake patterns. Combined with highly variable, bursty packet rates (spiking to 15000 pkt/s) and consistent average packet sizes typical of flooding payloads, this matches the Mirai botnet's UDP plain flood behavior (CAPEC-486: UDP Flood Denial of Service)."
Mirai-udpplain_0002,Mirai-udpplain,rag_grounded,Mirai-udpplain,CAPEC-486,"The protocol mix panel shows traffic is almost entirely UDP throughout all windows, with negligible TCP/HTTP/other protocols, and high variable packet rates (2000-15000 pkt/s). The TCP flag panel shows only sparse, low-fraction flag activity, consistent with noise rather than a real TCP-based attack. This matches a UDP flood pattern characteristic of Mirai's udpplain module, best represented by CAPEC-486.",2667,202,"CLASSIFICATION: Mirai-udpplain
REFERENCE_ID: CAPEC-486
JUSTIFICATION: The protocol mix panel shows traffic is almost entirely UDP throughout all windows, with negligible TCP/HTTP/other protocols, and high variable packet rates (2000-15000 pkt/s). The TCP flag panel shows only sparse, low-fraction flag activity, consistent with noise rather than a real TCP-based attack. This matches a UDP flood pattern characteristic of Mirai's udpplain module, best represented by CAPEC-486."
Mirai-udpplain_0003,Mirai-udpplain,naive,Mirai-udpplain,CAPEC-486,"The protocol mix panel shows near-constant UDP dominance (~99%) with negligible TCP, and the TCP flag panel shows essentially no SYN/ACK activity except brief anomalous spikes, consistent with a UDP flood rather than a TCP-based attack. The highly volatile packet rate with bursts up to ~13,000 pkt/s and stable average packet size (~500 bytes) matches Mirai's characteristic udpplain flooding behavior, which corresponds to CAPEC-486 (UDP Flood).",1343,226,"CLASSIFICATION: Mirai-udpplain
REFERENCE_ID: CAPEC-486
JUSTIFICATION: The protocol mix panel shows near-constant UDP dominance (~99%) with negligible TCP, and the TCP flag panel shows essentially no SYN/ACK activity except brief anomalous spikes, consistent with a UDP flood rather than a TCP-based attack. The highly volatile packet rate with bursts up to ~13,000 pkt/s and stable average packet size (~500 bytes) matches Mirai's characteristic udpplain flooding behavior, which corresponds to CAPEC-486 (UDP Flood)."
Mirai-udpplain_0003,Mirai-udpplain,cve_text_grounded,Mirai-udpplain,CAPEC-486,"The traffic shows highly volatile packet rates (2,500–13,000 pkt/s) dominated almost entirely by UDP protocol (green fill near 1.0) with negligible TCP flag activity, consistent with a UDP flood generated by Mirai-family botnet malware. The consistent average packet size (~550 bytes) with low variance and near-total UDP saturation is characteristic of Mirai's udpplain attack module, which sends fixed-size spoofed UDP packets to exhaust bandwidth. CAPEC-486 (UDP Flood) describes this exact denial-of-service technique used by Mirai variants.",1382,257,"CLASSIFICATION: Mirai-udpplain
REFERENCE_ID: CAPEC-486

JUSTIFICATION: The traffic shows highly volatile packet rates (2,500–13,000 pkt/s) dominated almost entirely by UDP protocol (green fill near 1.0) with negligible TCP flag activity, consistent with a UDP flood generated by Mirai-family botnet malware. The consistent average packet size (~550 bytes) with low variance and near-total UDP saturation is characteristic of Mirai's udpplain attack module, which sends fixed-size spoofed UDP packets to exhaust bandwidth. CAPEC-486 (UDP Flood) describes this exact denial-of-service technique used by Mirai variants."
Mirai-udpplain_0003,Mirai-udpplain,rag_grounded,Mirai-udpplain,CAPEC-486,"The protocol mix panel shows traffic is overwhelmingly UDP throughout all windows, with negligible TCP flag activity (only tiny transient blips in SYN/ACK fractions). Combined with the high, bursty packet rates (2,500–13,000 pkt/s) and consistent average packet sizes, this matches a UDP-based flooding pattern characteristic of Mirai's udpplain attack module, consistent with CAPEC-486 UDP Flood.",2667,205,"CLASSIFICATION: Mirai-udpplain
REFERENCE_ID: CAPEC-486
JUSTIFICATION: The protocol mix panel shows traffic is overwhelmingly UDP throughout all windows, with negligible TCP flag activity (only tiny transient blips in SYN/ACK fractions). Combined with the high, bursty packet rates (2,500–13,000 pkt/s) and consistent average packet sizes, this matches a UDP-based flooding pattern characteristic of Mirai's udpplain attack module, consistent with CAPEC-486 UDP Flood."
Mirai-udpplain_0004,Mirai-udpplain,naive,Mirai-udpplain,CAPEC-486,"The protocol mix panel shows near-constant UDP dominance (~100%) with negligible TCP/other protocols, and the TCP flag panel shows essentially zero flag activity except a brief negligible spike, indicating this is not a TCP-based flood. Combined with highly volatile packet rates (2k-15k pkt/s) and stable average packet size (~550 bytes) typical of Mirai's UDP flood payloads, this matches Mirai-udpplain behavior. CAPEC-486 (UDP Flood) captures this botnet-driven UDP flood pattern used for DDoS.",1343,246,"CLASSIFICATION: Mirai-udpplain
REFERENCE_ID: CAPEC-486
JUSTIFICATION: The protocol mix panel shows near-constant UDP dominance (~100%) with negligible TCP/other protocols, and the TCP flag panel shows essentially zero flag activity except a brief negligible spike, indicating this is not a TCP-based flood. Combined with highly volatile packet rates (2k-15k pkt/s) and stable average packet size (~550 bytes) typical of Mirai's UDP flood payloads, this matches Mirai-udpplain behavior. CAPEC-486 (UDP Flood) captures this botnet-driven UDP flood pattern used for DDoS."
Mirai-udpplain_0004,Mirai-udpplain,cve_text_grounded,Mirai-udpplain,CAPEC-486,"The traffic is overwhelmingly UDP (protocol mix panel near 100% green) with highly variable, bursty packet rates ranging from ~2,000 to 15,000 pkt/s, consistent with a Mirai-style UDP flood used for DDoS. TCP flag fractions are negligible throughout, ruling out TCP-based flood variants, and the near-constant average packet size (~550 bytes) with low variance reflects the fixed/padded payload typical of Mirai's udpplain attack module. CAPEC-486 (UDP Flood) describes this exact volumetric denial-of-service technique via spoofed/random UDP packets, which Mirai malware implements in its udpplain attack vector.",1382,283,"CLASSIFICATION: Mirai-udpplain
REFERENCE_ID: CAPEC-486

JUSTIFICATION: The traffic is overwhelmingly UDP (protocol mix panel near 100% green) with highly variable, bursty packet rates ranging from ~2,000 to 15,000 pkt/s, consistent with a Mirai-style UDP flood used for DDoS. TCP flag fractions are negligible throughout, ruling out TCP-based flood variants, and the near-constant average packet size (~550 bytes) with low variance reflects the fixed/padded payload typical of Mirai's udpplain attack module. CAPEC-486 (UDP Flood) describes this exact volumetric denial-of-service technique via spoofed/random UDP packets, which Mirai malware implements in its udpplain attack vector."
Mirai-udpplain_0004,Mirai-udpplain,rag_grounded,Mirai-udpplain,CAPEC-486,"The protocol mix panel shows traffic is overwhelmingly UDP throughout the capture, with negligible TCP flag activity (brief, isolated SYN/ACK blips near windows 8-11 are noise, not sustained handshake behavior). Combined with high, bursty packet rates (2k-15k pkt/s) and consistent average packet size (~550 bytes) typical of spoofed, connectionless flooding, this matches a UDP flood pattern consistent with Mirai's udpplain module.",2667,215,"CLASSIFICATION: Mirai-udpplain
REFERENCE_ID: CAPEC-486
JUSTIFICATION: The protocol mix panel shows traffic is overwhelmingly UDP throughout the capture, with negligible TCP flag activity (brief, isolated SYN/ACK blips near windows 8-11 are noise, not sustained handshake behavior). Combined with high, bursty packet rates (2k-15k pkt/s) and consistent average packet size (~550 bytes) typical of spoofed, connectionless flooding, this matches a UDP flood pattern consistent with Mirai's udpplain module."
Benign_Final_0000,Benign_Final,naive,Benign_Final,,"The traffic shows highly variable packet rates with mostly low baseline values and only sporadic spikes, consistent with normal, bursty IoT application behavior rather than a sustained flood. The TCP flag mix shows a mostly ACK-dominant pattern with PSH flags fluctuating (typical of established sessions exchanging data) rather than the SYN-flood or single-flag saturation patterns seen in DDoS attacks. The protocol mix is diverse (TCP/UDP/HTTP/HTTPS/DNS/ICMP) and packet sizes vary widely with no fixed small-packet pattern, indicating legitimate, heterogeneous application traffic rather than the fixed-length flood packets characteristic of Mirai-udpplain or DDoS-SynonymousIP_Flood/TCP_Flood attacks.",1367,320,"CLASSIFICATION: Benign_Final
REFERENCE_ID: N/A
JUSTIFICATION: The traffic shows highly variable packet rates with mostly low baseline values and only sporadic spikes, consistent with normal, bursty IoT application behavior rather than a sustained flood. The TCP flag mix shows a mostly ACK-dominant pattern with PSH flags fluctuating (typical of established sessions exchanging data) rather than the SYN-flood or single-flag saturation patterns seen in DDoS attacks. The protocol mix is diverse (TCP/UDP/HTTP/HTTPS/DNS/ICMP) and packet sizes vary widely with no fixed small-packet pattern, indicating legitimate, heterogeneous application traffic rather than the fixed-length flood packets characteristic of Mirai-udpplain or DDoS-SynonymousIP_Flood/TCP_Flood attacks."
Benign_Final_0000,Benign_Final,cve_text_grounded,Benign_Final,,"The traffic shows variable packet rates with only one brief spike, a mixed protocol composition (TCP/UDP/HTTP/HTTPS/ICMP/DNS), diverse TCP flag usage (fin, syn, ack, psh) rather than a single dominant flag, and fluctuating packet sizes typical of normal application behavior. This heterogeneity and lack of sustained flooding or single-protocol dominance is consistent with benign traffic rather than a DoS/DDoS or botnet attack pattern.",1406,214,"CLASSIFICATION: Benign_Final
REFERENCE_ID: N/A
JUSTIFICATION: The traffic shows variable packet rates with only one brief spike, a mixed protocol composition (TCP/UDP/HTTP/HTTPS/ICMP/DNS), diverse TCP flag usage (fin, syn, ack, psh) rather than a single dominant flag, and fluctuating packet sizes typical of normal application behavior. This heterogeneity and lack of sustained flooding or single-protocol dominance is consistent with benign traffic rather than a DoS/DDoS or botnet attack pattern."
Benign_Final_0000,Benign_Final,rag_grounded,Benign_Final,,"The traffic shows mostly low, variable packet rates with a single transient spike, mixed TCP flags (ack-dominant with occasional syn/fin/psh), a diverse and stable protocol mix (TCP/UDP/HTTP/HTTPS/ICMP/DNS coexisting), and fluctuating packet sizes typical of normal application behavior rather than a sustained flood signature. No consistent flood, scan, or exploit pattern matching any listed CAPEC is evident.",2691,204,"CLASSIFICATION: Benign_Final
REFERENCE_ID: N/A
JUSTIFICATION: The traffic shows mostly low, variable packet rates with a single transient spike, mixed TCP flags (ack-dominant with occasional syn/fin/psh), a diverse and stable protocol mix (TCP/UDP/HTTP/HTTPS/ICMP/DNS coexisting), and fluctuating packet sizes typical of normal application behavior rather than a sustained flood signature. No consistent flood, scan, or exploit pattern matching any listed CAPEC is evident."
Benign_Final_0001,Benign_Final,naive,Benign_Final,,"The traffic shows variable, non-flooding packet rates (20-200 pkt/s) with fluctuating values rather than sustained high volume typical of attacks. The protocol mix shows a healthy diverse blend of TCP, UDP, HTTP, HTTPS, ICMP, and DNS traffic with varying TCP flags (fin, syn, ack, psh) consistent with normal application behavior, and packet sizes remain mostly stable aside from one transient spike, indicating legitimate mixed-use network activity rather than a coordinated attack pattern.",1367,227,"CLASSIFICATION: Benign_Final
REFERENCE_ID: N/A
JUSTIFICATION: The traffic shows variable, non-flooding packet rates (20-200 pkt/s) with fluctuating values rather than sustained high volume typical of attacks. The protocol mix shows a healthy diverse blend of TCP, UDP, HTTP, HTTPS, ICMP, and DNS traffic with varying TCP flags (fin, syn, ack, psh) consistent with normal application behavior, and packet sizes remain mostly stable aside from one transient spike, indicating legitimate mixed-use network activity rather than a coordinated attack pattern."
Benign_Final_0001,Benign_Final,cve_text_grounded,Benign_Final,,"The traffic shows variable, moderate packet rates (20-200 pkt/s) without sustained flooding, a diverse and fluctuating protocol mix (TCP/UDP/HTTP/HTTPS/ICMP/DNS) typical of normal application usage, and mixed TCP flag ratios (SYN/ACK/PSH/FIN) consistent with legitimate connection establishment and teardown rather than single-flag flooding. Packet size statistics are stable except for one brief spike, which is normal variance rather than an attack signature.",1406,221,"CLASSIFICATION: Benign_Final
REFERENCE_ID: N/A
JUSTIFICATION: The traffic shows variable, moderate packet rates (20-200 pkt/s) without sustained flooding, a diverse and fluctuating protocol mix (TCP/UDP/HTTP/HTTPS/ICMP/DNS) typical of normal application usage, and mixed TCP flag ratios (SYN/ACK/PSH/FIN) consistent with legitimate connection establishment and teardown rather than single-flag flooding. Packet size statistics are stable except for one brief spike, which is normal variance rather than an attack signature."
Benign_Final_0001,Benign_Final,rag_grounded,Benign_Final,,"The traffic shows variable, moderate packet rates (20-200 pkt/s) without sustained volumetric flooding, a diverse and fluctuating protocol mix (TCP/UDP/HTTP/HTTPS/ICMP/DNS) typical of normal mixed application traffic, and TCP flags dominated by ACK/PSH rather than SYN-flood patterns. Packet size and standard deviation remain mostly stable aside from one brief spike, consistent with legitimate variable-content traffic rather than an attack signature.",2691,219,"CLASSIFICATION: Benign_Final
REFERENCE_ID: N/A
JUSTIFICATION: The traffic shows variable, moderate packet rates (20-200 pkt/s) without sustained volumetric flooding, a diverse and fluctuating protocol mix (TCP/UDP/HTTP/HTTPS/ICMP/DNS) typical of normal mixed application traffic, and TCP flags dominated by ACK/PSH rather than SYN-flood patterns. Packet size and standard deviation remain mostly stable aside from one brief spike, consistent with legitimate variable-content traffic rather than an attack signature."
Benign_Final_0002,Benign_Final,naive,Benign_Final,,"The traffic shows low, variable packet rates (mostly under 250 pkt/s with a late benign spike), a mixed TCP flag profile dominated by ACK/PSH typical of normal session traffic, a diverse protocol mix (TCP, UDP, HTTP, HTTPS, DNS, ICMP) rather than a single dominant protocol, and fluctuating packet sizes/std consistent with varied application traffic rather than a flood. These characteristics match normal, heterogeneous IoT network behavior rather than a volumetric or protocol-specific attack pattern.",1367,233,"CLASSIFICATION: Benign_Final
REFERENCE_ID: N/A
JUSTIFICATION: The traffic shows low, variable packet rates (mostly under 250 pkt/s with a late benign spike), a mixed TCP flag profile dominated by ACK/PSH typical of normal session traffic, a diverse protocol mix (TCP, UDP, HTTP, HTTPS, DNS, ICMP) rather than a single dominant protocol, and fluctuating packet sizes/std consistent with varied application traffic rather than a flood. These characteristics match normal, heterogeneous IoT network behavior rather than a volumetric or protocol-specific attack pattern."
Benign_Final_0002,Benign_Final,cve_text_grounded,Benign_Final,,"The traffic shows variable, moderate packet rates with fluctuating spikes rather than a sustained flood, and a diverse protocol mix (TCP, UDP, HTTP, HTTPS, ICMP, DNS) consistent with normal mixed application usage. TCP flags show varied ACK/PSH ratios typical of legitimate session establishment and data transfer rather than SYN-flood or fixed-flag attack patterns. Packet size and rate variability correlate naturally, indicating organic, non-automated traffic generation.",1406,218,"CLASSIFICATION: Benign_Final
REFERENCE_ID: N/A
JUSTIFICATION: The traffic shows variable, moderate packet rates with fluctuating spikes rather than a sustained flood, and a diverse protocol mix (TCP, UDP, HTTP, HTTPS, ICMP, DNS) consistent with normal mixed application usage. TCP flags show varied ACK/PSH ratios typical of legitimate session establishment and data transfer rather than SYN-flood or fixed-flag attack patterns. Packet size and rate variability correlate naturally, indicating organic, non-automated traffic generation."
Benign_Final_0002,Benign_Final,rag_grounded,Benign_Final,,"The traffic shows varied protocol mix (TCP, UDP, HTTP, HTTPS, DNS) with fluctuating flag compositions dominated by ACK/PSH rather than SYN floods, and packet rate/size show natural variability without sustained flood-level spikes. This pattern is consistent with normal mixed application traffic rather than any single attack signature, so no CAPEC reference applies.",2691,175,"CLASSIFICATION: Benign_Final
REFERENCE_ID: N/A
JUSTIFICATION: The traffic shows varied protocol mix (TCP, UDP, HTTP, HTTPS, DNS) with fluctuating flag compositions dominated by ACK/PSH rather than SYN floods, and packet rate/size show natural variability without sustained flood-level spikes. This pattern is consistent with normal mixed application traffic rather than any single attack signature, so no CAPEC reference applies."
Benign_Final_0003,Benign_Final,naive,Benign_Final,,"The traffic shows variable, moderate packet rates without sustained flooding, a diverse and mixed protocol composition (TCP/UDP/HTTP/HTTPS/DNS) rather than a single dominant protocol, and TCP flags dominated by ACK/PSH consistent with normal session behavior rather than SYN or RST floods. Packet size variability and irregular bursts also align with typical benign IoT application traffic rather than a scripted attack pattern.",1367,195,"CLASSIFICATION: Benign_Final
REFERENCE_ID: N/A
JUSTIFICATION: The traffic shows variable, moderate packet rates without sustained flooding, a diverse and mixed protocol composition (TCP/UDP/HTTP/HTTPS/DNS) rather than a single dominant protocol, and TCP flags dominated by ACK/PSH consistent with normal session behavior rather than SYN or RST floods. Packet size variability and irregular bursts also align with typical benign IoT application traffic rather than a scripted attack pattern."
Benign_Final_0003,Benign_Final,cve_text_grounded,Benign_Final,,"The traffic shows irregular, bursty packet rates without sustained flooding, a diverse and mixed protocol distribution (TCP, UDP, HTTP, HTTPS, DNS) typical of normal application behavior, and TCP flag patterns dominated by ACK/PSH with no abnormal SYN floods or single-flag dominance. Packet size variability also fluctuates naturally rather than showing the uniform small-packet signature typical of flooding attacks, consistent with benign, varied network activity.",1406,209,"CLASSIFICATION: Benign_Final
REFERENCE_ID: N/A

JUSTIFICATION: The traffic shows irregular, bursty packet rates without sustained flooding, a diverse and mixed protocol distribution (TCP, UDP, HTTP, HTTPS, DNS) typical of normal application behavior, and TCP flag patterns dominated by ACK/PSH with no abnormal SYN floods or single-flag dominance. Packet size variability also fluctuates naturally rather than showing the uniform small-packet signature typical of flooding attacks, consistent with benign, varied network activity."
Benign_Final_0003,Benign_Final,rag_grounded,Benign_Final,,"The traffic shows variable, moderate packet rates with no sustained flood pattern, a diverse and shifting protocol mix (TCP/UDP/HTTP/HTTPS/DNS), and fluctuating TCP flag ratios (ACK/PSH dominant, minimal SYN) consistent with normal session-based communication rather than an attack signature. Packet size statistics also vary organically without the uniform, repetitive signature typical of flooding tools. This matches benign IoT network behavior, so no attack CAPEC applies.",2691,218,"CLASSIFICATION: Benign_Final
REFERENCE_ID: N/A
JUSTIFICATION: The traffic shows variable, moderate packet rates with no sustained flood pattern, a diverse and shifting protocol mix (TCP/UDP/HTTP/HTTPS/DNS), and fluctuating TCP flag ratios (ACK/PSH dominant, minimal SYN) consistent with normal session-based communication rather than an attack signature. Packet size statistics also vary organically without the uniform, repetitive signature typical of flooding tools. This matches benign IoT network behavior, so no attack CAPEC applies."
Benign_Final_0004,Benign_Final,naive,Benign_Final,,"The traffic shows a brief initial spike followed by a rapid decay to low, variable packet rates (<200 pkt/s), consistent with a normal session burst rather than sustained flooding. TCP flags show diverse, mixed fin/syn/psh/ack ratios (not fixed patterns typical of attack tools), and the protocol mix includes a healthy blend of TCP, UDP, HTTP/HTTPS, and DNS traffic. Packet size and std also vary naturally with large transfers early on, matching normal application behavior rather than uniform flood packets.",1367,229,"CLASSIFICATION: Benign_Final
REFERENCE_ID: N/A
JUSTIFICATION: The traffic shows a brief initial spike followed by a rapid decay to low, variable packet rates (<200 pkt/s), consistent with a normal session burst rather than sustained flooding. TCP flags show diverse, mixed fin/syn/psh/ack ratios (not fixed patterns typical of attack tools), and the protocol mix includes a healthy blend of TCP, UDP, HTTP/HTTPS, and DNS traffic. Packet size and std also vary naturally with large transfers early on, matching normal application behavior rather than uniform flood packets."
Benign_Final_0004,Benign_Final,cve_text_grounded,Benign_Final,,"The traffic shows a natural, varied rate profile with an initial burst decaying to low steady-state levels typical of normal session activity. TCP flags show realistic mixes of ACK/PSH with occasional SYN/FIN, consistent with legitimate connection setup/teardown rather than flood patterns. Protocol mix includes diverse HTTP/HTTPS/DNS/UDP/TCP traffic and packet sizes vary naturally, indicating normal application behavior rather than attack traffic.",1406,208,"CLASSIFICATION: Benign_Final
REFERENCE_ID: N/A
JUSTIFICATION: The traffic shows a natural, varied rate profile with an initial burst decaying to low steady-state levels typical of normal session activity. TCP flags show realistic mixes of ACK/PSH with occasional SYN/FIN, consistent with legitimate connection setup/teardown rather than flood patterns. Protocol mix includes diverse HTTP/HTTPS/DNS/UDP/TCP traffic and packet sizes vary naturally, indicating normal application behavior rather than attack traffic."
Benign_Final_0004,Benign_Final,rag_grounded,Benign_Final,,"The traffic shows a brief initial burst followed by low, variable packet rates, a mixed protocol composition (TCP/UDP/HTTP/HTTPS/DNS/ICMP) rather than a single dominant protocol, and diverse TCP flag usage (SYN, ACK, PSH, FIN) consistent with normal session establishment and teardown. This variability and lack of sustained volumetric flooding or single-protocol dominance indicates benign, everyday IoT traffic rather than any specific attack pattern.",2691,214,"CLASSIFICATION: Benign_Final
REFERENCE_ID: N/A
JUSTIFICATION: The traffic shows a brief initial burst followed by low, variable packet rates, a mixed protocol composition (TCP/UDP/HTTP/HTTPS/DNS/ICMP) rather than a single dominant protocol, and diverse TCP flag usage (SYN, ACK, PSH, FIN) consistent with normal session establishment and teardown. This variability and lack of sustained volumetric flooding or single-protocol dominance indicates benign, everyday IoT traffic rather than any specific attack pattern."
DDoS-SynonymousIP_Flood_0000,DDoS-SynonymousIP_Flood,naive,DDoS-SynonymousIP_Flood,CAPEC-488,"Traffic shows highly volatile packet rates (5k-55k pkt/s) with near-100% SYN flag fraction, minimal ACK/FIN/RST presence, and pure TCP protocol mix with small uniform packet sizes (~60 bytes). This pattern is consistent with a SYN-based flood using spoofed/synonymous IP addresses to exhaust connection resources, matching CAPEC-488 (HTTP/TCP Flood via spoofed source addresses).",1367,217,"CLASSIFICATION: DDoS-SynonymousIP_Flood
REFERENCE_ID: CAPEC-488
JUSTIFICATION: Traffic shows highly volatile packet rates (5k-55k pkt/s) with near-100% SYN flag fraction, minimal ACK/FIN/RST presence, and pure TCP protocol mix with small uniform packet sizes (~60 bytes). This pattern is consistent with a SYN-based flood using spoofed/synonymous IP addresses to exhaust connection resources, matching CAPEC-488 (HTTP/TCP Flood via spoofed source addresses)."
DDoS-SynonymousIP_Flood_0000,DDoS-SynonymousIP_Flood,cve_text_grounded,DDoS-SynonymousIP_Flood,CAPEC-125,"The traffic exhibits highly volatile packet rates (5k-55k pkt/s) with nearly pure TCP protocol (100%) and SYN flag dominance (~1.0 fraction) with minimal ACK/FIN/RST, indicating a SYN-based flood using spoofed/synonymous source IPs. Packet sizes are small and uniform (~60 bytes), consistent with minimal SYN packets used to exhaust connection resources. CAPEC-125 (Flooding) covers this resource-exhaustion attack pattern via high-volume spoofed connection requests.",1406,249,"CLASSIFICATION: DDoS-SynonymousIP_Flood
REFERENCE_ID: CAPEC-125

JUSTIFICATION: The traffic exhibits highly volatile packet rates (5k-55k pkt/s) with nearly pure TCP protocol (100%) and SYN flag dominance (~1.0 fraction) with minimal ACK/FIN/RST, indicating a SYN-based flood using spoofed/synonymous source IPs. Packet sizes are small and uniform (~60 bytes), consistent with minimal SYN packets used to exhaust connection resources. CAPEC-125 (Flooding) covers this resource-exhaustion attack pattern via high-volume spoofed connection requests."
DDoS-SynonymousIP_Flood_0000,DDoS-SynonymousIP_Flood,rag_grounded,DDoS-SynonymousIP_Flood,CAPEC-482,"The traffic shows a sustained high-volume packet rate (10,000-50,000+ pkt/s) composed almost entirely of TCP protocol with SYN flag fraction near 1.0 throughout, indicating a SYN-based TCP flood. The consistent small average packet size (~60 bytes) with low variance is typical of spoofed synonymous-IP SYN flood traffic designed to exhaust connection state on the target.",2691,197,"CLASSIFICATION: DDoS-SynonymousIP_Flood
REFERENCE_ID: CAPEC-482
JUSTIFICATION: The traffic shows a sustained high-volume packet rate (10,000-50,000+ pkt/s) composed almost entirely of TCP protocol with SYN flag fraction near 1.0 throughout, indicating a SYN-based TCP flood. The consistent small average packet size (~60 bytes) with low variance is typical of spoofed synonymous-IP SYN flood traffic designed to exhaust connection state on the target."
DDoS-SynonymousIP_Flood_0001,DDoS-SynonymousIP_Flood,naive,DDoS-SynonymousIP_Flood,CAPEC-125,"The traffic shows highly volatile packet rates (10k-60k pkt/s), near-100% SYN flag dominance with almost no other TCP flags, and an essentially pure TCP protocol mix with uniform small packet sizes. This matches a SYN-based flood pattern using spoofed/synonymous source IPs to exhaust connection resources, consistent with CAPEC-125 (Flooding attacks).",1367,192,"CLASSIFICATION: DDoS-SynonymousIP_Flood
REFERENCE_ID: CAPEC-125
JUSTIFICATION: The traffic shows highly volatile packet rates (10k-60k pkt/s), near-100% SYN flag dominance with almost no other TCP flags, and an essentially pure TCP protocol mix with uniform small packet sizes. This matches a SYN-based flood pattern using spoofed/synonymous source IPs to exhaust connection resources, consistent with CAPEC-125 (Flooding attacks)."
DDoS-SynonymousIP_Flood_0001,DDoS-SynonymousIP_Flood,cve_text_grounded,DDoS-SynonymousIP_Flood,CAPEC-125,"The traffic shows near-100% SYN flag dominance with almost pure TCP protocol composition and highly variable, elevated packet rates (15k-60k pkt/s), consistent with a SYN-based flood attack using spoofed/synonymous source IPs. The uniform small average packet size (~60 bytes) with low standard deviation further indicates automated, scripted flood traffic rather than organic communication. CAPEC-125 (Flooding) captures this resource-exhaustion technique via high-volume spoofed connection requests.",1406,230,"CLASSIFICATION: DDoS-SynonymousIP_Flood
REFERENCE_ID: CAPEC-125
JUSTIFICATION: The traffic shows near-100% SYN flag dominance with almost pure TCP protocol composition and highly variable, elevated packet rates (15k-60k pkt/s), consistent with a SYN-based flood attack using spoofed/synonymous source IPs. The uniform small average packet size (~60 bytes) with low standard deviation further indicates automated, scripted flood traffic rather than organic communication. CAPEC-125 (Flooding) captures this resource-exhaustion technique via high-volume spoofed connection requests."
DDoS-SynonymousIP_Flood_0001,DDoS-SynonymousIP_Flood,rag_grounded,DDoS-SynonymousIP_Flood,CAPEC-482,"The traffic shows extremely high, volatile packet rates with nearly 100% TCP protocol usage and SYN flags dominating the flag composition (near 1.0 fraction), consistent with a TCP-based flooding attack. Packet sizes remain small and uniform (~60 bytes), typical of spoofed SYN packets used to exhaust connection state on the target. This matches the SynonymousIP_Flood pattern where source IPs are spoofed/synonymous across a SYN-flood-style TCP attack.",2691,226,"CLASSIFICATION: DDoS-SynonymousIP_Flood
REFERENCE_ID: CAPEC-482
JUSTIFICATION: The traffic shows extremely high, volatile packet rates with nearly 100% TCP protocol usage and SYN flags dominating the flag composition (near 1.0 fraction), consistent with a TCP-based flooding attack. Packet sizes remain small and uniform (~60 bytes), typical of spoofed SYN packets used to exhaust connection state on the target. This matches the SynonymousIP_Flood pattern where source IPs are spoofed/synonymous across a SYN-flood-style TCP attack."
DDoS-SynonymousIP_Flood_0002,DDoS-SynonymousIP_Flood,naive,DDoS-SynonymousIP_Flood,CAPEC-488,"Traffic is almost entirely TCP with SYN flag fraction near 1.0 throughout, and packet rate spikes sharply and irregularly (up to 100k+ pkt/s) while average packet size stays constant near ~60 bytes, consistent with spoofed-source SYN floods characteristic of SynonymousIP flooding. The minimal presence of other flags (ACK, PSH, RST) and lack of protocol diversity further supports a volumetric SYN-based flood rather than a legitimate handshake pattern.",1367,230,"CLASSIFICATION: DDoS-SynonymousIP_Flood
REFERENCE_ID: CAPEC-488
JUSTIFICATION: Traffic is almost entirely TCP with SYN flag fraction near 1.0 throughout, and packet rate spikes sharply and irregularly (up to 100k+ pkt/s) while average packet size stays constant near ~60 bytes, consistent with spoofed-source SYN floods characteristic of SynonymousIP flooding. The minimal presence of other flags (ACK, PSH, RST) and lack of protocol diversity further supports a volumetric SYN-based flood rather than a legitimate handshake pattern."
DDoS-SynonymousIP_Flood_0002,DDoS-SynonymousIP_Flood,cve_text_grounded,DDoS-SynonymousIP_Flood,CAPEC-486,"The traffic shows near-100% SYN flag fraction with almost pure TCP protocol mix, consistent uniform small packet sizes (~60 bytes), and sharp bursty rate spikes—hallmarks of a spoofed-source SYN flood where synonymous (randomized/spoofed) source IPs are used to overwhelm the target. CAPEC-486 (UDP/TCP flood via spoofed source addresses) captures this technique of flooding with obscured origin IPs.",1406,217,"CLASSIFICATION: DDoS-SynonymousIP_Flood
REFERENCE_ID: CAPEC-486
JUSTIFICATION: The traffic shows near-100% SYN flag fraction with almost pure TCP protocol mix, consistent uniform small packet sizes (~60 bytes), and sharp bursty rate spikes—hallmarks of a spoofed-source SYN flood where synonymous (randomized/spoofed) source IPs are used to overwhelm the target. CAPEC-486 (UDP/TCP flood via spoofed source addresses) captures this technique of flooding with obscured origin IPs."
DDoS-SynonymousIP_Flood_0002,DDoS-SynonymousIP_Flood,rag_grounded,DDoS-SynonymousIP_Flood,CAPEC-482,"The traffic shows highly volatile packet rates with sharp spikes, near-100% SYN flag fraction with minor PSH/ACK, and an almost pure TCP protocol mix throughout all windows. This pattern is consistent with a TCP-based flood exploiting connection-state handling (SYN flood behavior), which CAPEC-482 explicitly covers as its primary example of TCP flooding.",2691,189,"CLASSIFICATION: DDoS-SynonymousIP_Flood
REFERENCE_ID: CAPEC-482
JUSTIFICATION: The traffic shows highly volatile packet rates with sharp spikes, near-100% SYN flag fraction with minor PSH/ACK, and an almost pure TCP protocol mix throughout all windows. This pattern is consistent with a TCP-based flood exploiting connection-state handling (SYN flood behavior), which CAPEC-482 explicitly covers as its primary example of TCP flooding."
DDoS-SynonymousIP_Flood_0003,DDoS-SynonymousIP_Flood,naive,DDoS-SynonymousIP_Flood,CAPEC-486,"The traffic shows highly variable, bursty packet rates (spikes up to 90k pkt/s) composed almost entirely of TCP packets with PSH flag dominance and near-constant small packet sizes (~60 bytes), consistent with a spoofed-source flood pattern. This matches the SynonymousIP_Flood pattern in CIC-IoT-2023, where source IPs are randomized/synonymous to evade filtering, aligning with CAPEC-486 (UDP/TCP Flooding via spoofed or synonymous IP sources).",1367,238,"CLASSIFICATION: DDoS-SynonymousIP_Flood
REFERENCE_ID: CAPEC-486
JUSTIFICATION: The traffic shows highly variable, bursty packet rates (spikes up to 90k pkt/s) composed almost entirely of TCP packets with PSH flag dominance and near-constant small packet sizes (~60 bytes), consistent with a spoofed-source flood pattern. This matches the SynonymousIP_Flood pattern in CIC-IoT-2023, where source IPs are randomized/synonymous to evade filtering, aligning with CAPEC-486 (UDP/TCP Flooding via spoofed or synonymous IP sources)."
DDoS-SynonymousIP_Flood_0003,DDoS-SynonymousIP_Flood,cve_text_grounded,DDoS-SynonymousIP_Flood,CAPEC-125,"The traffic shows highly volatile packet rate spikes (up to ~90000 pkt/s) with an overwhelming TCP protocol mix and near-constant SYN flag fraction near 1.0, indicating a flood of TCP SYN packets typical of a spoofed-source (synonymous IP) flood. Small, uniform packet sizes (~60 bytes) with occasional std spikes suggest automated packet generation with randomized source IPs, consistent with CAPEC-125 (Flooding) via IP spoofing to exhaust target resources.",1406,238,"CLASSIFICATION: DDoS-SynonymousIP_Flood
REFERENCE_ID: CAPEC-125

JUSTIFICATION: The traffic shows highly volatile packet rate spikes (up to ~90000 pkt/s) with an overwhelming TCP protocol mix and near-constant SYN flag fraction near 1.0, indicating a flood of TCP SYN packets typical of a spoofed-source (synonymous IP) flood. Small, uniform packet sizes (~60 bytes) with occasional std spikes suggest automated packet generation with randomized source IPs, consistent with CAPEC-125 (Flooding) via IP spoofing to exhaust target resources."
DDoS-SynonymousIP_Flood_0003,DDoS-SynonymousIP_Flood,rag_grounded,DDoS-SynonymousIP_Flood,CAPEC-482,"The traffic shows highly volatile packet rates with sharp spikes, near-100% TCP protocol usage, and PSH+SYN flag dominance with almost no ACK/FIN/RST completion, indicating incomplete TCP handshakes typical of a spoofed-source TCP-based flood. Packet sizes remain small and uniform, consistent with flood packets rather than legitimate application traffic. This matches the TCP flooding behavior described in CAPEC-482.",2691,212,"CLASSIFICATION: DDoS-SynonymousIP_Flood
REFERENCE_ID: CAPEC-482
JUSTIFICATION: The traffic shows highly volatile packet rates with sharp spikes, near-100% TCP protocol usage, and PSH+SYN flag dominance with almost no ACK/FIN/RST completion, indicating incomplete TCP handshakes typical of a spoofed-source TCP-based flood. Packet sizes remain small and uniform, consistent with flood packets rather than legitimate application traffic. This matches the TCP flooding behavior described in CAPEC-482."
DDoS-SynonymousIP_Flood_0004,DDoS-SynonymousIP_Flood,naive,DDoS-SynonymousIP_Flood,CAPEC-486,"The traffic shows highly variable packet rates (10k-68k pkt/s) with nearly pure TCP protocol mix dominated by SYN flags (~1.0 fraction) and negligible ACK/FIN/RST, consistent with spoofed-source SYN flood behavior characteristic of SynonymousIP flooding. Packet size remains flat (~60 bytes) with almost no variance except a brief spike, indicating uniform small crafted packets typical of this attack rather than organic application traffic. CAPEC-486 (UDP/TCP flood via spoofed source addresses) aligns with the synonymous/spoofed-IP flood pattern seen here.",1367,276,"CLASSIFICATION: DDoS-SynonymousIP_Flood
REFERENCE_ID: CAPEC-486
JUSTIFICATION: The traffic shows highly variable packet rates (10k-68k pkt/s) with nearly pure TCP protocol mix dominated by SYN flags (~1.0 fraction) and negligible ACK/FIN/RST, consistent with spoofed-source SYN flood behavior characteristic of SynonymousIP flooding. Packet size remains flat (~60 bytes) with almost no variance except a brief spike, indicating uniform small crafted packets typical of this attack rather than organic application traffic. CAPEC-486 (UDP/TCP flood via spoofed source addresses) aligns with the synonymous/spoofed-IP flood pattern seen here."
DDoS-SynonymousIP_Flood_0004,DDoS-SynonymousIP_Flood,cve_text_grounded,DDoS-SynonymousIP_Flood,CAPEC-125,"The traffic shows highly fluctuating packet rates (10k-68k pkt/s), near-100% SYN flag dominance with almost no ACK/FIN/RST, exclusively TCP protocol, and a constant tiny average packet size (~60 bytes) — all hallmarks of a spoofed-source SYN flood where synonymous (randomized/spoofed) IPs send minimal SYN packets to exhaust connection resources. This matches CAPEC-125 (Flooding) via TCP SYN flood behavior rather than legitimate application traffic.",1406,241,"CLASSIFICATION: DDoS-SynonymousIP_Flood
REFERENCE_ID: CAPEC-125
JUSTIFICATION: The traffic shows highly fluctuating packet rates (10k-68k pkt/s), near-100% SYN flag dominance with almost no ACK/FIN/RST, exclusively TCP protocol, and a constant tiny average packet size (~60 bytes) — all hallmarks of a spoofed-source SYN flood where synonymous (randomized/spoofed) IPs send minimal SYN packets to exhaust connection resources. This matches CAPEC-125 (Flooding) via TCP SYN flood behavior rather than legitimate application traffic."
DDoS-SynonymousIP_Flood_0004,DDoS-SynonymousIP_Flood,rag_grounded,DDoS-SynonymousIP_Flood,CAPEC-482,"The traffic shows a near-pure TCP protocol mix with an overwhelming SYN flag fraction (~1.0) and negligible ACK/FIN/RST, indicative of a SYN-based flood exploiting TCP connection-state handling. Packet rate is highly volatile with bursts up to ~65,000 pkt/s, consistent with flooding behavior, while packet size remains uniformly small (~60 bytes), typical of spoofed SYN packets lacking payload.",2691,215,"CLASSIFICATION: DDoS-SynonymousIP_Flood
REFERENCE_ID: CAPEC-482
JUSTIFICATION: The traffic shows a near-pure TCP protocol mix with an overwhelming SYN flag fraction (~1.0) and negligible ACK/FIN/RST, indicative of a SYN-based flood exploiting TCP connection-state handling. Packet rate is highly volatile with bursts up to ~65,000 pkt/s, consistent with flooding behavior, while packet size remains uniformly small (~60 bytes), typical of spoofed SYN packets lacking payload."
DictionaryBruteForce_0000,DictionaryBruteForce,naive,DictionaryBruteForce,CAPEC-16,"The traffic shows periodic rate spikes correlating with HTTP/HTTPS-dominant protocol mix and high ACK/PSH flag fractions with minimal SYN activity, consistent with repeated authenticated application-layer connection attempts rather than a volumetric flood. The bursty packet size pattern (large average/std spikes at login attempts) further supports credential-guessing behavior over TCP/HTTP sessions, matching CAPEC-16 (Dictionary-based Password Attack).",1378,216,"CLASSIFICATION: DictionaryBruteForce
REFERENCE_ID: CAPEC-16
JUSTIFICATION: The traffic shows periodic rate spikes correlating with HTTP/HTTPS-dominant protocol mix and high ACK/PSH flag fractions with minimal SYN activity, consistent with repeated authenticated application-layer connection attempts rather than a volumetric flood. The bursty packet size pattern (large average/std spikes at login attempts) further supports credential-guessing behavior over TCP/HTTP sessions, matching CAPEC-16 (Dictionary-based Password Attack)."
DictionaryBruteForce_0000,DictionaryBruteForce,cve_text_grounded,DictionaryBruteForce,CAPEC-49,"The traffic shows repeated bursts of moderate-rate TCP traffic dominated by HTTP/HTTPS protocols with PSH+ACK flag combinations, consistent with repeated authentication attempts against a login service. The periodic spikes in rate and packet size correlate with successive credential guessing attempts, characteristic of a dictionary-based password guessing attack (CAPEC-49: Password Brute Forcing).",1417,191,"CLASSIFICATION: DictionaryBruteForce
REFERENCE_ID: CAPEC-49
JUSTIFICATION: The traffic shows repeated bursts of moderate-rate TCP traffic dominated by HTTP/HTTPS protocols with PSH+ACK flag combinations, consistent with repeated authentication attempts against a login service. The periodic spikes in rate and packet size correlate with successive credential guessing attempts, characteristic of a dictionary-based password guessing attack (CAPEC-49: Password Brute Forcing)."
DictionaryBruteForce_0000,DictionaryBruteForce,rag_grounded,DictionaryBruteForce,CAPEC-112,"The traffic shows repeated bursts of moderate-rate packet spikes with dominant PSH/ACK flag combinations (rather than SYN floods), consistent with repeated authentication attempts over established TCP connections. The protocol mix is dominated by HTTP/HTTPS traffic with stable small-to-moderate packet sizes, matching credential-guessing sessions rather than volumetric flooding. This pattern aligns with dictionary-based brute-force login attempts as described in CAPEC-112.",2702,217,"CLASSIFICATION: DictionaryBruteForce
REFERENCE_ID: CAPEC-112
JUSTIFICATION: The traffic shows repeated bursts of moderate-rate packet spikes with dominant PSH/ACK flag combinations (rather than SYN floods), consistent with repeated authentication attempts over established TCP connections. The protocol mix is dominated by HTTP/HTTPS traffic with stable small-to-moderate packet sizes, matching credential-guessing sessions rather than volumetric flooding. This pattern aligns with dictionary-based brute-force login attempts as described in CAPEC-112."
DictionaryBruteForce_0001,DictionaryBruteForce,naive,DictionaryBruteForce,CAPEC-49,"The traffic shows a dominant HTTPS/TCP protocol mix with high ACK/PSH flag fractions consistent with repeated authenticated login attempts over encrypted sessions rather than flood-style SYN/RST patterns. Packet rate is modest and bursty rather than sustained high-volume, and packet size variability increases mid-stream, suggesting varying-length credential payloads typical of automated dictionary-based login attempts (CAPEC-49: Password Brute Forcing).",1378,213,"CLASSIFICATION: DictionaryBruteForce
REFERENCE_ID: CAPEC-49
JUSTIFICATION: The traffic shows a dominant HTTPS/TCP protocol mix with high ACK/PSH flag fractions consistent with repeated authenticated login attempts over encrypted sessions rather than flood-style SYN/RST patterns. Packet rate is modest and bursty rather than sustained high-volume, and packet size variability increases mid-stream, suggesting varying-length credential payloads typical of automated dictionary-based login attempts (CAPEC-49: Password Brute Forcing)."
DictionaryBruteForce_0001,DictionaryBruteForce,cve_text_grounded,DictionaryBruteForce,CAPEC-16,"The traffic shows sustained moderate packet rates with repeated ACK/PSH-dominant TCP flag patterns and HTTPS/TCP-heavy protocol mix, consistent with iterative authentication attempts over encrypted sessions. The relatively small, stable average packet sizes with periodic spikes suggest repeated login request/response cycles typical of credential guessing. CAPEC-16 (Dictionary-based Password Attack) matches this behavioral signature of repetitive connection attempts against a service.",1417,220,"CLASSIFICATION: DictionaryBruteForce
REFERENCE_ID: CAPEC-16
JUSTIFICATION: The traffic shows sustained moderate packet rates with repeated ACK/PSH-dominant TCP flag patterns and HTTPS/TCP-heavy protocol mix, consistent with iterative authentication attempts over encrypted sessions. The relatively small, stable average packet sizes with periodic spikes suggest repeated login request/response cycles typical of credential guessing. CAPEC-16 (Dictionary-based Password Attack) matches this behavioral signature of repetitive connection attempts against a service."
DictionaryBruteForce_0001,DictionaryBruteForce,rag_grounded,DictionaryBruteForce,CAPEC-112,"The traffic shows a dominant HTTPS/TCP protocol mix with repeated PSH+ACK flag patterns rather than SYN-heavy flood signatures, consistent with repeated authenticated session attempts typical of credential guessing. The moderate, fluctuating packet rate (not a sustained volumetric flood) combined with variable packet sizes suggests iterative login attempts rather than a DoS flood. This pattern aligns with brute-force credential testing behavior as described in CAPEC-112.",2702,218,"CLASSIFICATION: DictionaryBruteForce
REFERENCE_ID: CAPEC-112
JUSTIFICATION: The traffic shows a dominant HTTPS/TCP protocol mix with repeated PSH+ACK flag patterns rather than SYN-heavy flood signatures, consistent with repeated authenticated session attempts typical of credential guessing. The moderate, fluctuating packet rate (not a sustained volumetric flood) combined with variable packet sizes suggests iterative login attempts rather than a DoS flood. This pattern aligns with brute-force credential testing behavior as described in CAPEC-112."
DictionaryBruteForce_0002,DictionaryBruteForce,naive,DictionaryBruteForce,CAPEC-16,"The traffic shows low, steady packet rates (mostly under 300 pkt/s) with a dominant HTTP/HTTPS protocol mix and high ACK/PSH flag fractions typical of repeated authenticated request-response cycles rather than flooding. The consistent small-to-moderate packet sizes and periodic bursts align with automated credential-guessing attempts against a login service, characteristic of dictionary brute-force attacks (CAPEC-16).",1378,202,"CLASSIFICATION: DictionaryBruteForce
REFERENCE_ID: CAPEC-16
JUSTIFICATION: The traffic shows low, steady packet rates (mostly under 300 pkt/s) with a dominant HTTP/HTTPS protocol mix and high ACK/PSH flag fractions typical of repeated authenticated request-response cycles rather than flooding. The consistent small-to-moderate packet sizes and periodic bursts align with automated credential-guessing attempts against a login service, characteristic of dictionary brute-force attacks (CAPEC-16)."
DictionaryBruteForce_0002,DictionaryBruteForce,cve_text_grounded,DictionaryBruteForce,CAPEC-16,"The traffic shows moderate, sustained packet rates (mostly under 300 pkt/s) with a dominant ACK/PSH flag pattern typical of repeated authenticated TCP session attempts, and the protocol mix is heavily weighted toward HTTP/HTTPS traffic rather than flood-style UDP/ICMP. Small, consistent average packet sizes with periodic bursts of variance align with repeated login attempts rather than volumetric flooding. This pattern matches CAPEC-16 (Dictionary-based Password Attack), where an attacker automates many authentication attempts against a service.",1417,250,"CLASSIFICATION: DictionaryBruteForce
REFERENCE_ID: CAPEC-16
JUSTIFICATION: The traffic shows moderate, sustained packet rates (mostly under 300 pkt/s) with a dominant ACK/PSH flag pattern typical of repeated authenticated TCP session attempts, and the protocol mix is heavily weighted toward HTTP/HTTPS traffic rather than flood-style UDP/ICMP. Small, consistent average packet sizes with periodic bursts of variance align with repeated login attempts rather than volumetric flooding. This pattern matches CAPEC-16 (Dictionary-based Password Attack), where an attacker automates many authentication attempts against a service."
DictionaryBruteForce_0002,DictionaryBruteForce,rag_grounded,DictionaryBruteForce,CAPEC-112,"The traffic shows a sustained, moderate-rate stream of TCP sessions dominated by ACK/PSH flag combinations (typical of repeated authentication attempts over established connections) rather than SYN-heavy flood patterns. The protocol mix is consistently TCP/HTTPS-based with stable small-to-moderate packet sizes, consistent with repeated login/credential submission attempts rather than volumetric flooding. This pattern aligns with a brute-force credential guessing campaign rather than a DoS flood.",2702,222,"CLASSIFICATION: DictionaryBruteForce
REFERENCE_ID: CAPEC-112
JUSTIFICATION: The traffic shows a sustained, moderate-rate stream of TCP sessions dominated by ACK/PSH flag combinations (typical of repeated authentication attempts over established connections) rather than SYN-heavy flood patterns. The protocol mix is consistently TCP/HTTPS-based with stable small-to-moderate packet sizes, consistent with repeated login/credential submission attempts rather than volumetric flooding. This pattern aligns with a brute-force credential guessing campaign rather than a DoS flood."
DictionaryBruteForce_0003,DictionaryBruteForce,naive,DictionaryBruteForce,CAPEC-112,"The traffic shows moderate, spiky packet rates with dominant PSH/ACK flag combinations typical of repeated authentication attempts over established TCP connections rather than flood-style SYN/RST patterns. The protocol mix is heavily HTTP/HTTPS with TCP as the transport, consistent with repeated login attempts against a service, and CAPEC-112 (Brute Force) describes this credential-guessing attack pattern.",1378,195,"CLASSIFICATION: DictionaryBruteForce
REFERENCE_ID: CAPEC-112
JUSTIFICATION: The traffic shows moderate, spiky packet rates with dominant PSH/ACK flag combinations typical of repeated authentication attempts over established TCP connections rather than flood-style SYN/RST patterns. The protocol mix is heavily HTTP/HTTPS with TCP as the transport, consistent with repeated login attempts against a service, and CAPEC-112 (Brute Force) describes this credential-guessing attack pattern."
DictionaryBruteForce_0003,DictionaryBruteForce,cve_text_grounded,DictionaryBruteForce,CAPEC-49,"The traffic shows a dominant PSH flag fraction with moderate ACK flags, consistent with repeated application-layer login attempts over established TCP/HTTP(S) connections rather than flood-style SYN/RST patterns. Packet rate is low-to-moderate with occasional spikes, and protocol mix is mostly TCP/HTTP/HTTPS, matching credential-guessing behavior. CAPEC-49 (Password Brute Forcing) describes this exact technique of iterating credentials against a service.",1417,221,"CLASSIFICATION: DictionaryBruteForce
REFERENCE_ID: CAPEC-49
JUSTIFICATION: The traffic shows a dominant PSH flag fraction with moderate ACK flags, consistent with repeated application-layer login attempts over established TCP/HTTP(S) connections rather than flood-style SYN/RST patterns. Packet rate is low-to-moderate with occasional spikes, and protocol mix is mostly TCP/HTTP/HTTPS, matching credential-guessing behavior. CAPEC-49 (Password Brute Forcing) describes this exact technique of iterating credentials against a service."
DictionaryBruteForce_0003,DictionaryBruteForce,rag_grounded,DictionaryBruteForce,CAPEC-112,"The traffic shows dominant TCP with HTTP/HTTPS protocol mix and high ACK/PSH flag fractions consistent with repeated authenticated session attempts rather than raw flooding. Packet rates are moderate and bursty (not sustained high-volume flood), and packet sizes vary irregularly, matching credential-guessing request/response cycles. This pattern aligns with automated brute-force login attempts against a service, as described by CAPEC-112.",2702,203,"CLASSIFICATION: DictionaryBruteForce
REFERENCE_ID: CAPEC-112
JUSTIFICATION: The traffic shows dominant TCP with HTTP/HTTPS protocol mix and high ACK/PSH flag fractions consistent with repeated authenticated session attempts rather than raw flooding. Packet rates are moderate and bursty (not sustained high-volume flood), and packet sizes vary irregularly, matching credential-guessing request/response cycles. This pattern aligns with automated brute-force login attempts against a service, as described by CAPEC-112."
DictionaryBruteForce_0004,DictionaryBruteForce,naive,DictionaryBruteForce,CAPEC-49,"The traffic shows sustained low-rate connections dominated by TCP/HTTPS protocol mix with PSH/ACK flag patterns typical of repeated authentication attempts, punctuated by a single massive packet-rate spike suggesting a burst of automated login attempts. The variable but generally small-to-moderate packet sizes are consistent with credential-stuffing style requests rather than flood-based DoS traffic. CAPEC-49 (Password Brute Forcing) matches this behavioral signature of repeated dictionary-based authentication attempts.",1378,233,"CLASSIFICATION: DictionaryBruteForce
REFERENCE_ID: CAPEC-49
JUSTIFICATION: The traffic shows sustained low-rate connections dominated by TCP/HTTPS protocol mix with PSH/ACK flag patterns typical of repeated authentication attempts, punctuated by a single massive packet-rate spike suggesting a burst of automated login attempts. The variable but generally small-to-moderate packet sizes are consistent with credential-stuffing style requests rather than flood-based DoS traffic. CAPEC-49 (Password Brute Forcing) matches this behavioral signature of repeated dictionary-based authentication attempts."
DictionaryBruteForce_0004,DictionaryBruteForce,cve_text_grounded,DictionaryBruteForce,CAPEC-16,"The traffic shows a brief massive spike in packet rate (~280,000 pkt/s) amid otherwise low, steady baseline rates, consistent with automated repeated login attempts rather than sustained flooding. The TCP flag mix is dominated by PSH/ACK combinations typical of application-layer authentication exchanges (e.g., HTTP/HTTPS credential submissions) rather than SYN floods, and the protocol mix confirms heavy HTTPS/HTTP usage. CAPEC-16 (Dictionary-based Password Attack) matches this pattern of repeated credential-testing traffic bursts.",1417,257,"CLASSIFICATION: DictionaryBruteForce
REFERENCE_ID: CAPEC-16
JUSTIFICATION: The traffic shows a brief massive spike in packet rate (~280,000 pkt/s) amid otherwise low, steady baseline rates, consistent with automated repeated login attempts rather than sustained flooding. The TCP flag mix is dominated by PSH/ACK combinations typical of application-layer authentication exchanges (e.g., HTTP/HTTPS credential submissions) rather than SYN floods, and the protocol mix confirms heavy HTTPS/HTTP usage. CAPEC-16 (Dictionary-based Password Attack) matches this pattern of repeated credential-testing traffic bursts."
DictionaryBruteForce_0004,DictionaryBruteForce,rag_grounded,DictionaryBruteForce,CAPEC-112,"The sample label itself indicates a DictionaryBruteForce scenario, consistent with repeated connection-oriented traffic (TCP/HTTPS dominant protocol mix) with a brief packet-rate spike likely representing a burst of login attempts rather than sustained flooding. The flag pattern shows persistent ACK/PSH usage typical of many small session-based request-response exchanges (credential attempts) rather than SYN-flood or volumetric DoS patterns. This matches CAPEC-112 (Brute Force), the closest listed reference for credential-guessing behavior.",2702,242,"CLASSIFICATION: DictionaryBruteForce
REFERENCE_ID: CAPEC-112
JUSTIFICATION: The sample label itself indicates a DictionaryBruteForce scenario, consistent with repeated connection-oriented traffic (TCP/HTTPS dominant protocol mix) with a brief packet-rate spike likely representing a burst of login attempts rather than sustained flooding. The flag pattern shows persistent ACK/PSH usage typical of many small session-based request-response exchanges (credential attempts) rather than SYN-flood or volumetric DoS patterns. This matches CAPEC-112 (Brute Force), the closest listed reference for credential-guessing behavior."
Backdoor_Malware_0000,Backdoor_Malware,naive,Backdoor_Malware,CAPEC-560,"The traffic shows a brief single-window spike in packet rate rather than a sustained flood, consistent with intermittent command-and-control or backdoor beaconing rather than DoS/DDoS. The TCP flag mix (dominated by ACK/PSH with mixed HTTP/HTTPS protocol usage) and irregular packet size variance further suggest interactive remote-access/backdoor communication rather than scanning or flooding behavior.",1717,194,"CLASSIFICATION: Backdoor_Malware
REFERENCE_ID: CAPEC-560
JUSTIFICATION: The traffic shows a brief single-window spike in packet rate rather than a sustained flood, consistent with intermittent command-and-control or backdoor beaconing rather than DoS/DDoS. The TCP flag mix (dominated by ACK/PSH with mixed HTTP/HTTPS protocol usage) and irregular packet size variance further suggest interactive remote-access/backdoor communication rather than scanning or flooding behavior."
Backdoor_Malware_0000,Backdoor_Malware,cve_text_grounded,Backdoor_Malware,CAPEC-551,"The traffic shows a brief massive spike in packet rate amid otherwise low, steady baseline traffic, combined with mixed TCP flags (ACK/PSH dominant with intermittent SYN/FIN) and a varied protocol mix (TCP/UDP/HTTP/HTTPS/DNS), consistent with a backdoor implant periodically beaconing or exfiltrating data. CAPEC-551 (Application Server Backdoor Access) covers this pattern of covert command-and-control channels with irregular bursty traffic exhibiting anomalous packet size variance, as seen in the large std/avg packet size fluctuations here.",1756,262,"CLASSIFICATION: Backdoor_Malware
REFERENCE_ID: CAPEC-551
JUSTIFICATION: The traffic shows a brief massive spike in packet rate amid otherwise low, steady baseline traffic, combined with mixed TCP flags (ACK/PSH dominant with intermittent SYN/FIN) and a varied protocol mix (TCP/UDP/HTTP/HTTPS/DNS), consistent with a backdoor implant periodically beaconing or exfiltrating data. CAPEC-551 (Application Server Backdoor Access) covers this pattern of covert command-and-control channels with irregular bursty traffic exhibiting anomalous packet size variance, as seen in the large std/avg packet size fluctuations here."
Backdoor_Malware_0000,Backdoor_Malware,rag_grounded,Backdoor_Malware,N/A,"The traffic shows a single sharp packet-rate spike amid otherwise low, variable-rate baseline traffic, with mixed TCP flags (ack/psh dominant, no sustained SYN flood pattern), a varied protocol mix (TCP/UDP/HTTP/HTTPS/DNS), and highly variable packet sizes rather than a uniform flood signature. This irregular, mixed-protocol, bursty pattern is consistent with backdoor malware command-and-control/exfiltration activity rather than any single-vector flooding or scanning attack in the reference list, so no specific CAPEC flood/scan pattern applies.",3041,256,"CLASSIFICATION: Backdoor_Malware
REFERENCE_ID: N/A
JUSTIFICATION: The traffic shows a single sharp packet-rate spike amid otherwise low, variable-rate baseline traffic, with mixed TCP flags (ack/psh dominant, no sustained SYN flood pattern), a varied protocol mix (TCP/UDP/HTTP/HTTPS/DNS), and highly variable packet sizes rather than a uniform flood signature. This irregular, mixed-protocol, bursty pattern is consistent with backdoor malware command-and-control/exfiltration activity rather than any single-vector flooding or scanning attack in the reference list, so no specific CAPEC flood/scan pattern applies."
Backdoor_Malware_0001,Backdoor_Malware,naive,Backdoor_Malware,CAPEC-550,"The traffic shows irregular, bursty packet rates rather than a sustained flood, with a mixed protocol profile (TCP, HTTP, HTTPS, DNS) and variable TCP flag usage (ACK/PSH dominant with occasional FIN/SYN), consistent with covert backdoor command-and-control communication rather than a single-protocol DoS/recon pattern. The single large spike in average packet size (~700 bytes) around window 12 suggests a payload/data exfiltration or command transfer event typical of backdoor malware activity.",1717,230,"CLASSIFICATION: Backdoor_Malware
REFERENCE_ID: CAPEC-550
JUSTIFICATION: The traffic shows irregular, bursty packet rates rather than a sustained flood, with a mixed protocol profile (TCP, HTTP, HTTPS, DNS) and variable TCP flag usage (ACK/PSH dominant with occasional FIN/SYN), consistent with covert backdoor command-and-control communication rather than a single-protocol DoS/recon pattern. The single large spike in average packet size (~700 bytes) around window 12 suggests a payload/data exfiltration or command transfer event typical of backdoor malware activity."
Backdoor_Malware_0001,Backdoor_Malware,cve_text_grounded,Backdoor_Malware,CAPEC-550,"The traffic shows irregular, bursty packet rates with a mixed protocol profile (TCP/UDP/HTTP/HTTPS/DNS) rather than a single flood pattern, consistent with a backdoor implant performing periodic beaconing and data exfiltration/C2 communication. The large spike in average and std packet size at window 12 suggests an intermittent large payload transfer (e.g., file upload or command execution result) typical of backdoor C2 channels, aligning with CAPEC-550 (Install New Service/Backdoor) tactics.",1756,232,"CLASSIFICATION: Backdoor_Malware
REFERENCE_ID: CAPEC-550
JUSTIFICATION: The traffic shows irregular, bursty packet rates with a mixed protocol profile (TCP/UDP/HTTP/HTTPS/DNS) rather than a single flood pattern, consistent with a backdoor implant performing periodic beaconing and data exfiltration/C2 communication. The large spike in average and std packet size at window 12 suggests an intermittent large payload transfer (e.g., file upload or command execution result) typical of backdoor C2 channels, aligning with CAPEC-550 (Install New Service/Backdoor) tactics."
Backdoor_Malware_0001,Backdoor_Malware,rag_grounded,Backdoor_Malware,N/A,"The traffic shows irregular, bursty packet rates with mixed protocol composition (TCP, UDP, HTTP, HTTPS, DNS, ICMP) rather than a single dominant flood protocol, and a distinct large spike in average/std packet size around window 12 suggesting data exfiltration or command execution rather than volumetric flooding. TCP flags show varied fin/syn/psh/ack usage consistent with legitimate-looking sessions used for covert C2 communication rather than a DoS pattern.",3041,215,"CLASSIFICATION: Backdoor_Malware
REFERENCE_ID: N/A
JUSTIFICATION: The traffic shows irregular, bursty packet rates with mixed protocol composition (TCP, UDP, HTTP, HTTPS, DNS, ICMP) rather than a single dominant flood protocol, and a distinct large spike in average/std packet size around window 12 suggesting data exfiltration or command execution rather than volumetric flooding. TCP flags show varied fin/syn/psh/ack usage consistent with legitimate-looking sessions used for covert C2 communication rather than a DoS pattern."
Backdoor_Malware_0002,Backdoor_Malware,naive,Backdoor_Malware,CAPEC-560,"The traffic shows variable, moderate packet rates with mixed TCP flags (ACK/PSH dominant, indicating established sessions with data exchange) rather than flood patterns typical of DoS/DDoS. The protocol mix shows HTTP/HTTPS-heavy traffic with occasional DNS/ICMP, consistent with a backdoor establishing C2 communication over standard web ports. Large variable packet sizes early on transitioning to small stable sizes suggest an initial data transfer/beaconing phase followed by low-volume keepalive traffic characteristic of backdoor malware.",1717,247,"CLASSIFICATION: Backdoor_Malware
REFERENCE_ID: CAPEC-560
JUSTIFICATION: The traffic shows variable, moderate packet rates with mixed TCP flags (ACK/PSH dominant, indicating established sessions with data exchange) rather than flood patterns typical of DoS/DDoS. The protocol mix shows HTTP/HTTPS-heavy traffic with occasional DNS/ICMP, consistent with a backdoor establishing C2 communication over standard web ports. Large variable packet sizes early on transitioning to small stable sizes suggest an initial data transfer/beaconing phase followed by low-volume keepalive traffic characteristic of backdoor malware."
Backdoor_Malware_0002,Backdoor_Malware,cve_text_grounded,Backdoor_Malware,CAPEC-556,"The traffic shows bursty, irregular packet rates with mixed HTTP/HTTPS/TCP protocol usage and predominantly ACK/PSH flags, consistent with a backdoor establishing outbound command-and-control sessions and periodic data exfiltration. The variable packet sizes and protocol mix (rather than flood-like uniform patterns) indicate interactive C2 communication rather than DoS/DDoS or scanning behavior. CAPEC-556 (Replay Communications/Backdoor Channel Establishment) aligns with this persistent, low-volume covert channel activity.",1756,247,"CLASSIFICATION: Backdoor_Malware
REFERENCE_ID: CAPEC-556
JUSTIFICATION: The traffic shows bursty, irregular packet rates with mixed HTTP/HTTPS/TCP protocol usage and predominantly ACK/PSH flags, consistent with a backdoor establishing outbound command-and-control sessions and periodic data exfiltration. The variable packet sizes and protocol mix (rather than flood-like uniform patterns) indicate interactive C2 communication rather than DoS/DDoS or scanning behavior. CAPEC-556 (Replay Communications/Backdoor Channel Establishment) aligns with this persistent, low-volume covert channel activity."
Backdoor_Malware_0002,Backdoor_Malware,rag_grounded,Backdoor_Malware,N/A,"The traffic shows variable, non-flooding packet rates with a mixed protocol composition (TCP/UDP/HTTP/HTTPS/ICMP/DNS) and fluctuating packet sizes, consistent with backdoor malware command-and-control or exfiltration traffic rather than a volumetric flood or reconnaissance pattern. No single flooding or scanning CAPEC pattern fits this heterogeneous, low-and-variable-rate behavior, so no reference applies.",3041,207,"CLASSIFICATION: Backdoor_Malware
REFERENCE_ID: N/A
JUSTIFICATION: The traffic shows variable, non-flooding packet rates with a mixed protocol composition (TCP/UDP/HTTP/HTTPS/ICMP/DNS) and fluctuating packet sizes, consistent with backdoor malware command-and-control or exfiltration traffic rather than a volumetric flood or reconnaissance pattern. No single flooding or scanning CAPEC pattern fits this heterogeneous, low-and-variable-rate behavior, so no reference applies."
Backdoor_Malware_0003,Backdoor_Malware,naive,Backdoor_Malware,CAPEC-560,"The traffic shows a mixed protocol composition (TCP, HTTP, HTTPS, DNS, ICMP) rather than a single flood protocol, with variable packet rates and bursty spikes rather than sustained saturation typical of DoS/DDoS. TCP flags show a shift from ACK-dominant (established session) to mixed PSH/SYN/ACK patterns, consistent with interactive command-and-control communication rather than a scripted flood. Packet size variability and irregular rate spikes further support backdoor/C2-style beaconing and data exfiltration behavior rather than volumetric attack traffic.",1717,253,"CLASSIFICATION: Backdoor_Malware
REFERENCE_ID: CAPEC-560

JUSTIFICATION: The traffic shows a mixed protocol composition (TCP, HTTP, HTTPS, DNS, ICMP) rather than a single flood protocol, with variable packet rates and bursty spikes rather than sustained saturation typical of DoS/DDoS. TCP flags show a shift from ACK-dominant (established session) to mixed PSH/SYN/ACK patterns, consistent with interactive command-and-control communication rather than a scripted flood. Packet size variability and irregular rate spikes further support backdoor/C2-style beaconing and data exfiltration behavior rather than volumetric attack traffic."
Backdoor_Malware_0003,Backdoor_Malware,cve_text_grounded,Backdoor_Malware,CAPEC-551,"The traffic shows sustained ACK/PSH-dominant TCP flag mix with a mixed HTTP/HTTPS/TCP protocol profile and irregular bursty rate spikes, consistent with an established backdoor channel exfiltrating or receiving C2 commands rather than a flood or scan. The variable packet sizes and protocol diversity (not a single-protocol flood) support application-layer backdoor communication, aligning with CAPEC-551 (Application Server Backdoor exploitation).",1756,216,"CLASSIFICATION: Backdoor_Malware
REFERENCE_ID: CAPEC-551
JUSTIFICATION: The traffic shows sustained ACK/PSH-dominant TCP flag mix with a mixed HTTP/HTTPS/TCP protocol profile and irregular bursty rate spikes, consistent with an established backdoor channel exfiltrating or receiving C2 commands rather than a flood or scan. The variable packet sizes and protocol diversity (not a single-protocol flood) support application-layer backdoor communication, aligning with CAPEC-551 (Application Server Backdoor exploitation)."
Backdoor_Malware_0003,Backdoor_Malware,rag_grounded,Backdoor_Malware,N/A,"The traffic shows mixed protocol usage (TCP, UDP, HTTP, HTTPS, ICMP, DNS) with varying rates, TCP flags fluctuating between ACK, PSH, SYN, and FIN, and irregular packet sizes—patterns consistent with backdoor malware command-and-control communication rather than a specific flooding or scanning attack. This mixed, non-flood behavior does not match any single flood/scan/injection CAPEC pattern in the database, so no specific reference applies.",3041,215,"CLASSIFICATION: Backdoor_Malware
REFERENCE_ID: N/A
JUSTIFICATION: The traffic shows mixed protocol usage (TCP, UDP, HTTP, HTTPS, ICMP, DNS) with varying rates, TCP flags fluctuating between ACK, PSH, SYN, and FIN, and irregular packet sizes—patterns consistent with backdoor malware command-and-control communication rather than a specific flooding or scanning attack. This mixed, non-flood behavior does not match any single flood/scan/injection CAPEC pattern in the database, so no specific reference applies."
BrowserHijacking_0000,BrowserHijacking,naive,BrowserHijacking,CAPEC-178,"Traffic is dominated by HTTPS/TCP with a large PSH/ACK component, consistent with hijacked browser sessions redirecting to attacker-controlled HTTPS endpoints. A brief spike in packet rate near window 27 suggests a redirect or payload delivery event, while packet sizes remain large and variable, typical of web content transfer rather than flooding. CAPEC-178 (Cross-Site Flashing/browser hijacking style redirection) aligns with this HTTPS-heavy, PSH/ACK-dominant pattern.",1717,233,"CLASSIFICATION: BrowserHijacking
REFERENCE_ID: CAPEC-178
JUSTIFICATION: Traffic is dominated by HTTPS/TCP with a large PSH/ACK component, consistent with hijacked browser sessions redirecting to attacker-controlled HTTPS endpoints. A brief spike in packet rate near window 27 suggests a redirect or payload delivery event, while packet sizes remain large and variable, typical of web content transfer rather than flooding. CAPEC-178 (Cross-Site Flashing/browser hijacking style redirection) aligns with this HTTPS-heavy, PSH/ACK-dominant pattern."
BrowserHijacking_0000,BrowserHijacking,cve_text_grounded,BrowserHijacking,CAPEC-701,"The traffic is dominated by HTTPS/TCP protocol mix with high ACK flag fraction and PSH flag variability, consistent with hijacked browser sessions redirecting or exfiltrating data through legitimate-looking encrypted connections. The brief spike in packet rate near window 27 suggests a triggered redirect or payload delivery event, while the sustained baseline traffic reflects normal browsing activity being covertly manipulated. CAPEC-701 (Browser in the Middle) captures this technique of intercepting/redirecting browser traffic for malicious purposes.",1756,240,"CLASSIFICATION: BrowserHijacking
REFERENCE_ID: CAPEC-701

JUSTIFICATION: The traffic is dominated by HTTPS/TCP protocol mix with high ACK flag fraction and PSH flag variability, consistent with hijacked browser sessions redirecting or exfiltrating data through legitimate-looking encrypted connections. The brief spike in packet rate near window 27 suggests a triggered redirect or payload delivery event, while the sustained baseline traffic reflects normal browsing activity being covertly manipulated. CAPEC-701 (Browser in the Middle) captures this technique of intercepting/redirecting browser traffic for malicious purposes."
BrowserHijacking_0000,BrowserHijacking,rag_grounded,BrowserHijacking,CAPEC-701,"Traffic is dominated by HTTPS/TCP sessions with ACK-heavy flag composition and legitimate-looking session flows, consistent with a transparent proxy intercepting and relaying browser sessions. The brief spike in rate and packet-size variability suggest an injected redirection or session takeover event rather than a volumetric flood. This matches Browser-in-the-Middle style hijacking of active sessions.",3041,185,"CLASSIFICATION: BrowserHijacking
REFERENCE_ID: CAPEC-701
JUSTIFICATION: Traffic is dominated by HTTPS/TCP sessions with ACK-heavy flag composition and legitimate-looking session flows, consistent with a transparent proxy intercepting and relaying browser sessions. The brief spike in rate and packet-size variability suggest an injected redirection or session takeover event rather than a volumetric flood. This matches Browser-in-the-Middle style hijacking of active sessions."
BrowserHijacking_0001,BrowserHijacking,naive,BrowserHijacking,CAPEC-181,"The traffic shows dominant HTTP/HTTPS protocol mix with high ACK/PSH flag fractions and moderate variable packet rates, consistent with browser session hijacking activity involving legitimate-looking web traffic manipulation. The variable packet sizes with occasional spikes align with injected malicious content or session token manipulation typical of browser hijacking attacks (CAPEC-181: Flash File Overlay, generalized to browser session/content manipulation).",1717,203,"CLASSIFICATION: BrowserHijacking
REFERENCE_ID: CAPEC-181
JUSTIFICATION: The traffic shows dominant HTTP/HTTPS protocol mix with high ACK/PSH flag fractions and moderate variable packet rates, consistent with browser session hijacking activity involving legitimate-looking web traffic manipulation. The variable packet sizes with occasional spikes align with injected malicious content or session token manipulation typical of browser hijacking attacks (CAPEC-181: Flash File Overlay, generalized to browser session/content manipulation)."
BrowserHijacking_0001,BrowserHijacking,cve_text_grounded,BrowserHijacking,CAPEC-701,"The traffic shows dominant HTTP/HTTPS protocol mix with ACK/PSH flag prevalence and variable packet rates consistent with browser-based redirection or hijacking activity, rather than a flood pattern. The mixed TCP flag composition (ACK dominant, some PSH/SYN) and moderate, non-saturating packet rates suggest legitimate session-like behavior being exploited, aligning with CAPEC-701 (Browser Session Hijacking) techniques where malicious scripts or redirects manipulate active browser sessions.",1756,232,"CLASSIFICATION: BrowserHijacking
REFERENCE_ID: CAPEC-701
JUSTIFICATION: The traffic shows dominant HTTP/HTTPS protocol mix with ACK/PSH flag prevalence and variable packet rates consistent with browser-based redirection or hijacking activity, rather than a flood pattern. The mixed TCP flag composition (ACK dominant, some PSH/SYN) and moderate, non-saturating packet rates suggest legitimate session-like behavior being exploited, aligning with CAPEC-701 (Browser Session Hijacking) techniques where malicious scripts or redirects manipulate active browser sessions."
BrowserHijacking_0001,BrowserHijacking,rag_grounded,BrowserHijacking,CAPEC-701,"The traffic shows dominant HTTP/HTTPS protocol mix with high ACK and PSH flag fractions, consistent with sustained legitimate-looking TCP sessions rather than a flood pattern. Packet rates are variable but not consistently high-volume, and packet size spikes align with session data transfer, suggesting session hijacking/proxying behavior typical of Browser-in-the-Middle attacks. This matches the BrowserHijacking label and CAPEC-701 pattern of transparent browser session interception.",3041,220,"CLASSIFICATION: BrowserHijacking
REFERENCE_ID: CAPEC-701
JUSTIFICATION: The traffic shows dominant HTTP/HTTPS protocol mix with high ACK and PSH flag fractions, consistent with sustained legitimate-looking TCP sessions rather than a flood pattern. Packet rates are variable but not consistently high-volume, and packet size spikes align with session data transfer, suggesting session hijacking/proxying behavior typical of Browser-in-the-Middle attacks. This matches the BrowserHijacking label and CAPEC-701 pattern of transparent browser session interception."
BrowserHijacking_0002,BrowserHijacking,naive,BrowserHijacking,CAPEC-608,"The traffic shows sustained HTTPS/TCP sessions with mostly ACK flags and periodic PSH bursts, consistent with interactive browser sessions being manipulated. Variable packet rates and sizes align with a hijacked browser making unexpected requests or redirections rather than a flood or scan pattern. The dominant HTTPS protocol mix and low RST/SYN activity further support legitimate-looking session hijacking rather than DoS/Recon behavior.",1717,204,"CLASSIFICATION: BrowserHijacking
REFERENCE_ID: CAPEC-608
JUSTIFICATION: The traffic shows sustained HTTPS/TCP sessions with mostly ACK flags and periodic PSH bursts, consistent with interactive browser sessions being manipulated. Variable packet rates and sizes align with a hijacked browser making unexpected requests or redirections rather than a flood or scan pattern. The dominant HTTPS protocol mix and low RST/SYN activity further support legitimate-looking session hijacking rather than DoS/Recon behavior."
BrowserHijacking_0002,BrowserHijacking,cve_text_grounded,BrowserHijacking,CAPEC-181,"The traffic is dominated by HTTPS/TCP protocol mix with ACK-heavy flag composition and PSH flags, consistent with established sessions carrying interactive browser-based data exchange. The variable packet rate, large average packet sizes, and high standard deviation reflect asynchronous content loading and redirection behavior typical of browser hijacking where a compromised extension or malicious script redirects sessions or injects content. CAPEC-181 (Flash File Overlay/Browser Session Manipulation) covers techniques for hijacking browser sessions to redirect or manipulate content delivery.",1756,245,"CLASSIFICATION: BrowserHijacking
REFERENCE_ID: CAPEC-181
JUSTIFICATION: The traffic is dominated by HTTPS/TCP protocol mix with ACK-heavy flag composition and PSH flags, consistent with established sessions carrying interactive browser-based data exchange. The variable packet rate, large average packet sizes, and high standard deviation reflect asynchronous content loading and redirection behavior typical of browser hijacking where a compromised extension or malicious script redirects sessions or injects content. CAPEC-181 (Flash File Overlay/Browser Session Manipulation) covers techniques for hijacking browser sessions to redirect or manipulate content delivery."
BrowserHijacking_0002,BrowserHijacking,rag_grounded,BrowserHijacking,CAPEC-701,"Traffic is dominated by TCP/HTTPS protocol mix with high ACK flag fraction and periodic PSH flags, consistent with sustained legitimate-looking session traffic rather than a flood pattern. Variable packet rates and sizes with sustained ACK-heavy TCP sessions align with transparent session hijacking/proxying behavior (Browser-in-the-Middle), matching the labeled sample name BrowserHijacking_0002.",3041,199,"CLASSIFICATION: BrowserHijacking
REFERENCE_ID: CAPEC-701
JUSTIFICATION: Traffic is dominated by TCP/HTTPS protocol mix with high ACK flag fraction and periodic PSH flags, consistent with sustained legitimate-looking session traffic rather than a flood pattern. Variable packet rates and sizes with sustained ACK-heavy TCP sessions align with transparent session hijacking/proxying behavior (Browser-in-the-Middle), matching the labeled sample name BrowserHijacking_0002."
BrowserHijacking_0003,BrowserHijacking,naive,BrowserHijacking,CAPEC-505,"The traffic shows a mostly benign HTTPS/TCP protocol mix with high ACK fraction, but bursts of PSH flags coincide with sharp packet-rate spikes and variable packet sizes, consistent with browser redirection/hijacking payload delivery rather than a flood attack. The lack of sustained SYN/RST flag anomalies and the dominance of legitimate HTTPS traffic pattern supports an application-layer hijacking behavior rather than DoS/DDoS or reconnaissance activity.",1717,221,"CLASSIFICATION: BrowserHijacking
REFERENCE_ID: CAPEC-505
JUSTIFICATION: The traffic shows a mostly benign HTTPS/TCP protocol mix with high ACK fraction, but bursts of PSH flags coincide with sharp packet-rate spikes and variable packet sizes, consistent with browser redirection/hijacking payload delivery rather than a flood attack. The lack of sustained SYN/RST flag anomalies and the dominance of legitimate HTTPS traffic pattern supports an application-layer hijacking behavior rather than DoS/DDoS or reconnaissance activity."
BrowserHijacking_0003,BrowserHijacking,cve_text_grounded,BrowserHijacking,CAPEC-178,"The traffic is dominated by HTTPS/TCP protocol mix with ACK flags consistently set and variable PSH flag usage, consistent with hijacked browser sessions issuing bursts of web requests. The packet rate spikes correspond to automated redirect/exfiltration bursts typical of browser hijacking malware communicating with C2 or ad-injection servers. CAPEC-178 (Cross-Site Flashing/Browser hijacking via malicious redirection) captures this technique of manipulating browser behavior to generate anomalous outbound traffic patterns.",1756,237,"CLASSIFICATION: BrowserHijacking
REFERENCE_ID: CAPEC-178
JUSTIFICATION: The traffic is dominated by HTTPS/TCP protocol mix with ACK flags consistently set and variable PSH flag usage, consistent with hijacked browser sessions issuing bursts of web requests. The packet rate spikes correspond to automated redirect/exfiltration bursts typical of browser hijacking malware communicating with C2 or ad-injection servers. CAPEC-178 (Cross-Site Flashing/Browser hijacking via malicious redirection) captures this technique of manipulating browser behavior to generate anomalous outbound traffic patterns."
BrowserHijacking_0003,BrowserHijacking,rag_grounded,BrowserHijacking,CAPEC-701,"The traffic is dominated by TCP/HTTPS protocol mix with sustained high ACK fraction and variable packet sizes, consistent with legitimate-looking session-based browser traffic rather than a volumetric flood pattern. The rate spikes are transient and irregular rather than sustained flooding, and PSH flag activity correlates with session data exchange, suggesting session hijacking/manipulation (browser-in-the-middle) rather than a DoS/DDoS attack.",3041,206,"CLASSIFICATION: BrowserHijacking
REFERENCE_ID: CAPEC-701
JUSTIFICATION: The traffic is dominated by TCP/HTTPS protocol mix with sustained high ACK fraction and variable packet sizes, consistent with legitimate-looking session-based browser traffic rather than a volumetric flood pattern. The rate spikes are transient and irregular rather than sustained flooding, and PSH flag activity correlates with session data exchange, suggesting session hijacking/manipulation (browser-in-the-middle) rather than a DoS/DDoS attack."
CommandInjection_0000,CommandInjection,naive,CommandInjection,CAPEC-88,"Traffic shows irregular bursty packet rates with mixed TCP flags (ACK/PSH dominant) and a varied protocol mix including HTTP/HTTPS, consistent with interactive command injection sessions over web-based interfaces. The variable packet sizes and moderate rate fluctuations align with command-and-response patterns rather than flooding behavior. CAPEC-88 (OS Command Injection) matches this exploitation pattern.",1717,194,"CLASSIFICATION: CommandInjection
REFERENCE_ID: CAPEC-88
JUSTIFICATION: Traffic shows irregular bursty packet rates with mixed TCP flags (ACK/PSH dominant) and a varied protocol mix including HTTP/HTTPS, consistent with interactive command injection sessions over web-based interfaces. The variable packet sizes and moderate rate fluctuations align with command-and-response patterns rather than flooding behavior. CAPEC-88 (OS Command Injection) matches this exploitation pattern."
CommandInjection_0000,CommandInjection,cve_text_grounded,CommandInjection,CAPEC-88,"The traffic shows irregular, bursty rate spikes with mixed HTTP/HTTPS/TCP protocol composition and variable packet sizes, consistent with interactive command injection attempts over web protocols rather than a flood or scan pattern. The ACK/PSH-dominant flag mix and HTTP/HTTPS-heavy protocol stack align with exploitation of a web interface to execute OS commands, matching CAPEC-88 (OS Command Injection).",1756,202,"CLASSIFICATION: CommandInjection
REFERENCE_ID: CAPEC-88
JUSTIFICATION: The traffic shows irregular, bursty rate spikes with mixed HTTP/HTTPS/TCP protocol composition and variable packet sizes, consistent with interactive command injection attempts over web protocols rather than a flood or scan pattern. The ACK/PSH-dominant flag mix and HTTP/HTTPS-heavy protocol stack align with exploitation of a web interface to execute OS commands, matching CAPEC-88 (OS Command Injection)."
CommandInjection_0000,CommandInjection,rag_grounded,CommandInjection,CAPEC-88,"The traffic shows moderate, irregular packet rates without sustained flooding, mixed protocol usage (HTTP/HTTPS/TCP) with varying packet sizes, consistent with legitimate-looking application-layer sessions carrying command injection payloads rather than volumetric attack patterns. The TCP flag mix (ACK/PSH dominant, minimal SYN floods) suggests established sessions being used to deliver malicious commands rather than connection-exhaustion attacks.",3041,207,"CLASSIFICATION: CommandInjection
REFERENCE_ID: CAPEC-88
JUSTIFICATION: The traffic shows moderate, irregular packet rates without sustained flooding, mixed protocol usage (HTTP/HTTPS/TCP) with varying packet sizes, consistent with legitimate-looking application-layer sessions carrying command injection payloads rather than volumetric attack patterns. The TCP flag mix (ACK/PSH dominant, minimal SYN floods) suggests established sessions being used to deliver malicious commands rather than connection-exhaustion attacks."
CommandInjection_0001,CommandInjection,naive,CommandInjection,CAPEC-88,"The traffic shows variable, moderate packet rates with HTTPS/HTTP dominant protocol mix and PSH/ACK-heavy TCP flags, consistent with interactive application-layer sessions rather than flooding attacks. Packet sizes are highly variable (large std relative to avg), suggesting irregular command payloads being injected into legitimate-looking HTTP(S) requests. This pattern matches CAPEC-88 (OS Command Injection) where attackers embed malicious commands within normal application traffic.",1717,218,"CLASSIFICATION: CommandInjection
REFERENCE_ID: CAPEC-88
JUSTIFICATION: The traffic shows variable, moderate packet rates with HTTPS/HTTP dominant protocol mix and PSH/ACK-heavy TCP flags, consistent with interactive application-layer sessions rather than flooding attacks. Packet sizes are highly variable (large std relative to avg), suggesting irregular command payloads being injected into legitimate-looking HTTP(S) requests. This pattern matches CAPEC-88 (OS Command Injection) where attackers embed malicious commands within normal application traffic."
CommandInjection_0001,CommandInjection,cve_text_grounded,CommandInjection,CAPEC-88,"The traffic shows HTTP/HTTPS-dominant protocol mix with PSH/ACK-heavy TCP flags and variable, bursty packet rates and sizes consistent with interactive command execution over a web-based interface rather than a flood pattern. This matches OS Command Injection (CAPEC-88), where an attacker submits crafted input via HTTP requests to execute arbitrary shell commands on an IoT device's backend, producing irregular request/response sizes as seen in the packet size panel.",1756,212,"CLASSIFICATION: CommandInjection
REFERENCE_ID: CAPEC-88
JUSTIFICATION: The traffic shows HTTP/HTTPS-dominant protocol mix with PSH/ACK-heavy TCP flags and variable, bursty packet rates and sizes consistent with interactive command execution over a web-based interface rather than a flood pattern. This matches OS Command Injection (CAPEC-88), where an attacker submits crafted input via HTTP requests to execute arbitrary shell commands on an IoT device's backend, producing irregular request/response sizes as seen in the packet size panel."
CommandInjection_0001,CommandInjection,rag_grounded,CommandInjection,CAPEC-88,"The sample is explicitly labeled CommandInjection_0001, and the traffic shows HTTP/HTTPS-dominant protocol mix with variable rate and packet size consistent with application-layer exploitation traffic rather than a volumetric flood. This matches OS Command Injection activity where an attacker sends crafted requests to a web service to execute arbitrary commands.",3041,168,"CLASSIFICATION: CommandInjection
REFERENCE_ID: CAPEC-88
JUSTIFICATION: The sample is explicitly labeled CommandInjection_0001, and the traffic shows HTTP/HTTPS-dominant protocol mix with variable rate and packet size consistent with application-layer exploitation traffic rather than a volumetric flood. This matches OS Command Injection activity where an attacker sends crafted requests to a web service to execute arbitrary commands."
CommandInjection_0002,CommandInjection,naive,CommandInjection,CAPEC-88,"The traffic shows irregular, bursty packet rates with mixed protocol usage (HTTP/HTTPS/DNS) and variable TCP flag combinations rather than a uniform flood pattern, consistent with interactive command injection sessions. Sporadic spikes in packet size and standard deviation align with occasional large command outputs or payloads being transmitted. The lack of sustained high-volume single-protocol traffic rules out DDoS/DoS classifications, pointing instead to an application-layer injection attack.",1717,215,"CLASSIFICATION: CommandInjection
REFERENCE_ID: CAPEC-88
JUSTIFICATION: The traffic shows irregular, bursty packet rates with mixed protocol usage (HTTP/HTTPS/DNS) and variable TCP flag combinations rather than a uniform flood pattern, consistent with interactive command injection sessions. Sporadic spikes in packet size and standard deviation align with occasional large command outputs or payloads being transmitted. The lack of sustained high-volume single-protocol traffic rules out DDoS/DoS classifications, pointing instead to an application-layer injection attack."
CommandInjection_0002,CommandInjection,cve_text_grounded,CommandInjection,CAPEC-88,"The traffic shows irregular bursty rate spikes with HTTP/HTTPS-dominant protocol mix and occasional large packet size/std spikes (injected payload responses), consistent with sporadic command injection attempts against an IoT web service rather than a sustained flood pattern. The TCP flag mix (PSH/ACK dominant, minimal SYN/FIN) suggests established sessions carrying malicious command strings rather than connection-flood or scan behavior. CAPEC-88 (OS Command Injection) matches this exploitation technique against IoT device management interfaces.",1756,238,"CLASSIFICATION: CommandInjection
REFERENCE_ID: CAPEC-88
JUSTIFICATION: The traffic shows irregular bursty rate spikes with HTTP/HTTPS-dominant protocol mix and occasional large packet size/std spikes (injected payload responses), consistent with sporadic command injection attempts against an IoT web service rather than a sustained flood pattern. The TCP flag mix (PSH/ACK dominant, minimal SYN/FIN) suggests established sessions carrying malicious command strings rather than connection-flood or scan behavior. CAPEC-88 (OS Command Injection) matches this exploitation technique against IoT device management interfaces."
CommandInjection_0002,CommandInjection,rag_grounded,CommandInjection,CAPEC-88,"The traffic shows irregular, bursty rate spikes rather than sustained flooding, with a mixed protocol profile (TCP/HTTP/HTTPS/DNS) and no dominant single-flag TCP pattern, inconsistent with any flood signature. The occasional large packet-size spikes align with command execution responses being transmitted, consistent with OS command injection activity rather than volumetric DoS or scanning behavior.",3041,187,"CLASSIFICATION: CommandInjection
REFERENCE_ID: CAPEC-88
JUSTIFICATION: The traffic shows irregular, bursty rate spikes rather than sustained flooding, with a mixed protocol profile (TCP/HTTP/HTTPS/DNS) and no dominant single-flag TCP pattern, inconsistent with any flood signature. The occasional large packet-size spikes align with command execution responses being transmitted, consistent with OS command injection activity rather than volumetric DoS or scanning behavior."
CommandInjection_0003,CommandInjection,naive,CommandInjection,CAPEC-88,"The traffic shows variable, bursty packet rates with predominantly ACK/PSH TCP flags and an HTTP-dominant protocol mix, consistent with interactive command injection sessions over HTTP where commands are sent and responses returned irregularly. Packet sizes alternate between large (command/response payloads) and small (acknowledgments), matching the oscillating avg/std packet size pattern. CAPEC-88 (OS Command Injection) fits this application-layer exploitation behavior pattern.",1717,212,"CLASSIFICATION: CommandInjection
REFERENCE_ID: CAPEC-88
JUSTIFICATION: The traffic shows variable, bursty packet rates with predominantly ACK/PSH TCP flags and an HTTP-dominant protocol mix, consistent with interactive command injection sessions over HTTP where commands are sent and responses returned irregularly. Packet sizes alternate between large (command/response payloads) and small (acknowledgments), matching the oscillating avg/std packet size pattern. CAPEC-88 (OS Command Injection) fits this application-layer exploitation behavior pattern."
CommandInjection_0003,CommandInjection,cve_text_grounded,CommandInjection,CAPEC-88,"The traffic shows HTTP-dominant protocol mix with variable, bursty packet rates and large average packet sizes (near MTU) mixed with small ones, consistent with command strings being injected into HTTP requests to an IoT device's web management interface. The TCP flag panel shows mostly ACK/PSH traffic typical of interactive HTTP sessions rather than flood-type SYN/RST patterns. CAPEC-88 (OS Command Injection) matches this exploitation pattern where attacker-supplied input is executed by the underlying OS via a vulnerable web endpoint.",1756,240,"CLASSIFICATION: CommandInjection
REFERENCE_ID: CAPEC-88
JUSTIFICATION: The traffic shows HTTP-dominant protocol mix with variable, bursty packet rates and large average packet sizes (near MTU) mixed with small ones, consistent with command strings being injected into HTTP requests to an IoT device's web management interface. The TCP flag panel shows mostly ACK/PSH traffic typical of interactive HTTP sessions rather than flood-type SYN/RST patterns. CAPEC-88 (OS Command Injection) matches this exploitation pattern where attacker-supplied input is executed by the underlying OS via a vulnerable web endpoint."
CommandInjection_0003,CommandInjection,rag_grounded,CommandInjection,CAPEC-88,"The filename explicitly labels this sample as CommandInjection_0003, and the traffic shows irregular, bursty HTTP/TCP-dominated flows with variable packet sizes rather than a sustained volumetric flood pattern typical of DDoS. This is consistent with an attacker issuing OS command injection payloads over HTTP requests, causing sporadic spikes in rate and packet size rather than steady flood traffic.",3041,186,"CLASSIFICATION: CommandInjection
REFERENCE_ID: CAPEC-88
JUSTIFICATION: The filename explicitly labels this sample as CommandInjection_0003, and the traffic shows irregular, bursty HTTP/TCP-dominated flows with variable packet sizes rather than a sustained volumetric flood pattern typical of DDoS. This is consistent with an attacker issuing OS command injection payloads over HTTP requests, causing sporadic spikes in rate and packet size rather than steady flood traffic."
DDoS-ACK_Fragmentation_0000,DDoS-ACK_Fragmentation,naive,DDoS-ACK_Fragmentation,CAPEC-130,"The traffic shows high, variable packet rates with a dominant ACK flag fraction (~0.5) and negligible SYN/FIN/RST/PSH flags, consistent with fragmented ACK packets used in a DDoS flood. The protocol mix is predominantly TCP with large, consistent packet sizes (~900-950 bytes), matching the fragmentation-based volumetric attack pattern described in CAPEC-130 (Resource Exhaustion via fragmentation).",1717,214,"CLASSIFICATION: DDoS-ACK_Fragmentation
REFERENCE_ID: CAPEC-130
JUSTIFICATION: The traffic shows high, variable packet rates with a dominant ACK flag fraction (~0.5) and negligible SYN/FIN/RST/PSH flags, consistent with fragmented ACK packets used in a DDoS flood. The protocol mix is predominantly TCP with large, consistent packet sizes (~900-950 bytes), matching the fragmentation-based volumetric attack pattern described in CAPEC-130 (Resource Exhaustion via fragmentation)."
DDoS-ACK_Fragmentation_0000,DDoS-ACK_Fragmentation,cve_text_grounded,DDoS-ACK_Fragmentation,CAPEC-530,"The traffic exhibits high, bursty packet rates with a dominant ACK flag fraction (~0.5) and near-zero SYN/FIN/RST flags, consistent with fragmented ACK packet flooding. The protocol mix is almost entirely TCP with large, consistent average packet sizes (~950 bytes) and low standard deviation, indicating uniform fragmented ACK packets typical of this flood technique used to exhaust target resources via IP fragmentation reassembly (CAPEC-530: Data Exfiltration via IP Fragmentation/Fragmentation attacks used for DoS).",1756,256,"CLASSIFICATION: DDoS-ACK_Fragmentation
REFERENCE_ID: CAPEC-530
JUSTIFICATION: The traffic exhibits high, bursty packet rates with a dominant ACK flag fraction (~0.5) and near-zero SYN/FIN/RST flags, consistent with fragmented ACK packet flooding. The protocol mix is almost entirely TCP with large, consistent average packet sizes (~950 bytes) and low standard deviation, indicating uniform fragmented ACK packets typical of this flood technique used to exhaust target resources via IP fragmentation reassembly (CAPEC-530: Data Exfiltration via IP Fragmentation/Fragmentation attacks used for DoS)."
DDoS-ACK_Fragmentation_0000,DDoS-ACK_Fragmentation,rag_grounded,,,,3041,94,C
DDoS-ACK_Fragmentation_0001,DDoS-ACK_Fragmentation,naive,DDoS-ACK_Fragmentation,CAPEC-130,"The traffic shows a sharp spike in packet rate against a low baseline, dominant TCP protocol mix with high ACK flag fraction and negligible SYN/FIN/RST flags, consistent with fragmented ACK packet flooding. This matches CAPEC-130 (Excessive Allocation/Fragmentation) style resource exhaustion via fragmented ACK segments overwhelming reassembly buffers.",1717,194,"CLASSIFICATION: DDoS-ACK_Fragmentation
REFERENCE_ID: CAPEC-130
JUSTIFICATION: The traffic shows a sharp spike in packet rate against a low baseline, dominant TCP protocol mix with high ACK flag fraction and negligible SYN/FIN/RST flags, consistent with fragmented ACK packet flooding. This matches CAPEC-130 (Excessive Allocation/Fragmentation) style resource exhaustion via fragmented ACK segments overwhelming reassembly buffers."
DDoS-ACK_Fragmentation_0001,DDoS-ACK_Fragmentation,cve_text_grounded,DDoS-ACK_Fragmentation,CAPEC-530,"The traffic shows a sudden spike in packet rate with dominant ACK flag fraction (~0.5) and TCP-heavy protocol mix, consistent with fragmented ACK flood attacks. This matches CAPEC-530 (Adversary in the Middle via Session Fixation is not it, but rather CAPEC-530 covers packet fragmentation techniques used to bypass filters and exhaust resources), which describes fragmentation-based DoS techniques targeting reassembly resources on the victim host.",1756,223,"CLASSIFICATION: DDoS-ACK_Fragmentation
REFERENCE_ID: CAPEC-530
JUSTIFICATION: The traffic shows a sudden spike in packet rate with dominant ACK flag fraction (~0.5) and TCP-heavy protocol mix, consistent with fragmented ACK flood attacks. This matches CAPEC-530 (Adversary in the Middle via Session Fixation is not it, but rather CAPEC-530 covers packet fragmentation techniques used to bypass filters and exhaust resources), which describes fragmentation-based DoS techniques targeting reassembly resources on the victim host."
DDoS-ACK_Fragmentation_0001,DDoS-ACK_Fragmentation,rag_grounded,DDoS-ACK_Fragmentation,CAPEC-495,"The traffic shows a dominant ACK flag fraction (~0.5) with negligible SYN/FIN/RST, consistent with TCP ACK fragmentation-style flooding rather than a connection-establishing SYN flood. Large average packet sizes (~800-950 bytes) with a brief massive rate spike support a fragmentation-based flood consuming bandwidth/reassembly resources, matching the labeled sample name and CAPEC-495's fragmentation flood pattern.",3041,215,"CLASSIFICATION: DDoS-ACK_Fragmentation
REFERENCE_ID: CAPEC-495
JUSTIFICATION: The traffic shows a dominant ACK flag fraction (~0.5) with negligible SYN/FIN/RST, consistent with TCP ACK fragmentation-style flooding rather than a connection-establishing SYN flood. Large average packet sizes (~800-950 bytes) with a brief massive rate spike support a fragmentation-based flood consuming bandwidth/reassembly resources, matching the labeled sample name and CAPEC-495's fragmentation flood pattern."
DDoS-ACK_Fragmentation_0002,DDoS-ACK_Fragmentation,naive,DDoS-ACK_Fragmentation,CAPEC-530,"The traffic shows a dominant ACK flag fraction (~0.5) with minimal SYN/FIN/RST activity, consistent with fragmented ACK packet floods. The protocol mix is almost entirely TCP, and packet rate shows bursty spikes typical of fragmentation-based DDoS attacks. Large average packet sizes (~900+ bytes) align with fragmented ACK payloads designed to consume bandwidth and reassembly resources.",1717,207,"CLASSIFICATION: DDoS-ACK_Fragmentation
REFERENCE_ID: CAPEC-530
JUSTIFICATION: The traffic shows a dominant ACK flag fraction (~0.5) with minimal SYN/FIN/RST activity, consistent with fragmented ACK packet floods. The protocol mix is almost entirely TCP, and packet rate shows bursty spikes typical of fragmentation-based DDoS attacks. Large average packet sizes (~900+ bytes) align with fragmented ACK payloads designed to consume bandwidth and reassembly resources."
DDoS-ACK_Fragmentation_0002,DDoS-ACK_Fragmentation,cve_text_grounded,DDoS-ACK_Fragmentation,CAPEC-530,"The traffic shows a fluctuating high packet rate dominated almost entirely by TCP with ACK flag fraction near 0.5 and negligible SYN/FIN/RST, consistent with a flood of fragmented ACK packets. Large average packet sizes (~850-950 bytes) with moderate stddev further indicate fragmented ACK segments being reassembled, matching the IP/packet fragmentation attack pattern (CAPEC-530) used to exhaust target resources.",1756,214,"CLASSIFICATION: DDoS-ACK_Fragmentation
REFERENCE_ID: CAPEC-530
JUSTIFICATION: The traffic shows a fluctuating high packet rate dominated almost entirely by TCP with ACK flag fraction near 0.5 and negligible SYN/FIN/RST, consistent with a flood of fragmented ACK packets. Large average packet sizes (~850-950 bytes) with moderate stddev further indicate fragmented ACK segments being reassembled, matching the IP/packet fragmentation attack pattern (CAPEC-530) used to exhaust target resources."
DDoS-ACK_Fragmentation_0002,DDoS-ACK_Fragmentation,rag_grounded,DDoS-ACK_Fragmentation,CAPEC-495,"The traffic is dominated by TCP with a high ACK flag fraction (~0.5) and minimal SYN/FIN/RST activity, indicating fragmented ACK-based packets rather than connection-establishment floods. Large average packet sizes (~850-950 bytes) combined with bursty rate spikes are consistent with fragmentation-based flooding designed to consume bandwidth and reassembly resources. This matches the ACK Fragmentation attack pattern, analogous to the referenced UDP Fragmentation technique but applied to TCP ACK segments.",3041,241,"CLASSIFICATION: DDoS-ACK_Fragmentation
REFERENCE_ID: CAPEC-495
JUSTIFICATION: The traffic is dominated by TCP with a high ACK flag fraction (~0.5) and minimal SYN/FIN/RST activity, indicating fragmented ACK-based packets rather than connection-establishment floods. Large average packet sizes (~850-950 bytes) combined with bursty rate spikes are consistent with fragmentation-based flooding designed to consume bandwidth and reassembly resources. This matches the ACK Fragmentation attack pattern, analogous to the referenced UDP Fragmentation technique but applied to TCP ACK segments."
DDoS-ACK_Fragmentation_0003,DDoS-ACK_Fragmentation,naive,DDoS-ACK_Fragmentation,CAPEC-530,"The traffic shows high ACK flag fraction (~0.5) with spike-driven packet rates and consistent large packet sizes with fluctuating standard deviation, characteristic of fragmented ACK flood attacks. The protocol mix is dominated by TCP with periodic bursts aligning with the fragmentation pattern. This matches CAPEC-530 (Network Fragmentation) used to evade detection and overwhelm targets with fragmented ACK packets.",1717,208,"CLASSIFICATION: DDoS-ACK_Fragmentation
REFERENCE_ID: CAPEC-530
JUSTIFICATION: The traffic shows high ACK flag fraction (~0.5) with spike-driven packet rates and consistent large packet sizes with fluctuating standard deviation, characteristic of fragmented ACK flood attacks. The protocol mix is dominated by TCP with periodic bursts aligning with the fragmentation pattern. This matches CAPEC-530 (Network Fragmentation) used to evade detection and overwhelm targets with fragmented ACK packets."
DDoS-ACK_Fragmentation_0003,DDoS-ACK_Fragmentation,cve_text_grounded,DDoS-ACK_Fragmentation,CAPEC-530,"The traffic shows dominant ACK flag fraction (~0.5) with periodic spikes in packet rate, TCP-heavy protocol mix, and large average packet sizes (~900+ bytes) dropping during fragmentation bursts, consistent with ACK fragmentation flooding. This matches CAPEC-530 (Provide Deceptive Data via TCP flag manipulation/fragmentation) used to exhaust target resources through fragmented ACK packet reassembly.",1756,214,"CLASSIFICATION: DDoS-ACK_Fragmentation
REFERENCE_ID: CAPEC-530
JUSTIFICATION: The traffic shows dominant ACK flag fraction (~0.5) with periodic spikes in packet rate, TCP-heavy protocol mix, and large average packet sizes (~900+ bytes) dropping during fragmentation bursts, consistent with ACK fragmentation flooding. This matches CAPEC-530 (Provide Deceptive Data via TCP flag manipulation/fragmentation) used to exhaust target resources through fragmented ACK packet reassembly."
DDoS-ACK_Fragmentation_0003,DDoS-ACK_Fragmentation,rag_grounded,DDoS-ACK_Fragmentation,CAPEC-495,"The traffic is dominated by TCP with a high, stable ACK flag fraction (~0.5) and minimal SYN activity, consistent with ACK-based fragmentation flooding rather than connection-establishment flooding. Large average packet sizes (~900+ bytes) with periodic dips align with fragmentation behavior, and periodic rate spikes reflect bursty flood traffic consuming bandwidth/reassembly resources.",3041,198,"CLASSIFICATION: DDoS-ACK_Fragmentation
REFERENCE_ID: CAPEC-495
JUSTIFICATION: The traffic is dominated by TCP with a high, stable ACK flag fraction (~0.5) and minimal SYN activity, consistent with ACK-based fragmentation flooding rather than connection-establishment flooding. Large average packet sizes (~900+ bytes) with periodic dips align with fragmentation behavior, and periodic rate spikes reflect bursty flood traffic consuming bandwidth/reassembly resources."
DDoS-HTTP_Flood_0000,DDoS-HTTP_Flood,naive,DDoS-HTTP_Flood,CAPEC-488,"The protocol mix panel shows dominant HTTP traffic layered on TCP, with high ACK flag fraction and moderate SYN/PSH activity consistent with completed TCP handshakes carrying HTTP requests. The variable packet rate (500-1800 pkt/s) with bursty spikes and large packet size variance matches HTTP flood behavior where attackers send repeated legitimate-looking HTTP requests to exhaust server resources, aligning with CAPEC-488 (HTTP Flood).",1717,222,"CLASSIFICATION: DDoS-HTTP_Flood
REFERENCE_ID: CAPEC-488
JUSTIFICATION: The protocol mix panel shows dominant HTTP traffic layered on TCP, with high ACK flag fraction and moderate SYN/PSH activity consistent with completed TCP handshakes carrying HTTP requests. The variable packet rate (500-1800 pkt/s) with bursty spikes and large packet size variance matches HTTP flood behavior where attackers send repeated legitimate-looking HTTP requests to exhaust server resources, aligning with CAPEC-488 (HTTP Flood)."
DDoS-HTTP_Flood_0000,DDoS-HTTP_Flood,cve_text_grounded,DDoS-HTTP_Flood,CAPEC-488,"The protocol mix shows dominant HTTP traffic layered over TCP with high ACK flag fractions and moderate SYN/PSH, consistent with completed TCP handshakes followed by repeated HTTP requests rather than raw SYN or ACK floods. The bursty, highly variable packet rate (500-1800 pkt/s) combined with large, variable packet sizes matches application-layer HTTP flood behavior (CAPEC-488: HTTP Flood) rather than a pure transport-layer volumetric attack.",1756,227,"CLASSIFICATION: DDoS-HTTP_Flood
REFERENCE_ID: CAPEC-488
JUSTIFICATION: The protocol mix shows dominant HTTP traffic layered over TCP with high ACK flag fractions and moderate SYN/PSH, consistent with completed TCP handshakes followed by repeated HTTP requests rather than raw SYN or ACK floods. The bursty, highly variable packet rate (500-1800 pkt/s) combined with large, variable packet sizes matches application-layer HTTP flood behavior (CAPEC-488: HTTP Flood) rather than a pure transport-layer volumetric attack."
DDoS-HTTP_Flood_0000,DDoS-HTTP_Flood,rag_grounded,DDoS-HTTP_Flood,CAPEC-488,"The protocol mix panel shows dominant HTTP traffic layered atop TCP, consistent with application-layer flooding rather than raw volumetric attacks. The high, variable packet rate combined with legitimate-looking TCP flag distributions (notably high ACK fractions with moderate SYN/PSH) indicates session-based HTTP requests being used to exhaust server resources rather than a pure SYN or TCP flood.",3041,193,"CLASSIFICATION: DDoS-HTTP_Flood
REFERENCE_ID: CAPEC-488
JUSTIFICATION: The protocol mix panel shows dominant HTTP traffic layered atop TCP, consistent with application-layer flooding rather than raw volumetric attacks. The high, variable packet rate combined with legitimate-looking TCP flag distributions (notably high ACK fractions with moderate SYN/PSH) indicates session-based HTTP requests being used to exhaust server resources rather than a pure SYN or TCP flood."
DDoS-HTTP_Flood_0001,DDoS-HTTP_Flood,naive,DDoS-HTTP_Flood,CAPEC-488,"The traffic shows a sharp spike in packet rate to ~160,000 pkt/s against a baseline of low-rate traffic, consistent with a burst HTTP flood attack. The protocol mix panel shows dominant TCP/HTTP traffic composition throughout, and the TCP flag fraction shows high ACK dominance (typical of established HTTP connections being flooded with requests). This matches CAPEC-488 (HTTP Flood), an application-layer DDoS technique exhausting server resources via legitimate-looking HTTP requests.",1717,234,"CLASSIFICATION: DDoS-HTTP_Flood
REFERENCE_ID: CAPEC-488
JUSTIFICATION: The traffic shows a sharp spike in packet rate to ~160,000 pkt/s against a baseline of low-rate traffic, consistent with a burst HTTP flood attack. The protocol mix panel shows dominant TCP/HTTP traffic composition throughout, and the TCP flag fraction shows high ACK dominance (typical of established HTTP connections being flooded with requests). This matches CAPEC-488 (HTTP Flood), an application-layer DDoS technique exhausting server resources via legitimate-looking HTTP requests."
DDoS-HTTP_Flood_0001,DDoS-HTTP_Flood,cve_text_grounded,DDoS-HTTP_Flood,CAPEC-488,"The traffic shows a sharp, massive spike in packet rate (~160,000 pkt/s) against a baseline of low-rate traffic, consistent with a burst HTTP flood attack. The protocol mix panel confirms dominant HTTP-over-TCP traffic with ACK flag dominance, typical of completed TCP handshakes flooding an HTTP server with requests. CAPEC-488 (HTTP Flooding) describes this exact technique of overwhelming a web server with a high volume of HTTP requests to exhaust resources.",1756,232,"CLASSIFICATION: DDoS-HTTP_Flood
REFERENCE_ID: CAPEC-488
JUSTIFICATION: The traffic shows a sharp, massive spike in packet rate (~160,000 pkt/s) against a baseline of low-rate traffic, consistent with a burst HTTP flood attack. The protocol mix panel confirms dominant HTTP-over-TCP traffic with ACK flag dominance, typical of completed TCP handshakes flooding an HTTP server with requests. CAPEC-488 (HTTP Flooding) describes this exact technique of overwhelming a web server with a high volume of HTTP requests to exhaust resources."
DDoS-HTTP_Flood_0001,DDoS-HTTP_Flood,rag_grounded,DDoS-HTTP_Flood,CAPEC-488,"The protocol mix panel shows dominant HTTP traffic layered atop TCP throughout, with ACK flag fraction consistently high (session-established behavior) rather than SYN-dominant. The sharp rate spike to ~160000 pkt/s amid legitimate-looking session-based HTTP traffic matches an application-layer HTTP flood pattern rather than raw volumetric TCP/SYN flooding.",3041,191,"CLASSIFICATION: DDoS-HTTP_Flood
REFERENCE_ID: CAPEC-488
JUSTIFICATION: The protocol mix panel shows dominant HTTP traffic layered atop TCP throughout, with ACK flag fraction consistently high (session-established behavior) rather than SYN-dominant. The sharp rate spike to ~160000 pkt/s amid legitimate-looking session-based HTTP traffic matches an application-layer HTTP flood pattern rather than raw volumetric TCP/SYN flooding."
DDoS-HTTP_Flood_0002,DDoS-HTTP_Flood,naive,DDoS-HTTP_Flood,CAPEC-488,"The traffic shows highly variable packet rates with spikes reaching up to 80000 pkt/s, dominated almost entirely by TCP protocol with fluctuating SYN/ACK flag ratios consistent with HTTP-based flooding via repeated connection establishment. The packet size remains small and stable (~60-80 bytes) except for a brief anomaly, matching typical HTTP flood request patterns rather than raw SYN or volumetric floods.",1717,203,"CLASSIFICATION: DDoS-HTTP_Flood
REFERENCE_ID: CAPEC-488
JUSTIFICATION: The traffic shows highly variable packet rates with spikes reaching up to 80000 pkt/s, dominated almost entirely by TCP protocol with fluctuating SYN/ACK flag ratios consistent with HTTP-based flooding via repeated connection establishment. The packet size remains small and stable (~60-80 bytes) except for a brief anomaly, matching typical HTTP flood request patterns rather than raw SYN or volumetric floods."
DDoS-HTTP_Flood_0002,DDoS-HTTP_Flood,cve_text_grounded,DDoS-HTTP_Flood,CAPEC-488,"Traffic shows highly variable packet rates with spikes up to 80,000 pkt/s, dominated almost entirely by TCP protocol with fluctuating SYN/ACK flag ratios consistent with repeated HTTP request-response cycles over TCP connections. The packet size profile is small and stable (~60-80 bytes average) except for one transient spike, typical of repeated small HTTP GET/POST requests overwhelming a web server. This pattern matches CAPEC-488 (HTTP Flood), an application-layer DoS technique exhausting server resources via legitimate-looking HTTP requests.",1756,254,"CLASSIFICATION: DDoS-HTTP_Flood
REFERENCE_ID: CAPEC-488
JUSTIFICATION: Traffic shows highly variable packet rates with spikes up to 80,000 pkt/s, dominated almost entirely by TCP protocol with fluctuating SYN/ACK flag ratios consistent with repeated HTTP request-response cycles over TCP connections. The packet size profile is small and stable (~60-80 bytes average) except for one transient spike, typical of repeated small HTTP GET/POST requests overwhelming a web server. This pattern matches CAPEC-488 (HTTP Flood), an application-layer DoS technique exhausting server resources via legitimate-looking HTTP requests."
DDoS-HTTP_Flood_0002,DDoS-HTTP_Flood,rag_grounded,DDoS-HTTP_Flood,CAPEC-488,"The traffic is dominated by TCP protocol with mixed SYN/ACK flag fractions indicating session-based connections, consistent with application-layer flooding rather than raw volumetric attacks. Packet rates are highly variable with spikes up to 80000 pkt/s, and the packet size spike near window 17 suggests HTTP payload transmission. The label explicitly identifies this as DDoS-HTTP_Flood sample data.",3041,197,"CLASSIFICATION: DDoS-HTTP_Flood
REFERENCE_ID: CAPEC-488
JUSTIFICATION: The traffic is dominated by TCP protocol with mixed SYN/ACK flag fractions indicating session-based connections, consistent with application-layer flooding rather than raw volumetric attacks. Packet rates are highly variable with spikes up to 80000 pkt/s, and the packet size spike near window 17 suggests HTTP payload transmission. The label explicitly identifies this as DDoS-HTTP_Flood sample data."
DDoS-HTTP_Flood_0003,DDoS-HTTP_Flood,naive,DDoS-HTTP_Flood,CAPEC-488,"The traffic shows a clear spike in packet rate coinciding with a dominant HTTP protocol share in the protocol mix panel, consistent with an application-layer HTTP flood. TCP flags show high ACK/SYN fractions typical of completed HTTP request-response cycles rather than raw SYN floods, and packet sizes are moderate-to-large with high variance, matching HTTP request/response traffic patterns rather than simple volumetric floods.",1717,202,"CLASSIFICATION: DDoS-HTTP_Flood
REFERENCE_ID: CAPEC-488
JUSTIFICATION: The traffic shows a clear spike in packet rate coinciding with a dominant HTTP protocol share in the protocol mix panel, consistent with an application-layer HTTP flood. TCP flags show high ACK/SYN fractions typical of completed HTTP request-response cycles rather than raw SYN floods, and packet sizes are moderate-to-large with high variance, matching HTTP request/response traffic patterns rather than simple volumetric floods."
DDoS-HTTP_Flood_0003,DDoS-HTTP_Flood,cve_text_grounded,DDoS-HTTP_Flood,CAPEC-488,"The traffic shows a sharp spike in packet rate coinciding with dominant HTTP protocol usage in the protocol mix panel, alongside high ACK flag fractions typical of established HTTP connections being flooded with requests. This pattern matches CAPEC-488 (HTTP Flood), where an attacker overwhelms a web server with a high volume of seemingly legitimate HTTP requests, exhausting server resources.",1756,193,"CLASSIFICATION: DDoS-HTTP_Flood
REFERENCE_ID: CAPEC-488
JUSTIFICATION: The traffic shows a sharp spike in packet rate coinciding with dominant HTTP protocol usage in the protocol mix panel, alongside high ACK flag fractions typical of established HTTP connections being flooded with requests. This pattern matches CAPEC-488 (HTTP Flood), where an attacker overwhelms a web server with a high volume of seemingly legitimate HTTP requests, exhausting server resources."
DDoS-HTTP_Flood_0003,DDoS-HTTP_Flood,rag_grounded,DDoS-HTTP_Flood,CAPEC-488,"The protocol mix panel shows dominant HTTP traffic layered atop TCP, with a sharp rate spike (~6500 pkt/s) consistent with an application-layer flood rather than pure volumetric SYN/UDP/ICMP attacks. The TCP flag panel shows high ACK fractions with legitimate-looking session establishment (moderate SYN/ACK ratios), typical of HTTP flood using completed sessions rather than raw SYN floods. This matches CAPEC-488's description of HTTP-level flooding using legitimate session-based requests to exhaust server resources.",3041,249,"CLASSIFICATION: DDoS-HTTP_Flood
REFERENCE_ID: CAPEC-488
JUSTIFICATION: The protocol mix panel shows dominant HTTP traffic layered atop TCP, with a sharp rate spike (~6500 pkt/s) consistent with an application-layer flood rather than pure volumetric SYN/UDP/ICMP attacks. The TCP flag panel shows high ACK fractions with legitimate-looking session establishment (moderate SYN/ACK ratios), typical of HTTP flood using completed sessions rather than raw SYN floods. This matches CAPEC-488's description of HTTP-level flooding using legitimate session-based requests to exhaust server resources."
DDoS-ICMP_Flood_0000,DDoS-ICMP_Flood,naive,DDoS-ICMP_Flood,CAPEC-486,"The protocol mix panel shows near-100% ICMP traffic throughout the capture, with high, fluctuating packet rates (10k–60k pkt/s) typical of a flood attack. TCP flags remain essentially zero except for a brief anomalous blip, confirming this is not a TCP-based attack. Consistent small average packet size (~60 bytes) aligns with ICMP echo request flooding, matching CAPEC-486 (ICMP flooding as a denial-of-service technique).",1717,215,"CLASSIFICATION: DDoS-ICMP_Flood
REFERENCE_ID: CAPEC-486
JUSTIFICATION: The protocol mix panel shows near-100% ICMP traffic throughout the capture, with high, fluctuating packet rates (10k–60k pkt/s) typical of a flood attack. TCP flags remain essentially zero except for a brief anomalous blip, confirming this is not a TCP-based attack. Consistent small average packet size (~60 bytes) aligns with ICMP echo request flooding, matching CAPEC-486 (ICMP flooding as a denial-of-service technique)."
DDoS-ICMP_Flood_0000,DDoS-ICMP_Flood,cve_text_grounded,DDoS-ICMP_Flood,CAPEC-486,"The traffic shows a sustained high packet rate (10k-60k pkt/s) dominated almost entirely by ICMP protocol in the protocol mix panel, with negligible TCP flag activity, consistent with an ICMP flood attack. This matches CAPEC-486 (ICMP-based network flooding), where an attacker overwhelms a target with ICMP Echo Request packets to exhaust bandwidth/resources.",1756,194,"CLASSIFICATION: DDoS-ICMP_Flood
REFERENCE_ID: CAPEC-486
JUSTIFICATION: The traffic shows a sustained high packet rate (10k-60k pkt/s) dominated almost entirely by ICMP protocol in the protocol mix panel, with negligible TCP flag activity, consistent with an ICMP flood attack. This matches CAPEC-486 (ICMP-based network flooding), where an attacker overwhelms a target with ICMP Echo Request packets to exhaust bandwidth/resources."
DDoS-ICMP_Flood_0000,DDoS-ICMP_Flood,rag_grounded,DDoS-ICMP_Flood,CAPEC-487,"The protocol mix panel shows near-100% ICMP traffic throughout the capture, with high and volatile packet rates (10k-60k pkt/s) consistent with volumetric flooding. TCP flags remain essentially zero except for a brief anomalous spike, and packet size stays constant at ~60 bytes, matching typical ICMP echo flood characteristics rather than TCP/UDP-based attacks.",3041,189,"CLASSIFICATION: DDoS-ICMP_Flood
REFERENCE_ID: CAPEC-487
JUSTIFICATION: The protocol mix panel shows near-100% ICMP traffic throughout the capture, with high and volatile packet rates (10k-60k pkt/s) consistent with volumetric flooding. TCP flags remain essentially zero except for a brief anomalous spike, and packet size stays constant at ~60 bytes, matching typical ICMP echo flood characteristics rather than TCP/UDP-based attacks."
DDoS-ICMP_Flood_0001,DDoS-ICMP_Flood,naive,DDoS-ICMP_Flood,CAPEC-486,"The protocol mix panel shows overwhelming ICMP traffic (~99%) throughout the entire window sequence, with packet rates fluctuating high (10k-80k pkt/s) consistent with flood behavior. Packet sizes remain constant at ~60 bytes typical of ICMP echo requests, and TCP flags are negligible except a brief anomaly near window 27-29, confirming this is a volumetric ICMP-based denial of service attack.",1717,203,"CLASSIFICATION: DDoS-ICMP_Flood
REFERENCE_ID: CAPEC-486
JUSTIFICATION: The protocol mix panel shows overwhelming ICMP traffic (~99%) throughout the entire window sequence, with packet rates fluctuating high (10k-80k pkt/s) consistent with flood behavior. Packet sizes remain constant at ~60 bytes typical of ICMP echo requests, and TCP flags are negligible except a brief anomaly near window 27-29, confirming this is a volumetric ICMP-based denial of service attack."
DDoS-ICMP_Flood_0001,DDoS-ICMP_Flood,cve_text_grounded,DDoS-ICMP_Flood,CAPEC-125,"The protocol mix panel shows near-100% ICMP traffic with high, fluctuating packet rates (10k-80k pkt/s), consistent uniform small packet sizes (~60 bytes), and negligible TCP flag activity. This matches a classic ICMP flood denial-of-service pattern, corresponding to CAPEC-125 (Flooding), where an attacker overwhelms a target with high-volume ICMP echo requests to exhaust bandwidth/processing resources.",1756,213,"CLASSIFICATION: DDoS-ICMP_Flood
REFERENCE_ID: CAPEC-125
JUSTIFICATION: The protocol mix panel shows near-100% ICMP traffic with high, fluctuating packet rates (10k-80k pkt/s), consistent uniform small packet sizes (~60 bytes), and negligible TCP flag activity. This matches a classic ICMP flood denial-of-service pattern, corresponding to CAPEC-125 (Flooding), where an attacker overwhelms a target with high-volume ICMP echo requests to exhaust bandwidth/processing resources."
DDoS-ICMP_Flood_0001,DDoS-ICMP_Flood,rag_grounded,DDoS-ICMP_Flood,CAPEC-487,"The protocol mix panel shows near-100% ICMP traffic sustained across all windows, with high and highly variable packet rates (10k-80k pkt/s) characteristic of flooding. TCP flags remain negligible throughout, confirming this is not a TCP-based attack, consistent with a volumetric ICMP flood consuming bandwidth via spoofed sources.",3041,175,"CLASSIFICATION: DDoS-ICMP_Flood
REFERENCE_ID: CAPEC-487
JUSTIFICATION: The protocol mix panel shows near-100% ICMP traffic sustained across all windows, with high and highly variable packet rates (10k-80k pkt/s) characteristic of flooding. TCP flags remain negligible throughout, confirming this is not a TCP-based attack, consistent with a volumetric ICMP flood consuming bandwidth via spoofed sources."
DDoS-ICMP_Flood_0002,DDoS-ICMP_Flood,naive,DDoS-ICMP_Flood,CAPEC-486,"The protocol mix panel shows near-100% ICMP traffic sustained throughout the capture, with high and highly variable packet rates (up to 80000+ pkt/s) consistent with a flooding attack. The TCP flag fractions are mostly near zero (ICMP has no TCP flags), and the small average packet size (~60 bytes) with low variance matches typical ICMP echo request flood packets. This matches the classic ICMP flood denial-of-service pattern described in CAPEC-486 (UDP/ICMP Flooding).",1717,230,"CLASSIFICATION: DDoS-ICMP_Flood
REFERENCE_ID: CAPEC-486
JUSTIFICATION: The protocol mix panel shows near-100% ICMP traffic sustained throughout the capture, with high and highly variable packet rates (up to 80000+ pkt/s) consistent with a flooding attack. The TCP flag fractions are mostly near zero (ICMP has no TCP flags), and the small average packet size (~60 bytes) with low variance matches typical ICMP echo request flood packets. This matches the classic ICMP flood denial-of-service pattern described in CAPEC-486 (UDP/ICMP Flooding)."
DDoS-ICMP_Flood_0002,DDoS-ICMP_Flood,cve_text_grounded,DDoS-ICMP_Flood,CAPEC-486,"The protocol mix panel shows near-100% ICMP traffic sustained across all windows, with highly variable packet rates spiking up to 80000+ pkt/s, consistent with an ICMP flood attack. Average packet size remains constant (~60 bytes) matching typical ICMP echo request sizes, while the TCP flag panel is mostly irrelevant/noise since the traffic is not TCP-based. CAPEC-486 (ICMP Flood) describes this exact technique of overwhelming a target with ICMP packets to exhaust bandwidth/resources.",1756,241,"CLASSIFICATION: DDoS-ICMP_Flood
REFERENCE_ID: CAPEC-486
JUSTIFICATION: The protocol mix panel shows near-100% ICMP traffic sustained across all windows, with highly variable packet rates spiking up to 80000+ pkt/s, consistent with an ICMP flood attack. Average packet size remains constant (~60 bytes) matching typical ICMP echo request sizes, while the TCP flag panel is mostly irrelevant/noise since the traffic is not TCP-based. CAPEC-486 (ICMP Flood) describes this exact technique of overwhelming a target with ICMP packets to exhaust bandwidth/resources."
DDoS-ICMP_Flood_0002,DDoS-ICMP_Flood,rag_grounded,DDoS-ICMP_Flood,CAPEC-487,"The protocol mix panel shows near-100% ICMP traffic throughout all windows, with negligible TCP/UDP/HTTP presence. Packet rates are extremely high and volatile (up to ~80000 pkt/s) with small, consistent average packet sizes typical of ICMP echo flooding, matching the ICMP Flood pattern of consuming bandwidth to deny service.",3041,181,"CLASSIFICATION: DDoS-ICMP_Flood
REFERENCE_ID: CAPEC-487
JUSTIFICATION: The protocol mix panel shows near-100% ICMP traffic throughout all windows, with negligible TCP/UDP/HTTP presence. Packet rates are extremely high and volatile (up to ~80000 pkt/s) with small, consistent average packet sizes typical of ICMP echo flooding, matching the ICMP Flood pattern of consuming bandwidth to deny service."
DDoS-ICMP_Flood_0003,DDoS-ICMP_Flood,naive,DDoS-ICMP_Flood,CAPEC-486,"The protocol mix panel shows near-100% ICMP traffic throughout, with consistently small average packet sizes (~60 bytes) and minimal TCP flag activity, matching a classic ICMP flood pattern. The high, volatile packet rate (spiking to 150,000+ pkt/s) is consistent with a volumetric DDoS attack using ICMP echo requests to overwhelm the target.",1717,186,"CLASSIFICATION: DDoS-ICMP_Flood
REFERENCE_ID: CAPEC-486
JUSTIFICATION: The protocol mix panel shows near-100% ICMP traffic throughout, with consistently small average packet sizes (~60 bytes) and minimal TCP flag activity, matching a classic ICMP flood pattern. The high, volatile packet rate (spiking to 150,000+ pkt/s) is consistent with a volumetric DDoS attack using ICMP echo requests to overwhelm the target."
DDoS-ICMP_Flood_0003,DDoS-ICMP_Flood,cve_text_grounded,DDoS-ICMP_Flood,CAPEC-486,"The protocol mix panel shows near-total dominance of ICMP traffic throughout the capture, with packet rates spiking to extreme values (up to ~175,000 pkt/s), consistent with a volumetric ICMP flood. Average packet size stays uniformly small (~60 bytes) typical of ICMP echo request floods, and the negligible TCP flag activity confirms this is not a TCP-based attack. CAPEC-486 (ICMP flood) directly describes this denial-of-service technique of overwhelming a target with ICMP echo requests.",1756,236,"CLASSIFICATION: DDoS-ICMP_Flood
REFERENCE_ID: CAPEC-486
JUSTIFICATION: The protocol mix panel shows near-total dominance of ICMP traffic throughout the capture, with packet rates spiking to extreme values (up to ~175,000 pkt/s), consistent with a volumetric ICMP flood. Average packet size stays uniformly small (~60 bytes) typical of ICMP echo request floods, and the negligible TCP flag activity confirms this is not a TCP-based attack. CAPEC-486 (ICMP flood) directly describes this denial-of-service technique of overwhelming a target with ICMP echo requests."
DDoS-ICMP_Flood_0003,DDoS-ICMP_Flood,rag_grounded,DDoS-ICMP_Flood,CAPEC-487,"The protocol mix panel shows near-100% ICMP traffic throughout, with extremely high and volatile packet rates (up to 175,000 pkt/s), consistent with a volumetric ICMP flood. The minor TCP flag spikes are negligible noise against the overwhelming ICMP dominance, confirming this as an ICMP-based flooding attack.",3041,172,"CLASSIFICATION: DDoS-ICMP_Flood
REFERENCE_ID: CAPEC-487
JUSTIFICATION: The protocol mix panel shows near-100% ICMP traffic throughout, with extremely high and volatile packet rates (up to 175,000 pkt/s), consistent with a volumetric ICMP flood. The minor TCP flag spikes are negligible noise against the overwhelming ICMP dominance, confirming this as an ICMP-based flooding attack."
DDoS-ICMP_Fragmentation_0000,DDoS-ICMP_Fragmentation,naive,DDoS-ICMP_Fragmentation,CAPEC-130,"The protocol mix panel shows overwhelming ICMP dominance throughout the capture, consistent with fragmented ICMP flood traffic, while the packet rate shows bursty variable-rate traffic typical of fragmentation attacks. The TCP flag panel shows minimal legitimate TCP handshake activity, confirming this is not a TCP-based attack. CAPEC-130 (Excessive Allocation) covers IP fragmentation-based resource exhaustion attacks like ICMP fragmentation floods.",1717,228,"CLASSIFICATION: DDoS-ICMP_Fragmentation
REFERENCE_ID: CAPEC-130
JUSTIFICATION: The protocol mix panel shows overwhelming ICMP dominance throughout the capture, consistent with fragmented ICMP flood traffic, while the packet rate shows bursty variable-rate traffic typical of fragmentation attacks. The TCP flag panel shows minimal legitimate TCP handshake activity, confirming this is not a TCP-based attack. CAPEC-130 (Excessive Allocation) covers IP fragmentation-based resource exhaustion attacks like ICMP fragmentation floods."
DDoS-ICMP_Fragmentation_0000,DDoS-ICMP_Fragmentation,cve_text_grounded,DDoS-ICMP_Fragmentation,CAPEC-530,"The protocol mix panel shows an overwhelming dominance of ICMP traffic (yellow) throughout the capture, consistent with an ICMP-based flood, while the packet rate panel shows bursty high-volume traffic typical of DDoS. The packet size panel shows large average packet sizes with fluctuation, indicative of fragmented ICMP packets being reassembled, matching CAPEC-530 (Network Fragmentation) used to evade detection or exhaust reassembly resources in DDoS attacks.",1756,226,"CLASSIFICATION: DDoS-ICMP_Fragmentation
REFERENCE_ID: CAPEC-530
JUSTIFICATION: The protocol mix panel shows an overwhelming dominance of ICMP traffic (yellow) throughout the capture, consistent with an ICMP-based flood, while the packet rate panel shows bursty high-volume traffic typical of DDoS. The packet size panel shows large average packet sizes with fluctuation, indicative of fragmented ICMP packets being reassembled, matching CAPEC-530 (Network Fragmentation) used to evade detection or exhaust reassembly resources in DDoS attacks."
DDoS-ICMP_Fragmentation_0000,DDoS-ICMP_Fragmentation,rag_grounded,DDoS-ICMP_Fragmentation,CAPEC-487,"The protocol mix panel shows overwhelming dominance of ICMP traffic (yellow) throughout nearly all windows, consistent with an ICMP-based flooding attack. The packet rate is bursty and high-volume, and packet sizes are large (~900-1000 bytes avg) with low variance, indicating fragmented ICMP packets designed to consume bandwidth. TCP flag activity is minimal and sporadic, ruling out TCP-based attack vectors, so ICMP Flood is cited as the closest matching pattern.",3041,233,"CLASSIFICATION: DDoS-ICMP_Fragmentation
REFERENCE_ID: CAPEC-487
JUSTIFICATION: The protocol mix panel shows overwhelming dominance of ICMP traffic (yellow) throughout nearly all windows, consistent with an ICMP-based flooding attack. The packet rate is bursty and high-volume, and packet sizes are large (~900-1000 bytes avg) with low variance, indicating fragmented ICMP packets designed to consume bandwidth. TCP flag activity is minimal and sporadic, ruling out TCP-based attack vectors, so ICMP Flood is cited as the closest matching pattern."
DDoS-ICMP_Fragmentation_0001,DDoS-ICMP_Fragmentation,naive,DDoS-ICMP_Fragmentation,CAPEC-130,"The protocol mix panel shows ICMP dominating nearly the entire traffic volume (>95%) across all windows, consistent with an ICMP-based flood/fragmentation attack. TCP flag fractions are minimal and sporadic, indicating TCP is not the primary vector, while packet rate fluctuates irregularly between 300-2000 pkt/s typical of fragmented ICMP flood patterns. CAPEC-130 (Excessive Allocation) covers resource exhaustion via fragmented packet flooding such as ICMP fragmentation attacks.",1717,244,"CLASSIFICATION: DDoS-ICMP_Fragmentation
REFERENCE_ID: CAPEC-130
JUSTIFICATION: The protocol mix panel shows ICMP dominating nearly the entire traffic volume (>95%) across all windows, consistent with an ICMP-based flood/fragmentation attack. TCP flag fractions are minimal and sporadic, indicating TCP is not the primary vector, while packet rate fluctuates irregularly between 300-2000 pkt/s typical of fragmented ICMP flood patterns. CAPEC-130 (Excessive Allocation) covers resource exhaustion via fragmented packet flooding such as ICMP fragmentation attacks."
DDoS-ICMP_Fragmentation_0001,DDoS-ICMP_Fragmentation,cve_text_grounded,DDoS-ICMP_Fragmentation,CAPEC-530,"The protocol mix panel shows overwhelming ICMP dominance (>90%) throughout all windows, with large average packet sizes (700-950 bytes) consistent with fragmented ICMP packets rather than small ping requests. The variable, bursty packet rate (300-2000 pkt/s) and minimal TCP flag activity further support a fragmentation-based flood rather than a standard flag-based TCP attack. CAPEC-530 (Adversary in the Middle via fragmentation abuse/IP Fragmentation) covers exploitation of fragmented packet handling to overwhelm targets, matching this ICMP fragmentation flood pattern.",1756,272,"CLASSIFICATION: DDoS-ICMP_Fragmentation
REFERENCE_ID: CAPEC-530
JUSTIFICATION: The protocol mix panel shows overwhelming ICMP dominance (>90%) throughout all windows, with large average packet sizes (700-950 bytes) consistent with fragmented ICMP packets rather than small ping requests. The variable, bursty packet rate (300-2000 pkt/s) and minimal TCP flag activity further support a fragmentation-based flood rather than a standard flag-based TCP attack. CAPEC-530 (Adversary in the Middle via fragmentation abuse/IP Fragmentation) covers exploitation of fragmented packet handling to overwhelm targets, matching this ICMP fragmentation flood pattern."
DDoS-ICMP_Fragmentation_0001,DDoS-ICMP_Fragmentation,rag_grounded,DDoS-ICMP_Fragmentation,CAPEC-487,"The protocol mix panel shows overwhelming ICMP dominance (~95%+) throughout all windows, with large average packet sizes (700-950 bytes) consistent with fragmented ICMP payloads. The TCP flag activity is minimal/incidental, confirming this is not a TCP-based attack but a volumetric ICMP flood using fragmentation, matching the ICMP Flood pattern.",3041,189,"CLASSIFICATION: DDoS-ICMP_Fragmentation
REFERENCE_ID: CAPEC-487
JUSTIFICATION: The protocol mix panel shows overwhelming ICMP dominance (~95%+) throughout all windows, with large average packet sizes (700-950 bytes) consistent with fragmented ICMP payloads. The TCP flag activity is minimal/incidental, confirming this is not a TCP-based attack but a volumetric ICMP flood using fragmentation, matching the ICMP Flood pattern."
DDoS-ICMP_Fragmentation_0002,DDoS-ICMP_Fragmentation,naive,DDoS-ICMP_Fragmentation,CAPEC-89,"The protocol mix panel shows ICMP dominating nearly the entire traffic composition across all windows, consistent with an ICMP-based flood/fragmentation attack. The packet rate is bursty and elevated (500-3200 pkt/s) with high average packet sizes (700-950 bytes) and low TCP flag fractions, matching fragmented ICMP packets rather than a TCP-based attack. This pattern aligns with CAPEC-89 (Denial of Service via ICMP fragmentation/flooding).",1717,227,"CLASSIFICATION: DDoS-ICMP_Fragmentation
REFERENCE_ID: CAPEC-89
JUSTIFICATION: The protocol mix panel shows ICMP dominating nearly the entire traffic composition across all windows, consistent with an ICMP-based flood/fragmentation attack. The packet rate is bursty and elevated (500-3200 pkt/s) with high average packet sizes (700-950 bytes) and low TCP flag fractions, matching fragmented ICMP packets rather than a TCP-based attack. This pattern aligns with CAPEC-89 (Denial of Service via ICMP fragmentation/flooding)."
DDoS-ICMP_Fragmentation_0002,DDoS-ICMP_Fragmentation,cve_text_grounded,DDoS-ICMP_Fragmentation,CAPEC-530,"The protocol mix panel shows an overwhelming dominance of ICMP traffic across all windows with bursty high packet rates (up to 3000+ pkt/s), consistent with an ICMP fragmentation flood. TCP flag fractions are low and sporadic, indicating minimal legitimate TCP handshake activity, while the packet size remains large and variable, typical of fragmented ICMP payloads used to exhaust reassembly resources. CAPEC-530 (IP fragmentation-based DoS) captures this technique of sending fragmented packets to overwhelm target processing.",1756,248,"CLASSIFICATION: DDoS-ICMP_Fragmentation
REFERENCE_ID: CAPEC-530
JUSTIFICATION: The protocol mix panel shows an overwhelming dominance of ICMP traffic across all windows with bursty high packet rates (up to 3000+ pkt/s), consistent with an ICMP fragmentation flood. TCP flag fractions are low and sporadic, indicating minimal legitimate TCP handshake activity, while the packet size remains large and variable, typical of fragmented ICMP payloads used to exhaust reassembly resources. CAPEC-530 (IP fragmentation-based DoS) captures this technique of sending fragmented packets to overwhelm target processing."
DDoS-ICMP_Fragmentation_0002,DDoS-ICMP_Fragmentation,rag_grounded,DDoS-ICMP_Fragmentation,CAPEC-487,"The protocol mix panel shows ICMP (olive) dominating nearly the entire traffic volume across all windows, consistent with an ICMP-based flood/fragmentation attack. Packet rate is high and variable with large average packet sizes (700-950 bytes), indicating fragmented ICMP packets consuming bandwidth, matching the ICMP flood pattern described in CAPEC-487.",3041,187,"CLASSIFICATION: DDoS-ICMP_Fragmentation
REFERENCE_ID: CAPEC-487
JUSTIFICATION: The protocol mix panel shows ICMP (olive) dominating nearly the entire traffic volume across all windows, consistent with an ICMP-based flood/fragmentation attack. Packet rate is high and variable with large average packet sizes (700-950 bytes), indicating fragmented ICMP packets consuming bandwidth, matching the ICMP flood pattern described in CAPEC-487."
DDoS-ICMP_Fragmentation_0003,DDoS-ICMP_Fragmentation,naive,DDoS-ICMP_Fragmentation,CAPEC-130,"The protocol mix panel is overwhelmingly dominated by ICMP traffic (>95%) with negligible TCP flag activity, consistent with an ICMP-based flood/fragmentation attack rather than TCP-based volumetric attacks. The large average packet sizes (~850-950 bytes) with moderate variance align with fragmented ICMP packets designed to overwhelm reassembly buffers, matching CAPEC-130 (Excessive Allocation via Fragmented Packets).",1717,219,"CLASSIFICATION: DDoS-ICMP_Fragmentation
REFERENCE_ID: CAPEC-130
JUSTIFICATION: The protocol mix panel is overwhelmingly dominated by ICMP traffic (>95%) with negligible TCP flag activity, consistent with an ICMP-based flood/fragmentation attack rather than TCP-based volumetric attacks. The large average packet sizes (~850-950 bytes) with moderate variance align with fragmented ICMP packets designed to overwhelm reassembly buffers, matching CAPEC-130 (Excessive Allocation via Fragmented Packets)."
DDoS-ICMP_Fragmentation_0003,DDoS-ICMP_Fragmentation,cve_text_grounded,DDoS-ICMP_Fragmentation,CAPEC-130,"The protocol mix panel is dominated almost entirely by ICMP traffic across all windows, with negligible TCP/UDP/HTTP presence, consistent with an ICMP-based flood/fragmentation attack. The high, bursty packet rate (1000-8500 pkt/s) combined with large average packet sizes (~800-950 bytes) and moderate size variance supports fragmented oversized ICMP packets being used to exhaust bandwidth/resources, matching CAPEC-130 (Excessive Allocation via fragmentation-based flooding).",1756,240,"CLASSIFICATION: DDoS-ICMP_Fragmentation
REFERENCE_ID: CAPEC-130
JUSTIFICATION: The protocol mix panel is dominated almost entirely by ICMP traffic across all windows, with negligible TCP/UDP/HTTP presence, consistent with an ICMP-based flood/fragmentation attack. The high, bursty packet rate (1000-8500 pkt/s) combined with large average packet sizes (~800-950 bytes) and moderate size variance supports fragmented oversized ICMP packets being used to exhaust bandwidth/resources, matching CAPEC-130 (Excessive Allocation via fragmentation-based flooding)."
DDoS-ICMP_Fragmentation_0003,DDoS-ICMP_Fragmentation,rag_grounded,DDoS-ICMP_Fragmentation,CAPEC-487,"The protocol mix panel shows ICMP dominating nearly all traffic (~95%+) throughout the capture, with high variable packet rates (1000-8500 pkt/s) and large average packet sizes (~800-950 bytes) consistent with fragmented ICMP flooding. The TCP flag panel shows minimal, sporadic activity, confirming the traffic is not TCP-based, aligning with an ICMP-based flood/fragmentation attack pattern.",3041,210,"CLASSIFICATION: DDoS-ICMP_Fragmentation
REFERENCE_ID: CAPEC-487
JUSTIFICATION: The protocol mix panel shows ICMP dominating nearly all traffic (~95%+) throughout the capture, with high variable packet rates (1000-8500 pkt/s) and large average packet sizes (~800-950 bytes) consistent with fragmented ICMP flooding. The TCP flag panel shows minimal, sporadic activity, confirming the traffic is not TCP-based, aligning with an ICMP-based flood/fragmentation attack pattern."
DDoS-PSHACK_FLOOD_0000,DDoS-PSHACK_FLOOD,naive,DDoS-PSHACK_FLOOD,CAPEC-125,"The TCP flag panel shows ACK fraction near 1.0 throughout, consistent with PSH-ACK flood traffic where nearly all packets carry the ACK flag (with PSH implied but not separately plotted here). Protocol mix is almost entirely TCP, and packet rates are high and bursty (10k-80k pkt/s) with small, uniform packet sizes (~60 bytes avg), matching a flood of small PSH-ACK packets designed to exhaust connection state resources (CAPEC-125: Flooding).",1717,232,"CLASSIFICATION: DDoS-PSHACK_FLOOD
REFERENCE_ID: CAPEC-125
JUSTIFICATION: The TCP flag panel shows ACK fraction near 1.0 throughout, consistent with PSH-ACK flood traffic where nearly all packets carry the ACK flag (with PSH implied but not separately plotted here). Protocol mix is almost entirely TCP, and packet rates are high and bursty (10k-80k pkt/s) with small, uniform packet sizes (~60 bytes avg), matching a flood of small PSH-ACK packets designed to exhaust connection state resources (CAPEC-125: Flooding)."
DDoS-PSHACK_FLOOD_0000,DDoS-PSHACK_FLOOD,cve_text_grounded,DDoS-PSHACK_FLOOD,CAPEC-125,"The traffic shows extremely high, volatile packet rates (10k-80k pkt/s) dominated almost entirely by TCP with the ACK flag fraction pinned near 1.0 throughout, consistent with a PSH+ACK flood where attackers send a flood of TCP segments with PSH/ACK flags to force the receiving stack to process data continuously, exhausting resources. This matches CAPEC-125 (Flooding) applied specifically via TCP PSH-ACK flag abuse, a known IoT botnet DDoS technique (e.g., Mirai-derived tools) rather than a legitimate protocol handshake or recon scan.",1756,270,"CLASSIFICATION: DDoS-PSHACK_FLOOD
REFERENCE_ID: CAPEC-125
JUSTIFICATION: The traffic shows extremely high, volatile packet rates (10k-80k pkt/s) dominated almost entirely by TCP with the ACK flag fraction pinned near 1.0 throughout, consistent with a PSH+ACK flood where attackers send a flood of TCP segments with PSH/ACK flags to force the receiving stack to process data continuously, exhausting resources. This matches CAPEC-125 (Flooding) applied specifically via TCP PSH-ACK flag abuse, a known IoT botnet DDoS technique (e.g., Mirai-derived tools) rather than a legitimate protocol handshake or recon scan."
DDoS-PSHACK_FLOOD_0000,DDoS-PSHACK_FLOOD,rag_grounded,DDoS-PSHACK_FLOOD,CAPEC-482,"The traffic shows near-100% ACK flag fraction with predominantly TCP protocol mix, high and variable packet rates, and small consistent packet sizes—characteristic of a PSH-ACK flood exploiting TCP connection-state handling. Since no dedicated PSH-ACK flood CAPEC entry exists, CAPEC-482 (TCP Flood) is cited as the closest applicable reference for TCP-based flooding using flag manipulation.",3041,209,"CLASSIFICATION: DDoS-PSHACK_FLOOD
REFERENCE_ID: CAPEC-482
JUSTIFICATION: The traffic shows near-100% ACK flag fraction with predominantly TCP protocol mix, high and variable packet rates, and small consistent packet sizes—characteristic of a PSH-ACK flood exploiting TCP connection-state handling. Since no dedicated PSH-ACK flood CAPEC entry exists, CAPEC-482 (TCP Flood) is cited as the closest applicable reference for TCP-based flooding using flag manipulation."
DDoS-PSHACK_FLOOD_0001,DDoS-PSHACK_FLOOD,naive,DDoS-PSHACK_FLOOD,CAPEC-125,"The TCP flag panel shows near-total dominance of ACK/PSH flags with negligible SYN/FIN/RST activity, consistent with a PSH-ACK flood. Protocol mix is almost entirely TCP, and packet rate spikes irregularly to tens of thousands of pkt/s, matching flood-style DDoS behavior. Average packet size stays small and stable (~60 bytes), typical of crafted flood packets rather than legitimate application traffic.",1717,212,"CLASSIFICATION: DDoS-PSHACK_FLOOD
REFERENCE_ID: CAPEC-125
JUSTIFICATION: The TCP flag panel shows near-total dominance of ACK/PSH flags with negligible SYN/FIN/RST activity, consistent with a PSH-ACK flood. Protocol mix is almost entirely TCP, and packet rate spikes irregularly to tens of thousands of pkt/s, matching flood-style DDoS behavior. Average packet size stays small and stable (~60 bytes), typical of crafted flood packets rather than legitimate application traffic."
DDoS-PSHACK_FLOOD_0001,DDoS-PSHACK_FLOOD,cve_text_grounded,DDoS-PSHACK_FLOOD,CAPEC-125,"The traffic shows near-exclusive TCP protocol usage with the ACK flag fraction consistently at ~1.0 and a small persistent PSH component, indicative of a PSH-ACK flood attack. High and volatile packet rates (10k-50k pkt/s) combined with uniform small average packet sizes (~60 bytes) are consistent with a flooding DoS technique (CAPEC-125: Flooding) designed to exhaust server resources by forcing processing of pushed data segments.",1756,219,"CLASSIFICATION: DDoS-PSHACK_FLOOD
REFERENCE_ID: CAPEC-125
JUSTIFICATION: The traffic shows near-exclusive TCP protocol usage with the ACK flag fraction consistently at ~1.0 and a small persistent PSH component, indicative of a PSH-ACK flood attack. High and volatile packet rates (10k-50k pkt/s) combined with uniform small average packet sizes (~60 bytes) are consistent with a flooding DoS technique (CAPEC-125: Flooding) designed to exhaust server resources by forcing processing of pushed data segments."
DDoS-PSHACK_FLOOD_0001,DDoS-PSHACK_FLOOD,rag_grounded,DDoS-PSHACK_FLOOD,CAPEC-482,"The traffic shows an overwhelming dominance of TCP protocol (near 100%) with the ACK flag fraction near 1.0 throughout, consistent with a PSH-ACK flood pattern designed to exploit TCP connection-state handling. Packet rates fluctuate wildly (5,000-50,000 pkt/s) with small, consistent average packet sizes (~60 bytes), typical of a flooding attack rather than legitimate application traffic. CAPEC-482 covers TCP-based flooding attacks exploiting connection-state weaknesses, which aligns with this PSH-ACK flood behavior.",3041,261,"CLASSIFICATION: DDoS-PSHACK_FLOOD
REFERENCE_ID: CAPEC-482
JUSTIFICATION: The traffic shows an overwhelming dominance of TCP protocol (near 100%) with the ACK flag fraction near 1.0 throughout, consistent with a PSH-ACK flood pattern designed to exploit TCP connection-state handling. Packet rates fluctuate wildly (5,000-50,000 pkt/s) with small, consistent average packet sizes (~60 bytes), typical of a flooding attack rather than legitimate application traffic. CAPEC-482 covers TCP-based flooding attacks exploiting connection-state weaknesses, which aligns with this PSH-ACK flood behavior."
DDoS-PSHACK_FLOOD_0002,DDoS-PSHACK_FLOOD,naive,DDoS-PSHACK_FLOOD,CAPEC-125,"The TCP flag panel shows an ACK fraction near 1.0 with negligible FIN/SYN/RST, consistent with a PSH+ACK flood pattern, and the protocol mix is almost entirely TCP. High variable packet rates (10k-55k pkt/s) with small, consistent average packet size (~60 bytes) and near-zero size variance further support a flood of small PSH-ACK packets typical of this DDoS variant.",1717,202,"CLASSIFICATION: DDoS-PSHACK_FLOOD
REFERENCE_ID: CAPEC-125
JUSTIFICATION: The TCP flag panel shows an ACK fraction near 1.0 with negligible FIN/SYN/RST, consistent with a PSH+ACK flood pattern, and the protocol mix is almost entirely TCP. High variable packet rates (10k-55k pkt/s) with small, consistent average packet size (~60 bytes) and near-zero size variance further support a flood of small PSH-ACK packets typical of this DDoS variant."
DDoS-PSHACK_FLOOD_0002,DDoS-PSHACK_FLOOD,cve_text_grounded,DDoS-PSHACK_FLOOD,CAPEC-125,"The traffic shows near-constant high packet rates (10k-50k pkt/s), TCP protocol dominance (~100%), and a TCP flag fraction dominated almost entirely by ACK flags with negligible FIN/RST, consistent with a PSH-ACK flood where attackers send TCP packets with PSH+ACK flags set to force the receiver into repeated buffer processing, exhausting resources. This matches CAPEC-125 (Flooding), a resource-exhaustion DoS technique via excessive flag-set TCP packets.",1756,236,"CLASSIFICATION: DDoS-PSHACK_FLOOD
REFERENCE_ID: CAPEC-125
JUSTIFICATION: The traffic shows near-constant high packet rates (10k-50k pkt/s), TCP protocol dominance (~100%), and a TCP flag fraction dominated almost entirely by ACK flags with negligible FIN/RST, consistent with a PSH-ACK flood where attackers send TCP packets with PSH+ACK flags set to force the receiver into repeated buffer processing, exhausting resources. This matches CAPEC-125 (Flooding), a resource-exhaustion DoS technique via excessive flag-set TCP packets."
DDoS-PSHACK_FLOOD_0002,DDoS-PSHACK_FLOOD,rag_grounded,DDoS-PSHACK_FLOOD,CAPEC-482,"The traffic shows an overwhelming TCP protocol mix with near-100% ACK flag fraction (and PSH flags implied by the filename/legend), consistent with a PSH-ACK flood variant of TCP flooding. Rate is highly volatile and bursty, typical of flooding attacks aimed at exhausting connection-state resources, which falls under the general TCP Flood pattern since no more specific PSH-ACK CAPEC entry exists.",3041,206,"CLASSIFICATION: DDoS-PSHACK_FLOOD
REFERENCE_ID: CAPEC-482
JUSTIFICATION: The traffic shows an overwhelming TCP protocol mix with near-100% ACK flag fraction (and PSH flags implied by the filename/legend), consistent with a PSH-ACK flood variant of TCP flooding. Rate is highly volatile and bursty, typical of flooding attacks aimed at exhausting connection-state resources, which falls under the general TCP Flood pattern since no more specific PSH-ACK CAPEC entry exists."
DDoS-PSHACK_FLOOD_0003,DDoS-PSHACK_FLOOD,naive,DDoS-PSHACK_FLOOD,CAPEC-125,"The traffic shows high, bursty packet rates dominated almost entirely by TCP protocol with an ACK flag fraction near 1.0 throughout, consistent with a PSH-ACK flood attack. Packet sizes remain small and uniform (~60 bytes) with minimal variance, typical of crafted flood packets rather than legitimate application traffic, and the minor RST spike near the end reflects connection resets from overwhelmed targets.",1717,202,"CLASSIFICATION: DDoS-PSHACK_FLOOD
REFERENCE_ID: CAPEC-125
JUSTIFICATION: The traffic shows high, bursty packet rates dominated almost entirely by TCP protocol with an ACK flag fraction near 1.0 throughout, consistent with a PSH-ACK flood attack. Packet sizes remain small and uniform (~60 bytes) with minimal variance, typical of crafted flood packets rather than legitimate application traffic, and the minor RST spike near the end reflects connection resets from overwhelmed targets."
DDoS-PSHACK_FLOOD_0003,DDoS-PSHACK_FLOOD,cve_text_grounded,DDoS-PSHACK_FLOOD,CAPEC-125,"The traffic shows high, bursty packet rates (10k-55k pkt/s) dominated almost entirely by TCP with an ACK flag fraction near 1.0 and minimal SYN/FIN/RST activity, consistent with a PSH-ACK flood where attackers send spoofed TCP segments with PSH+ACK flags set to exhaust target resources. Protocol mix confirms nearly 100% TCP, and packet sizes remain small and uniform, matching CAPEC-125 (Flooding) via malformed/abusive TCP flag combinations rather than legitimate application data flow.",1756,254,"CLASSIFICATION: DDoS-PSHACK_FLOOD
REFERENCE_ID: CAPEC-125
JUSTIFICATION: The traffic shows high, bursty packet rates (10k-55k pkt/s) dominated almost entirely by TCP with an ACK flag fraction near 1.0 and minimal SYN/FIN/RST activity, consistent with a PSH-ACK flood where attackers send spoofed TCP segments with PSH+ACK flags set to exhaust target resources. Protocol mix confirms nearly 100% TCP, and packet sizes remain small and uniform, matching CAPEC-125 (Flooding) via malformed/abusive TCP flag combinations rather than legitimate application data flow."
DDoS-PSHACK_FLOOD_0003,DDoS-PSHACK_FLOOD,rag_grounded,DDoS-PSHACK_FLOOD,CAPEC-482,"The traffic shows extremely high, bursty packet rates (10k-55k pkt/s) dominated almost entirely by TCP protocol with ACK flag fraction near 1.0 throughout, consistent with a PSH-ACK flood exploiting TCP connection-state handling. Packet sizes are small and uniform (~60 bytes) with minimal variance, typical of flooding traffic rather than legitimate application data transfer. CAPEC-482 is cited as the closest match since it covers TCP-based flooding attacks exploiting connection-state weaknesses.",3041,243,"CLASSIFICATION: DDoS-PSHACK_FLOOD
REFERENCE_ID: CAPEC-482
JUSTIFICATION: The traffic shows extremely high, bursty packet rates (10k-55k pkt/s) dominated almost entirely by TCP protocol with ACK flag fraction near 1.0 throughout, consistent with a PSH-ACK flood exploiting TCP connection-state handling. Packet sizes are small and uniform (~60 bytes) with minimal variance, typical of flooding traffic rather than legitimate application data transfer. CAPEC-482 is cited as the closest match since it covers TCP-based flooding attacks exploiting connection-state weaknesses."
DDoS-RSTFINFLOOD_0000,DDoS-RSTFINFLOOD,naive,DDoS-RSTFINFLOOD,CAPEC-125,"The traffic shows near-100% RST flag fraction across all windows with pure TCP protocol mix, small uniform packet sizes (~60 bytes), and highly variable bursty packet rates (10k-100k+ pkt/s) consistent with a volumetric RST/FIN flood attack designed to exhaust resources or disrupt TCP connection state tracking.",1717,175,"CLASSIFICATION: DDoS-RSTFINFLOOD
REFERENCE_ID: CAPEC-125
JUSTIFICATION: The traffic shows near-100% RST flag fraction across all windows with pure TCP protocol mix, small uniform packet sizes (~60 bytes), and highly variable bursty packet rates (10k-100k+ pkt/s) consistent with a volumetric RST/FIN flood attack designed to exhaust resources or disrupt TCP connection state tracking."
DDoS-RSTFINFLOOD_0000,DDoS-RSTFINFLOOD,cve_text_grounded,DDoS-RSTFINFLOOD,CAPEC-486,"The traffic shows extremely high, bursty packet rates (10K-100K+ pkt/s) composed almost entirely of TCP packets with the RST flag fraction near 1.0 throughout, consistent with a flood of RST (and FIN) packets designed to disrupt or reset connections. Packet sizes are small and uniform (~60 bytes) with minimal variance, typical of crafted flood packets rather than legitimate application traffic. CAPEC-486 (Session/TCP Flooding) captures this technique of overwhelming a target with spoofed TCP control packets to exhaust resources or terminate sessions.",1756,259,"CLASSIFICATION: DDoS-RSTFINFLOOD
REFERENCE_ID: CAPEC-486
JUSTIFICATION: The traffic shows extremely high, bursty packet rates (10K-100K+ pkt/s) composed almost entirely of TCP packets with the RST flag fraction near 1.0 throughout, consistent with a flood of RST (and FIN) packets designed to disrupt or reset connections. Packet sizes are small and uniform (~60 bytes) with minimal variance, typical of crafted flood packets rather than legitimate application traffic. CAPEC-486 (Session/TCP Flooding) captures this technique of overwhelming a target with spoofed TCP control packets to exhaust resources or terminate sessions."
DDoS-RSTFINFLOOD_0000,DDoS-RSTFINFLOOD,rag_grounded,DDoS-RSTFINFLOOD,CAPEC-482,"The TCP flag panel shows the RST flag dominating (~100%) throughout the capture with minimal FIN/SYN/PSH/ACK presence, consistent with an RST/FIN flood. Traffic is nearly 100% TCP protocol with high, bursty packet rates (tens of thousands to over 100k pkt/s) and small uniform packet sizes, matching a flooding DoS pattern exploiting TCP connection-state handling.",3041,203,"CLASSIFICATION: DDoS-RSTFINFLOOD
REFERENCE_ID: CAPEC-482
JUSTIFICATION: The TCP flag panel shows the RST flag dominating (~100%) throughout the capture with minimal FIN/SYN/PSH/ACK presence, consistent with an RST/FIN flood. Traffic is nearly 100% TCP protocol with high, bursty packet rates (tens of thousands to over 100k pkt/s) and small uniform packet sizes, matching a flooding DoS pattern exploiting TCP connection-state handling."
DDoS-RSTFINFLOOD_0001,DDoS-RSTFINFLOOD,naive,DDoS-RSTFINFLOOD,CAPEC-125,"The TCP flag panel shows RST flag fraction near 1.0 across all windows, confirming an RST-flood attack pattern consistent with the filename. High variable packet rates with bursts and TCP-dominant protocol mix further support a flooding DoS/DDoS attack using RST/FIN packets to exhaust connection state resources.",1717,166,"CLASSIFICATION: DDoS-RSTFINFLOOD
REFERENCE_ID: CAPEC-125
JUSTIFICATION: The TCP flag panel shows RST flag fraction near 1.0 across all windows, confirming an RST-flood attack pattern consistent with the filename. High variable packet rates with bursts and TCP-dominant protocol mix further support a flooding DoS/DDoS attack using RST/FIN packets to exhaust connection state resources."
DDoS-RSTFINFLOOD_0001,DDoS-RSTFINFLOOD,cve_text_grounded,DDoS-RSTFINFLOOD,CAPEC-486,"The TCP flag panel shows RST flag fraction near 1.0 across nearly all windows, with negligible SYN/ACK/PSH/FIN, indicating a flood of TCP packets with RST(+FIN) flags set rather than legitimate connection traffic. This matches the RST/FIN flood pattern used to exhaust resources or disrupt TCP state tracking, corresponding to CAPEC-486 (Voice Session/Communication Hijacking via flooding is not it, but the closest formal reference for TCP flag flooding is CAPEC-486: UDP/TCP flag flood denial of service). Packet rate spikes and consistent protocol dominance by TCP further support a volumetric RST/FIN flood DDoS classification.",1756,302,"CLASSIFICATION: DDoS-RSTFINFLOOD
REFERENCE_ID: CAPEC-486
JUSTIFICATION: The TCP flag panel shows RST flag fraction near 1.0 across nearly all windows, with negligible SYN/ACK/PSH/FIN, indicating a flood of TCP packets with RST(+FIN) flags set rather than legitimate connection traffic. This matches the RST/FIN flood pattern used to exhaust resources or disrupt TCP state tracking, corresponding to CAPEC-486 (Voice Session/Communication Hijacking via flooding is not it, but the closest formal reference for TCP flag flooding is CAPEC-486: UDP/TCP flag flood denial of service). Packet rate spikes and consistent protocol dominance by TCP further support a volumetric RST/FIN flood DDoS classification."
DDoS-RSTFINFLOOD_0001,DDoS-RSTFINFLOOD,rag_grounded,DDoS-RSTFINFLOOD,CAPEC-482,"The TCP flag panel shows RST flag fraction dominating near 1.0 throughout all windows, consistent with a RST/FIN flood attack exploiting TCP connection-state handling. Traffic is almost entirely TCP with high packet rates and periodic bursts, matching flooding behavior via malformed/abusive TCP control packets, so CAPEC-482 (TCP Flood, the closest documented pattern covering TCP flag-based flooding) applies.",3041,209,"CLASSIFICATION: DDoS-RSTFINFLOOD
REFERENCE_ID: CAPEC-482
JUSTIFICATION: The TCP flag panel shows RST flag fraction dominating near 1.0 throughout all windows, consistent with a RST/FIN flood attack exploiting TCP connection-state handling. Traffic is almost entirely TCP with high packet rates and periodic bursts, matching flooding behavior via malformed/abusive TCP control packets, so CAPEC-482 (TCP Flood, the closest documented pattern covering TCP flag-based flooding) applies."
DDoS-RSTFINFLOOD_0002,DDoS-RSTFINFLOOD,naive,DDoS-RSTFINFLOOD,CAPEC-486,"The TCP flag panel shows RST fraction near 1.0 throughout, consistent with a RST/FIN flood attack. High, volatile packet rates combined with nearly pure TCP protocol mix and small, consistent packet sizes further support a flood of RST-flagged TCP packets designed to disrupt connections, matching the RSTFINFLOOD DDoS pattern.",1717,181,"CLASSIFICATION: DDoS-RSTFINFLOOD
REFERENCE_ID: CAPEC-486
JUSTIFICATION: The TCP flag panel shows RST fraction near 1.0 throughout, consistent with a RST/FIN flood attack. High, volatile packet rates combined with nearly pure TCP protocol mix and small, consistent packet sizes further support a flood of RST-flagged TCP packets designed to disrupt connections, matching the RSTFINFLOOD DDoS pattern."
DDoS-RSTFINFLOOD_0002,DDoS-RSTFINFLOOD,cve_text_grounded,DDoS-RSTFINFLOOD,CAPEC-486,"The TCP flag panel shows the traffic is almost entirely composed of RST flags (~1.0 fraction), consistent with a RST/FIN flood attack designed to disrupt legitimate TCP connections. The high, bursty packet rate (10k-70k pkt/s) with uniform small packet sizes (~60 bytes) and pure TCP protocol mix further supports a volumetric flag-based DoS flood rather than legitimate traffic. CAPEC-486 (UDP/TCP Flood) covers this connection state disruption technique via flooding with control-flag packets.",1756,247,"CLASSIFICATION: DDoS-RSTFINFLOOD
REFERENCE_ID: CAPEC-486
JUSTIFICATION: The TCP flag panel shows the traffic is almost entirely composed of RST flags (~1.0 fraction), consistent with a RST/FIN flood attack designed to disrupt legitimate TCP connections. The high, bursty packet rate (10k-70k pkt/s) with uniform small packet sizes (~60 bytes) and pure TCP protocol mix further supports a volumetric flag-based DoS flood rather than legitimate traffic. CAPEC-486 (UDP/TCP Flood) covers this connection state disruption technique via flooding with control-flag packets."
DDoS-RSTFINFLOOD_0002,DDoS-RSTFINFLOOD,rag_grounded,DDoS-RSTFINFLOOD,CAPEC-482,"The TCP flag fraction panel shows RST flags dominating at nearly 100% throughout the capture, consistent with an RST/FIN flood pattern. Traffic is almost entirely TCP protocol with high, bursty packet rates (10k-70k pkt/s) and uniform small packet sizes, matching a TCP-based flooding attack targeting connection-state handling.",3041,179,"CLASSIFICATION: DDoS-RSTFINFLOOD
REFERENCE_ID: CAPEC-482
JUSTIFICATION: The TCP flag fraction panel shows RST flags dominating at nearly 100% throughout the capture, consistent with an RST/FIN flood pattern. Traffic is almost entirely TCP protocol with high, bursty packet rates (10k-70k pkt/s) and uniform small packet sizes, matching a TCP-based flooding attack targeting connection-state handling."
DDoS-RSTFINFLOOD_0003,DDoS-RSTFINFLOOD,naive,DDoS-RSTFINFLOOD,CAPEC-125,"The TCP flag composition panel shows RST flag fraction near 1.0 throughout, with all other flags near zero, confirming a flood of TCP RST(/FIN) packets. Protocol mix is almost entirely TCP, packet rate is high and bursty (10k-60k pkt/s), and packet sizes are small and uniform (~60 bytes avg, near-zero std), consistent with a volumetric RST/FIN flood DDoS attack.",1717,205,"CLASSIFICATION: DDoS-RSTFINFLOOD
REFERENCE_ID: CAPEC-125
JUSTIFICATION: The TCP flag composition panel shows RST flag fraction near 1.0 throughout, with all other flags near zero, confirming a flood of TCP RST(/FIN) packets. Protocol mix is almost entirely TCP, packet rate is high and bursty (10k-60k pkt/s), and packet sizes are small and uniform (~60 bytes avg, near-zero std), consistent with a volumetric RST/FIN flood DDoS attack."
DDoS-RSTFINFLOOD_0003,DDoS-RSTFINFLOOD,cve_text_grounded,DDoS-RSTFINFLOOD,CAPEC-486,"The traffic shows high-rate TCP packets (~10k-60k pkt/s) with the TCP flag composition dominated almost entirely by RST flags (~1.0 fraction), consistent with an RST/FIN flood attack designed to disrupt established TCP connections. The protocol mix is nearly 100% TCP with small, uniform packet sizes, matching CAPEC-486 (UDP/TCP flood via spoofed reset packets) used to exhaust connection state tables and deny service.",1756,219,"CLASSIFICATION: DDoS-RSTFINFLOOD
REFERENCE_ID: CAPEC-486
JUSTIFICATION: The traffic shows high-rate TCP packets (~10k-60k pkt/s) with the TCP flag composition dominated almost entirely by RST flags (~1.0 fraction), consistent with an RST/FIN flood attack designed to disrupt established TCP connections. The protocol mix is nearly 100% TCP with small, uniform packet sizes, matching CAPEC-486 (UDP/TCP flood via spoofed reset packets) used to exhaust connection state tables and deny service."
DDoS-RSTFINFLOOD_0003,DDoS-RSTFINFLOOD,rag_grounded,DDoS-RSTFINFLOOD,CAPEC-482,"The TCP flag composition panel shows RST flags dominating at nearly 100% throughout the capture, with almost no SYN, ACK, FIN, or PSH activity, indicating a flood of RST (and FIN) packets rather than normal connection establishment. The protocol mix is nearly pure TCP with consistently high packet rates (10k-60k pkt/s), consistent with a TCP-based flooding attack exploiting connection-state handling, matching the TCP Flood pattern most closely among the provided references.",3041,223,"CLASSIFICATION: DDoS-RSTFINFLOOD
REFERENCE_ID: CAPEC-482
JUSTIFICATION: The TCP flag composition panel shows RST flags dominating at nearly 100% throughout the capture, with almost no SYN, ACK, FIN, or PSH activity, indicating a flood of RST (and FIN) packets rather than normal connection establishment. The protocol mix is nearly pure TCP with consistently high packet rates (10k-60k pkt/s), consistent with a TCP-based flooding attack exploiting connection-state handling, matching the TCP Flood pattern most closely among the provided references."
DDoS-SYN_Flood_0000,DDoS-SYN_Flood,naive,DDoS-SYN_Flood,CAPEC-482,"The TCP flag panel shows SYN fraction near 1.0 throughout, with negligible ACK/FIN/RST/PSH, confirming a classic SYN flood signature. Protocol mix is almost entirely TCP, packet sizes are small and uniform (~60 bytes, consistent with bare SYN packets), and the rate spikes sharply at the end, typical of a ramping flood attack.",1717,185,"CLASSIFICATION: DDoS-SYN_Flood
REFERENCE_ID: CAPEC-482
JUSTIFICATION: The TCP flag panel shows SYN fraction near 1.0 throughout, with negligible ACK/FIN/RST/PSH, confirming a classic SYN flood signature. Protocol mix is almost entirely TCP, packet sizes are small and uniform (~60 bytes, consistent with bare SYN packets), and the rate spikes sharply at the end, typical of a ramping flood attack."
DDoS-SYN_Flood_0000,DDoS-SYN_Flood,cve_text_grounded,DDoS-SYN_Flood,CAPEC-482,"The traffic shows near-100% SYN flag fraction with negligible ACK/FIN/RST, dominated entirely by TCP protocol, small uniform packet sizes (~60 bytes), and bursty high packet rates culminating in a massive spike — classic signature of a TCP SYN flood exhausting connection resources. CAPEC-482 (TCP Flood) covers this SYN-based resource exhaustion attack pattern.",1756,196,"CLASSIFICATION: DDoS-SYN_Flood
REFERENCE_ID: CAPEC-482
JUSTIFICATION: The traffic shows near-100% SYN flag fraction with negligible ACK/FIN/RST, dominated entirely by TCP protocol, small uniform packet sizes (~60 bytes), and bursty high packet rates culminating in a massive spike — classic signature of a TCP SYN flood exhausting connection resources. CAPEC-482 (TCP Flood) covers this SYN-based resource exhaustion attack pattern."
DDoS-SYN_Flood_0000,DDoS-SYN_Flood,rag_grounded,DDoS-SYN_Flood,CAPEC-482,"The TCP flag fraction panel shows SYN flag dominance (~0.9-1.0) throughout nearly all windows, with all other flags near zero. Combined with high, spiky packet rates and small, uniform average packet sizes typical of SYN packets, this matches a classic SYN flood pattern targeting TCP connection-state handling.",3041,164,"CLASSIFICATION: DDoS-SYN_Flood
REFERENCE_ID: CAPEC-482
JUSTIFICATION: The TCP flag fraction panel shows SYN flag dominance (~0.9-1.0) throughout nearly all windows, with all other flags near zero. Combined with high, spiky packet rates and small, uniform average packet sizes typical of SYN packets, this matches a classic SYN flood pattern targeting TCP connection-state handling."
DDoS-SYN_Flood_0001,DDoS-SYN_Flood,naive,DDoS-SYN_Flood,CAPEC-482,"The traffic shows extremely high and volatile packet rates (up to ~70,000 pkt/s) with the TCP flag composition dominated almost entirely by SYN flags (~1.0 fraction) throughout the capture. The protocol mix is nearly pure TCP, and the small, consistent average packet size (~60 bytes) with occasional std spikes is consistent with spoofed/half-open SYN packets used in a SYN flood attack. This matches the classic pattern of a DDoS-SYN_Flood as referenced by CAPEC-482 (TCP Flood).",1717,242,"CLASSIFICATION: DDoS-SYN_Flood
REFERENCE_ID: CAPEC-482
JUSTIFICATION: The traffic shows extremely high and volatile packet rates (up to ~70,000 pkt/s) with the TCP flag composition dominated almost entirely by SYN flags (~1.0 fraction) throughout the capture. The protocol mix is nearly pure TCP, and the small, consistent average packet size (~60 bytes) with occasional std spikes is consistent with spoofed/half-open SYN packets used in a SYN flood attack. This matches the classic pattern of a DDoS-SYN_Flood as referenced by CAPEC-482 (TCP Flood)."
DDoS-SYN_Flood_0001,DDoS-SYN_Flood,cve_text_grounded,DDoS-SYN_Flood,CAPEC-488,"The traffic shows extremely high, bursty packet rates (up to 70k pkt/s) with the TCP flag panel showing a SYN fraction near 1.0 throughout, indicating a flood of connection-initiation packets without corresponding ACK completions. Protocol mix is almost entirely TCP, and packet sizes remain small and consistent (~60 bytes), matching the SYN flood profile of CAPEC-488 (TCP SYN Flood), where an attacker exhausts server resources by sending numerous SYN requests without completing the handshake.",1756,235,"CLASSIFICATION: DDoS-SYN_Flood
REFERENCE_ID: CAPEC-488
JUSTIFICATION: The traffic shows extremely high, bursty packet rates (up to 70k pkt/s) with the TCP flag panel showing a SYN fraction near 1.0 throughout, indicating a flood of connection-initiation packets without corresponding ACK completions. Protocol mix is almost entirely TCP, and packet sizes remain small and consistent (~60 bytes), matching the SYN flood profile of CAPEC-488 (TCP SYN Flood), where an attacker exhausts server resources by sending numerous SYN requests without completing the handshake."
DDoS-SYN_Flood_0001,DDoS-SYN_Flood,rag_grounded,DDoS-SYN_Flood,CAPEC-482,"The traffic shows extremely high, bursty packet rates (10k-70k pkt/s) dominated almost entirely by TCP protocol with SYN flag fraction near 1.0 throughout, while other flags (fin, rst, psh, ack) remain near zero. Packet sizes are small and uniform (~60 bytes avg), consistent with minimal SYN packets used to exhaust connection-state resources, matching the classic TCP SYN flood pattern described in CAPEC-482.",3041,213,"CLASSIFICATION: DDoS-SYN_Flood
REFERENCE_ID: CAPEC-482
JUSTIFICATION: The traffic shows extremely high, bursty packet rates (10k-70k pkt/s) dominated almost entirely by TCP protocol with SYN flag fraction near 1.0 throughout, while other flags (fin, rst, psh, ack) remain near zero. Packet sizes are small and uniform (~60 bytes avg), consistent with minimal SYN packets used to exhaust connection-state resources, matching the classic TCP SYN flood pattern described in CAPEC-482."
DDoS-SYN_Flood_0002,DDoS-SYN_Flood,naive,DDoS-SYN_Flood,CAPEC-488,"The TCP flag panel shows SYN fraction near 1.0 throughout with negligible fin/rst/psh/ack, and protocol mix is almost entirely TCP — the hallmark of a SYN flood. High, bursty packet rates (10k-50k pkt/s) with small, consistent average packet sizes (~60 bytes) further match typical SYN flood behavior, consistent with CAPEC-488 (TCP SYN flood resource exhaustion).",1717,206,"CLASSIFICATION: DDoS-SYN_Flood
REFERENCE_ID: CAPEC-488
JUSTIFICATION: The TCP flag panel shows SYN fraction near 1.0 throughout with negligible fin/rst/psh/ack, and protocol mix is almost entirely TCP — the hallmark of a SYN flood. High, bursty packet rates (10k-50k pkt/s) with small, consistent average packet sizes (~60 bytes) further match typical SYN flood behavior, consistent with CAPEC-488 (TCP SYN flood resource exhaustion)."
DDoS-SYN_Flood_0002,DDoS-SYN_Flood,cve_text_grounded,DDoS-SYN_Flood,CAPEC-482,"The traffic shows near-100% SYN flag fraction with negligible ACK/FIN/RST, almost exclusively TCP protocol, small uniform packet sizes (~60 bytes) typical of bare SYN packets, and bursty high packet rates up to 50k pkt/s. This matches a classic TCP SYN flood pattern designed to exhaust connection state tables, as described in CAPEC-482 (TCP Flood).",1756,196,"CLASSIFICATION: DDoS-SYN_Flood
REFERENCE_ID: CAPEC-482
JUSTIFICATION: The traffic shows near-100% SYN flag fraction with negligible ACK/FIN/RST, almost exclusively TCP protocol, small uniform packet sizes (~60 bytes) typical of bare SYN packets, and bursty high packet rates up to 50k pkt/s. This matches a classic TCP SYN flood pattern designed to exhaust connection state tables, as described in CAPEC-482 (TCP Flood)."
DDoS-SYN_Flood_0002,DDoS-SYN_Flood,rag_grounded,DDoS-SYN_Flood,CAPEC-482,"The TCP flag fraction panel shows SYN flags at nearly 1.0 throughout with negligible ACK/PSH/FIN/RST activity, indicating a flood of SYN packets exploiting connection-state handling. The protocol mix is almost entirely TCP, and the high, bursty packet rate combined with small, consistent average packet size (~60 bytes) is characteristic of a TCP SYN flood attack.",3041,192,"CLASSIFICATION: DDoS-SYN_Flood
REFERENCE_ID: CAPEC-482
JUSTIFICATION: The TCP flag fraction panel shows SYN flags at nearly 1.0 throughout with negligible ACK/PSH/FIN/RST activity, indicating a flood of SYN packets exploiting connection-state handling. The protocol mix is almost entirely TCP, and the high, bursty packet rate combined with small, consistent average packet size (~60 bytes) is characteristic of a TCP SYN flood attack."
DDoS-SYN_Flood_0003,DDoS-SYN_Flood,naive,DDoS-SYN_Flood,CAPEC-488,"The TCP flag panel shows sustained near-100% SYN fraction across most windows with minimal ACK completion, indicating half-open connection attempts characteristic of a SYN flood. Protocol mix is almost entirely TCP, packet sizes are small and uniform (~60 bytes), and packet rate is highly volatile with spikes up to 60000+ pkt/s, consistent with SYN flood bursts. CAPEC-488 (HTTP DoS) is not applicable; the correct reference for TCP SYN flooding is CAPEC-488 is incorrect—more accurately this maps to CAPEC-125 (Resource Depletion via flooding).",1717,271,"CLASSIFICATION: DDoS-SYN_Flood
REFERENCE_ID: CAPEC-488
JUSTIFICATION: The TCP flag panel shows sustained near-100% SYN fraction across most windows with minimal ACK completion, indicating half-open connection attempts characteristic of a SYN flood. Protocol mix is almost entirely TCP, packet sizes are small and uniform (~60 bytes), and packet rate is highly volatile with spikes up to 60000+ pkt/s, consistent with SYN flood bursts. CAPEC-488 (HTTP DoS) is not applicable; the correct reference for TCP SYN flooding is CAPEC-488 is incorrect—more accurately this maps to CAPEC-125 (Resource Depletion via flooding)."
DDoS-SYN_Flood_0003,DDoS-SYN_Flood,cve_text_grounded,DDoS-SYN_Flood,CAPEC-482,"The traffic shows near-100% SYN flag fraction with negligible ACK/FIN completion, high and bursty packet rates, uniform small packet sizes (~60 bytes), and an almost pure TCP protocol mix — the classic signature of a SYN flood exhausting half-open connections. CAPEC-482 (TCP Flood) covers this SYN-based resource exhaustion technique.",1756,183,"CLASSIFICATION: DDoS-SYN_Flood
REFERENCE_ID: CAPEC-482
JUSTIFICATION: The traffic shows near-100% SYN flag fraction with negligible ACK/FIN completion, high and bursty packet rates, uniform small packet sizes (~60 bytes), and an almost pure TCP protocol mix — the classic signature of a SYN flood exhausting half-open connections. CAPEC-482 (TCP Flood) covers this SYN-based resource exhaustion technique."
DDoS-SYN_Flood_0003,DDoS-SYN_Flood,rag_grounded,DDoS-SYN_Flood,CAPEC-482,"The traffic shows extremely high, bursty packet rates dominated almost entirely by TCP protocol with SYN flag fraction near 1.0 for most windows, consistent with a SYN flood. The small uniform packet size (~60 bytes) and low std further supports minimal, spoofed connection-attempt packets typical of TCP SYN flooding rather than legitimate session traffic.",3041,179,"CLASSIFICATION: DDoS-SYN_Flood
REFERENCE_ID: CAPEC-482
JUSTIFICATION: The traffic shows extremely high, bursty packet rates dominated almost entirely by TCP protocol with SYN flag fraction near 1.0 for most windows, consistent with a SYN flood. The small uniform packet size (~60 bytes) and low std further supports minimal, spoofed connection-attempt packets typical of TCP SYN flooding rather than legitimate session traffic."
DDoS-SlowLoris_0000,DDoS-SlowLoris,naive,DDoS-SlowLoris,CAPEC-469,"The traffic shows sustained high ACK fraction with low-rate periodic PSH/ACK spikes and HTTP-dominant protocol mix, consistent with Slowloris keeping many partial HTTP connections open. Packet rate stays mostly low with occasional bursts, and packet size variance grows during connection buildup, matching slow-rate application-layer exhaustion attacks (CAPEC-469: HTTP DoS via incomplete requests).",1717,201,"CLASSIFICATION: DDoS-SlowLoris
REFERENCE_ID: CAPEC-469
JUSTIFICATION: The traffic shows sustained high ACK fraction with low-rate periodic PSH/ACK spikes and HTTP-dominant protocol mix, consistent with Slowloris keeping many partial HTTP connections open. Packet rate stays mostly low with occasional bursts, and packet size variance grows during connection buildup, matching slow-rate application-layer exhaustion attacks (CAPEC-469: HTTP DoS via incomplete requests)."
DDoS-SlowLoris_0000,DDoS-SlowLoris,cve_text_grounded,DDoS-SlowLoris,CAPEC-469,"The traffic shows sustained low-rate connections with predominantly ACK flags and periodic PSH spikes, consistent with Slowloris keeping many partial HTTP connections open. The protocol mix is dominated by HTTP/HTTPS over TCP with growing average packet sizes over time, matching the slow, resource-exhausting nature of Slowloris rather than a high-volume flood. CAPEC-469 (HTTP DoS) describes this technique of exhausting server connection pools via slow partial requests.",1756,220,"CLASSIFICATION: DDoS-SlowLoris
REFERENCE_ID: CAPEC-469
JUSTIFICATION: The traffic shows sustained low-rate connections with predominantly ACK flags and periodic PSH spikes, consistent with Slowloris keeping many partial HTTP connections open. The protocol mix is dominated by HTTP/HTTPS over TCP with growing average packet sizes over time, matching the slow, resource-exhausting nature of Slowloris rather than a high-volume flood. CAPEC-469 (HTTP DoS) describes this technique of exhausting server connection pools via slow partial requests."
DDoS-SlowLoris_0000,DDoS-SlowLoris,rag_grounded,DDoS-SlowLoris,CAPEC-469,"The traffic shows sustained high ACK fraction with intermittent PSH spikes, HTTP/HTTPS-dominant protocol mix, and large/variable packet sizes consistent with slow, session-based HTTP resource exhaustion rather than raw volumetric flooding. This matches HTTP DoS behavior where legitimate-looking session traffic is used to hold connections open and exhaust server resources.",3041,186,"CLASSIFICATION: DDoS-SlowLoris
REFERENCE_ID: CAPEC-469
JUSTIFICATION: The traffic shows sustained high ACK fraction with intermittent PSH spikes, HTTP/HTTPS-dominant protocol mix, and large/variable packet sizes consistent with slow, session-based HTTP resource exhaustion rather than raw volumetric flooding. This matches HTTP DoS behavior where legitimate-looking session traffic is used to hold connections open and exhaust server resources."
DDoS-SlowLoris_0001,DDoS-SlowLoris,naive,DDoS-SlowLoris,CAPEC-469,"The traffic shows moderate, bursty packet rates dominated by TCP with high ACK and PSH flag fractions, consistent with SlowLoris keeping many connections open with partial HTTP requests. The protocol mix is heavily HTTPS/TCP with small packet sizes and high variance, matching slow-rate connection-exhaustion attacks rather than volumetric floods. CAPEC-469 (HTTP DoS) describes this resource-exhaustion technique via slow partial requests.",1717,215,"CLASSIFICATION: DDoS-SlowLoris
REFERENCE_ID: CAPEC-469
JUSTIFICATION: The traffic shows moderate, bursty packet rates dominated by TCP with high ACK and PSH flag fractions, consistent with SlowLoris keeping many connections open with partial HTTP requests. The protocol mix is heavily HTTPS/TCP with small packet sizes and high variance, matching slow-rate connection-exhaustion attacks rather than volumetric floods. CAPEC-469 (HTTP DoS) describes this resource-exhaustion technique via slow partial requests."
DDoS-SlowLoris_0001,DDoS-SlowLoris,cve_text_grounded,DDoS-SlowLoris,CAPEC-469,"The traffic shows sustained, moderate packet rates dominated by HTTP/HTTPS protocol mix with high ACK/PSH flag fractions and low SYN/FIN/RST activity, consistent with Slowloris-style partial HTTP connections kept alive to exhaust server resources. The relatively small, variable packet sizes and steady low-rate connections rather than a volumetric flood further support a slow-rate application-layer DoS technique, matching CAPEC-469 (HTTP DoS via slow connections).",1756,223,"CLASSIFICATION: DDoS-SlowLoris
REFERENCE_ID: CAPEC-469
JUSTIFICATION: The traffic shows sustained, moderate packet rates dominated by HTTP/HTTPS protocol mix with high ACK/PSH flag fractions and low SYN/FIN/RST activity, consistent with Slowloris-style partial HTTP connections kept alive to exhaust server resources. The relatively small, variable packet sizes and steady low-rate connections rather than a volumetric flood further support a slow-rate application-layer DoS technique, matching CAPEC-469 (HTTP DoS via slow connections)."
DDoS-SlowLoris_0001,DDoS-SlowLoris,rag_grounded,DDoS-SlowLoris,CAPEC-469,"The traffic shows dominant HTTPS/TCP protocol mix with high ACK flag fraction and low, sporadic PSH flags, consistent with slow, session-based application-layer connection exhaustion rather than raw volumetric flooding. Packet rates are irregular with spikes but not sustained saturation typical of SYN/UDP/ICMP floods, matching the resource-depletion nature of a Slowloris-style attack.",3041,194,"CLASSIFICATION: DDoS-SlowLoris
REFERENCE_ID: CAPEC-469
JUSTIFICATION: The traffic shows dominant HTTPS/TCP protocol mix with high ACK flag fraction and low, sporadic PSH flags, consistent with slow, session-based application-layer connection exhaustion rather than raw volumetric flooding. Packet rates are irregular with spikes but not sustained saturation typical of SYN/UDP/ICMP floods, matching the resource-depletion nature of a Slowloris-style attack."
DDoS-SlowLoris_0002,DDoS-SlowLoris,naive,DDoS-SlowLoris,CAPEC-469,"The traffic shows sustained high ACK flag fraction with intermittent PSH spikes, dominant HTTP/HTTPS protocol mix, and low-to-moderate packet rates with occasional bursts—consistent with SlowLoris keeping many HTTP connections open via partial requests. The packet size variability spikes align with sporadic partial header transmissions typical of this slow-rate application-layer DoS technique (CAPEC-469: HTTP DoS).",1717,205,"CLASSIFICATION: DDoS-SlowLoris
REFERENCE_ID: CAPEC-469
JUSTIFICATION: The traffic shows sustained high ACK flag fraction with intermittent PSH spikes, dominant HTTP/HTTPS protocol mix, and low-to-moderate packet rates with occasional bursts—consistent with SlowLoris keeping many HTTP connections open via partial requests. The packet size variability spikes align with sporadic partial header transmissions typical of this slow-rate application-layer DoS technique (CAPEC-469: HTTP DoS)."
DDoS-SlowLoris_0002,DDoS-SlowLoris,cve_text_grounded,DDoS-SlowLoris,CAPEC-469,"The traffic shows a high ACK fraction sustained near 1.0 with intermittent PSH spikes, low packet rate (except one initial burst) and HTTP-dominated protocol mix, consistent with SlowLoris behavior where many partial HTTP requests keep connections open using minimal data. This matches CAPEC-469 (HTTP DoS), reflecting resource exhaustion via slow, incomplete HTTP requests rather than volumetric flooding.",1756,205,"CLASSIFICATION: DDoS-SlowLoris
REFERENCE_ID: CAPEC-469
JUSTIFICATION: The traffic shows a high ACK fraction sustained near 1.0 with intermittent PSH spikes, low packet rate (except one initial burst) and HTTP-dominated protocol mix, consistent with SlowLoris behavior where many partial HTTP requests keep connections open using minimal data. This matches CAPEC-469 (HTTP DoS), reflecting resource exhaustion via slow, incomplete HTTP requests rather than volumetric flooding."
DDoS-SlowLoris_0002,DDoS-SlowLoris,rag_grounded,DDoS-SlowLoris,CAPEC-469,"The traffic shows sustained low-to-moderate packet rates with a dominant HTTP protocol mix and high ACK flag fractions punctuated by PSH spikes, consistent with partial HTTP requests holding connections open rather than raw volumetric flooding. This session-based, resource-exhaustion pattern at the application layer matches HTTP DoS (Slowloris-style) rather than a generic flood.",3041,186,"CLASSIFICATION: DDoS-SlowLoris
REFERENCE_ID: CAPEC-469
JUSTIFICATION: The traffic shows sustained low-to-moderate packet rates with a dominant HTTP protocol mix and high ACK flag fractions punctuated by PSH spikes, consistent with partial HTTP requests holding connections open rather than raw volumetric flooding. This session-based, resource-exhaustion pattern at the application layer matches HTTP DoS (Slowloris-style) rather than a generic flood."
DDoS-SlowLoris_0003,DDoS-SlowLoris,naive,DDoS-SlowLoris,CAPEC-469,"The traffic shows dominant HTTP protocol mix with high ACK and PSH flag fractions, consistent with SlowLoris attacks that maintain many partial HTTP connections using ACK/PSH packets while withholding complete requests. The variable packet rate with periodic spikes and generally small, variable packet sizes matches the slow, resource-exhausting connection pattern typical of SlowLoris rather than a volumetric flood. CAPEC-469 (HTTP DoS) describes this resource exhaustion technique via incomplete HTTP requests.",1717,235,"CLASSIFICATION: DDoS-SlowLoris
REFERENCE_ID: CAPEC-469
JUSTIFICATION: The traffic shows dominant HTTP protocol mix with high ACK and PSH flag fractions, consistent with SlowLoris attacks that maintain many partial HTTP connections using ACK/PSH packets while withholding complete requests. The variable packet rate with periodic spikes and generally small, variable packet sizes matches the slow, resource-exhausting connection pattern typical of SlowLoris rather than a volumetric flood. CAPEC-469 (HTTP DoS) describes this resource exhaustion technique via incomplete HTTP requests."
DDoS-SlowLoris_0003,DDoS-SlowLoris,cve_text_grounded,DDoS-SlowLoris,CAPEC-469,"The traffic shows sustained high PSH and ACK flag fractions with predominant HTTP protocol mix, characteristic of Slowloris attacks that hold connections open with partial HTTP requests. The bursty rate spikes with low-and-slow baseline traffic and variable packet sizes reflect the incomplete request/keep-alive pattern used to exhaust server connection pools. CAPEC-469 (HTTP DoS) covers this application-layer resource exhaustion technique.",1756,211,"CLASSIFICATION: DDoS-SlowLoris
REFERENCE_ID: CAPEC-469
JUSTIFICATION: The traffic shows sustained high PSH and ACK flag fractions with predominant HTTP protocol mix, characteristic of Slowloris attacks that hold connections open with partial HTTP requests. The bursty rate spikes with low-and-slow baseline traffic and variable packet sizes reflect the incomplete request/keep-alive pattern used to exhaust server connection pools. CAPEC-469 (HTTP DoS) covers this application-layer resource exhaustion technique."
DDoS-SlowLoris_0003,DDoS-SlowLoris,rag_grounded,DDoS-SlowLoris,CAPEC-469,"The traffic shows HTTP-dominant protocol mix with sustained low-moderate packet rates punctuated by spikes, and high PSH/ACK flag fractions consistent with maintaining many partial HTTP connections open rather than raw volumetric flooding. Packet sizes remain small-to-moderate with variable std, matching slow, incomplete HTTP request patterns typical of resource-exhaustion attacks rather than bandwidth-saturation floods.",3041,204,"CLASSIFICATION: DDoS-SlowLoris
REFERENCE_ID: CAPEC-469
JUSTIFICATION: The traffic shows HTTP-dominant protocol mix with sustained low-moderate packet rates punctuated by spikes, and high PSH/ACK flag fractions consistent with maintaining many partial HTTP connections open rather than raw volumetric flooding. Packet sizes remain small-to-moderate with variable std, matching slow, incomplete HTTP request patterns typical of resource-exhaustion attacks rather than bandwidth-saturation floods."
DDoS-UDP_Flood_0000,DDoS-UDP_Flood,naive,DDoS-UDP_Flood,CAPEC-486,"The protocol mix panel shows near-100% UDP traffic throughout, with high packet rates (peaking above 100,000 pkt/s) and minimal TCP flag activity, consistent with a volumetric UDP flood. The average packet size remains stable near 60 bytes, typical of small, uniform UDP flood packets used to overwhelm the target's bandwidth or processing capacity.",1717,180,"CLASSIFICATION: DDoS-UDP_Flood
REFERENCE_ID: CAPEC-486
JUSTIFICATION: The protocol mix panel shows near-100% UDP traffic throughout, with high packet rates (peaking above 100,000 pkt/s) and minimal TCP flag activity, consistent with a volumetric UDP flood. The average packet size remains stable near 60 bytes, typical of small, uniform UDP flood packets used to overwhelm the target's bandwidth or processing capacity."
DDoS-UDP_Flood_0000,DDoS-UDP_Flood,cve_text_grounded,,,,1756,77,C
DDoS-UDP_Flood_0000,DDoS-UDP_Flood,rag_grounded,DDoS-UDP_Flood,CAPEC-486,"The protocol mix panel shows near-100% UDP traffic throughout, with high and variable packet rates (10k-100k+ pkt/s) consistent with volumetric flooding. TCP flags are negligible/near-zero, ruling out TCP-based attacks, and the small average packet size (~60 bytes) with minimal fragmentation indicates a straightforward UDP flood rather than fragmentation-based attacks.",3041,191,"CLASSIFICATION: DDoS-UDP_Flood
REFERENCE_ID: CAPEC-486
JUSTIFICATION: The protocol mix panel shows near-100% UDP traffic throughout, with high and variable packet rates (10k-100k+ pkt/s) consistent with volumetric flooding. TCP flags are negligible/near-zero, ruling out TCP-based attacks, and the small average packet size (~60 bytes) with minimal fragmentation indicates a straightforward UDP flood rather than fragmentation-based attacks."
DDoS-UDP_Flood_0001,DDoS-UDP_Flood,naive,DDoS-UDP_Flood,CAPEC-486,"The protocol mix panel shows overwhelming UDP dominance (~99%) throughout the capture, with minimal TCP flag activity confirming UDP as the primary vector. Packet rates oscillate dramatically between ~10,000-60,000 pkt/s in a sawtooth pattern typical of flooding attacks, while packet sizes remain small and consistent (~60 bytes avg) with low variance, characteristic of UDP flood packets designed for volumetric bandwidth exhaustion.",1717,217,"CLASSIFICATION: DDoS-UDP_Flood
REFERENCE_ID: CAPEC-486
JUSTIFICATION: The protocol mix panel shows overwhelming UDP dominance (~99%) throughout the capture, with minimal TCP flag activity confirming UDP as the primary vector. Packet rates oscillate dramatically between ~10,000-60,000 pkt/s in a sawtooth pattern typical of flooding attacks, while packet sizes remain small and consistent (~60 bytes avg) with low variance, characteristic of UDP flood packets designed for volumetric bandwidth exhaustion."
DDoS-UDP_Flood_0001,DDoS-UDP_Flood,cve_text_grounded,DDoS-UDP_Flood,CAPEC-486,"The traffic shows extremely high, oscillating packet rates (10k-60k pkt/s) dominated almost entirely by UDP protocol (green fill near 100%) with negligible TCP flags and small, consistent packet sizes (~60 bytes avg, low std). This pattern is characteristic of a volumetric UDP flood attack designed to exhaust bandwidth/resources, matching CAPEC-486 (UDP Flood).",1756,197,"CLASSIFICATION: DDoS-UDP_Flood
REFERENCE_ID: CAPEC-486
JUSTIFICATION: The traffic shows extremely high, oscillating packet rates (10k-60k pkt/s) dominated almost entirely by UDP protocol (green fill near 100%) with negligible TCP flags and small, consistent packet sizes (~60 bytes avg, low std). This pattern is characteristic of a volumetric UDP flood attack designed to exhaust bandwidth/resources, matching CAPEC-486 (UDP Flood)."
DDoS-UDP_Flood_0001,DDoS-UDP_Flood,rag_grounded,DDoS-UDP_Flood,CAPEC-486,"The protocol mix panel shows overwhelming UDP dominance (~99%) throughout all windows, with packet rate oscillating dramatically between ~10,000-60,000 pkt/s in a sawtooth pattern typical of flooding bursts. TCP flags are negligible/near-zero, confirming this is not TCP-based flooding. Small consistent packet sizes (~60 bytes) with minimal variance align with the session-less, high-volume UDP flood pattern described in CAPEC-486.",3041,218,"CLASSIFICATION: DDoS-UDP_Flood
REFERENCE_ID: CAPEC-486
JUSTIFICATION: The protocol mix panel shows overwhelming UDP dominance (~99%) throughout all windows, with packet rate oscillating dramatically between ~10,000-60,000 pkt/s in a sawtooth pattern typical of flooding bursts. TCP flags are negligible/near-zero, confirming this is not TCP-based flooding. Small consistent packet sizes (~60 bytes) with minimal variance align with the session-less, high-volume UDP flood pattern described in CAPEC-486."
DDoS-UDP_Flood_0002,DDoS-UDP_Flood,naive,DDoS-UDP_Flood,CAPEC-486,"The protocol mix panel shows near-total UDP dominance (~100%) with negligible TCP, consistent with a UDP flood attack. Packet rates are high and fluctuating (10k-58k pkt/s) with minimal TCP flag activity, and packet sizes remain fairly constant (~60 bytes) with occasional spikes in std deviation, typical of UDP flood traffic patterns.",1717,184,"CLASSIFICATION: DDoS-UDP_Flood
REFERENCE_ID: CAPEC-486
JUSTIFICATION: The protocol mix panel shows near-total UDP dominance (~100%) with negligible TCP, consistent with a UDP flood attack. Packet rates are high and fluctuating (10k-58k pkt/s) with minimal TCP flag activity, and packet sizes remain fairly constant (~60 bytes) with occasional spikes in std deviation, typical of UDP flood traffic patterns."
DDoS-UDP_Flood_0002,DDoS-UDP_Flood,cve_text_grounded,DDoS-UDP_Flood,CAPEC-486,"The traffic shows overwhelming UDP protocol dominance (~100%) with high, volatile packet rates (10k-60k pkt/s) and minimal TCP flag activity, consistent with a UDP flood attack. The small spikes in packet size std dev likely correspond to occasional non-UDP control packets amid the flood. CAPEC-486 (UDP Flood) describes this volumetric denial-of-service technique targeting bandwidth/resource exhaustion via UDP packets.",1756,214,"CLASSIFICATION: DDoS-UDP_Flood
REFERENCE_ID: CAPEC-486
JUSTIFICATION: The traffic shows overwhelming UDP protocol dominance (~100%) with high, volatile packet rates (10k-60k pkt/s) and minimal TCP flag activity, consistent with a UDP flood attack. The small spikes in packet size std dev likely correspond to occasional non-UDP control packets amid the flood. CAPEC-486 (UDP Flood) describes this volumetric denial-of-service technique targeting bandwidth/resource exhaustion via UDP packets."
DDoS-UDP_Flood_0002,DDoS-UDP_Flood,rag_grounded,DDoS-UDP_Flood,CAPEC-486,"The protocol mix panel shows near-total dominance of UDP traffic throughout all windows, with TCP flags remaining negligible (mostly 0, small spikes). Packet rate is high and volatile (5,000-58,000 pkt/s), consistent with a volumetric flood. Average packet size stays flat (~60 bytes) with only transient std spikes, indicating simple spoofed UDP packets rather than fragmentation, matching the UDP Flood pattern.",3041,207,"CLASSIFICATION: DDoS-UDP_Flood
REFERENCE_ID: CAPEC-486
JUSTIFICATION: The protocol mix panel shows near-total dominance of UDP traffic throughout all windows, with TCP flags remaining negligible (mostly 0, small spikes). Packet rate is high and volatile (5,000-58,000 pkt/s), consistent with a volumetric flood. Average packet size stays flat (~60 bytes) with only transient std spikes, indicating simple spoofed UDP packets rather than fragmentation, matching the UDP Flood pattern."
DDoS-UDP_Flood_0003,DDoS-UDP_Flood,naive,DDoS-UDP_Flood,CAPEC-486,"The protocol mix panel shows near-100% UDP traffic with no TCP flag activity, consistent with a UDP flood. The packet rate is highly volatile with bursts up to 150,000+ pkt/s and small, consistent packet sizes (~60 bytes avg), typical of high-volume UDP flood attacks designed to overwhelm bandwidth/resources.",1717,175,"CLASSIFICATION: DDoS-UDP_Flood
REFERENCE_ID: CAPEC-486
JUSTIFICATION: The protocol mix panel shows near-100% UDP traffic with no TCP flag activity, consistent with a UDP flood. The packet rate is highly volatile with bursts up to 150,000+ pkt/s and small, consistent packet sizes (~60 bytes avg), typical of high-volume UDP flood attacks designed to overwhelm bandwidth/resources."
DDoS-UDP_Flood_0003,DDoS-UDP_Flood,cve_text_grounded,DDoS-UDP_Flood,CAPEC-486,"The traffic shows near-exclusive UDP protocol usage with zero TCP flag activity, small uniform packet sizes (~60 bytes), and highly variable packet rates spiking to over 150,000 pkt/s. This pattern is consistent with a volumetric UDP flood attack designed to overwhelm target resources, matching CAPEC-486 (UDP Flood).",1756,177,"CLASSIFICATION: DDoS-UDP_Flood
REFERENCE_ID: CAPEC-486
JUSTIFICATION: The traffic shows near-exclusive UDP protocol usage with zero TCP flag activity, small uniform packet sizes (~60 bytes), and highly variable packet rates spiking to over 150,000 pkt/s. This pattern is consistent with a volumetric UDP flood attack designed to overwhelm target resources, matching CAPEC-486 (UDP Flood)."
DDoS-UDP_Flood_0003,DDoS-UDP_Flood,rag_grounded,DDoS-UDP_Flood,CAPEC-486,"The protocol mix panel shows traffic is almost entirely UDP, with zero TCP flag activity, consistent packet rate spikes up to ~170,000 pkt/s, and small uniform average packet sizes (~60 bytes). This matches a volumetric UDP flood pattern designed to exhaust bandwidth using connectionless UDP packets, as described in CAPEC-486.",3041,180,"CLASSIFICATION: DDoS-UDP_Flood
REFERENCE_ID: CAPEC-486
JUSTIFICATION: The protocol mix panel shows traffic is almost entirely UDP, with zero TCP flag activity, consistent packet rate spikes up to ~170,000 pkt/s, and small uniform average packet sizes (~60 bytes). This matches a volumetric UDP flood pattern designed to exhaust bandwidth using connectionless UDP packets, as described in CAPEC-486."
DDoS-UDP_Fragmentation_0000,DDoS-UDP_Fragmentation,naive,DDoS-UDP_Fragmentation,CAPEC-530,"The protocol mix panel shows overwhelming UDP dominance (~98%) with minimal TCP presence, consistent with UDP fragmentation attacks. The TCP flag fractions are near-zero/noisy since almost no TCP traffic exists, and packet rate shows bursty spikes typical of fragmented UDP flooding. Average packet sizes cluster near 900-950 bytes, consistent with fragmented large UDP payloads.",1717,202,"CLASSIFICATION: DDoS-UDP_Fragmentation
REFERENCE_ID: CAPEC-530
JUSTIFICATION: The protocol mix panel shows overwhelming UDP dominance (~98%) with minimal TCP presence, consistent with UDP fragmentation attacks. The TCP flag fractions are near-zero/noisy since almost no TCP traffic exists, and packet rate shows bursty spikes typical of fragmented UDP flooding. Average packet sizes cluster near 900-950 bytes, consistent with fragmented large UDP payloads."
DDoS-UDP_Fragmentation_0000,DDoS-UDP_Fragmentation,cve_text_grounded,DDoS-UDP_Fragmentation,CAPEC-530,"The protocol mix panel is dominated almost entirely by UDP traffic with minimal TCP flag activity, consistent with a UDP-based flood, while the high variance in packet rate and stable large average packet size (~900-1000 bytes) suggest fragmented UDP packets being used to exhaust bandwidth and reassembly resources. CAPEC-530 (Provide Counterfeit or Fake Sensor via Malicious Packet Fragmentation) and related fragmentation-based DoS techniques align with this pattern of high-rate, fragmented UDP flooding typical of IoT botnet attacks like those in CIC-IoT-2023.",1756,270,"CLASSIFICATION: DDoS-UDP_Fragmentation
REFERENCE_ID: CAPEC-530
JUSTIFICATION: The protocol mix panel is dominated almost entirely by UDP traffic with minimal TCP flag activity, consistent with a UDP-based flood, while the high variance in packet rate and stable large average packet size (~900-1000 bytes) suggest fragmented UDP packets being used to exhaust bandwidth and reassembly resources. CAPEC-530 (Provide Counterfeit or Fake Sensor via Malicious Packet Fragmentation) and related fragmentation-based DoS techniques align with this pattern of high-rate, fragmented UDP flooding typical of IoT botnet attacks like those in CIC-IoT-2023."
DDoS-UDP_Fragmentation_0000,DDoS-UDP_Fragmentation,rag_grounded,DDoS-UDP_Fragmentation,CAPEC-495,"The protocol mix panel shows overwhelming UDP dominance (~98%) with minimal TCP/other protocols, and the packet rate shows sustained high-volume bursts (up to 6000+ pkt/s). Average packet sizes are consistently large (~900-1000 bytes) with fluctuating rates, consistent with large UDP packets causing IP fragmentation as described in UDP Fragmentation attacks rather than simple small-packet UDP flooding.",3041,209,"CLASSIFICATION: DDoS-UDP_Fragmentation
REFERENCE_ID: CAPEC-495
JUSTIFICATION: The protocol mix panel shows overwhelming UDP dominance (~98%) with minimal TCP/other protocols, and the packet rate shows sustained high-volume bursts (up to 6000+ pkt/s). Average packet sizes are consistently large (~900-1000 bytes) with fluctuating rates, consistent with large UDP packets causing IP fragmentation as described in UDP Fragmentation attacks rather than simple small-packet UDP flooding."
DDoS-UDP_Fragmentation_0001,DDoS-UDP_Fragmentation,naive,DDoS-UDP_Fragmentation,CAPEC-530,"The protocol mix panel shows a near-constant ~50% UDP traffic dominance throughout the capture, with variable high packet rates (1000-6700 pkt/s) and consistently large average packet sizes (~900 bytes), indicative of fragmented UDP packets. TCP flags remain negligible except for a brief anomalous spike, consistent with UDP fragmentation flood attacks rather than TCP-based attacks. This matches the fragmentation attack pattern (CAPEC-530: IP Address Spoofing/Fragmentation abuse).",1717,239,"CLASSIFICATION: DDoS-UDP_Fragmentation
REFERENCE_ID: CAPEC-530
JUSTIFICATION: The protocol mix panel shows a near-constant ~50% UDP traffic dominance throughout the capture, with variable high packet rates (1000-6700 pkt/s) and consistently large average packet sizes (~900 bytes), indicative of fragmented UDP packets. TCP flags remain negligible except for a brief anomalous spike, consistent with UDP fragmentation flood attacks rather than TCP-based attacks. This matches the fragmentation attack pattern (CAPEC-530: IP Address Spoofing/Fragmentation abuse)."
DDoS-UDP_Fragmentation_0001,DDoS-UDP_Fragmentation,cve_text_grounded,DDoS-UDP_Fragmentation,CAPEC-530,"The protocol mix is dominated almost entirely by UDP traffic with negligible TCP flags (near-zero fin/syn/rst/psh/ack fractions), and packet rate shows bursty fluctuations typical of flooding. Average packet sizes are consistently large (~900+ bytes) with moderate std deviation, consistent with fragmented UDP packets designed to exhaust reassembly resources. This matches CAPEC-530 (IP Fragmentation-based attacks), reflecting the UDP fragmentation DDoS technique.",1756,235,"CLASSIFICATION: DDoS-UDP_Fragmentation
REFERENCE_ID: CAPEC-530
JUSTIFICATION: The protocol mix is dominated almost entirely by UDP traffic with negligible TCP flags (near-zero fin/syn/rst/psh/ack fractions), and packet rate shows bursty fluctuations typical of flooding. Average packet sizes are consistently large (~900+ bytes) with moderate std deviation, consistent with fragmented UDP packets designed to exhaust reassembly resources. This matches CAPEC-530 (IP Fragmentation-based attacks), reflecting the UDP fragmentation DDoS technique."
DDoS-UDP_Fragmentation_0001,DDoS-UDP_Fragmentation,rag_grounded,DDoS-UDP_Fragmentation,CAPEC-495,"The protocol mix panel shows an overwhelming dominance of UDP traffic (~50%, paired with ~50% TCP baseline noise) throughout all windows, consistent with a UDP-based flood. The packet size panel shows consistently large average packet sizes (~900+ bytes) with moderate standard deviation, indicating large UDP payloads that would require IP fragmentation, matching the UDP Fragmentation pattern rather than a simple small-packet UDP flood.",3041,212,"CLASSIFICATION: DDoS-UDP_Fragmentation
REFERENCE_ID: CAPEC-495
JUSTIFICATION: The protocol mix panel shows an overwhelming dominance of UDP traffic (~50%, paired with ~50% TCP baseline noise) throughout all windows, consistent with a UDP-based flood. The packet size panel shows consistently large average packet sizes (~900+ bytes) with moderate standard deviation, indicating large UDP payloads that would require IP fragmentation, matching the UDP Fragmentation pattern rather than a simple small-packet UDP flood."
DDoS-UDP_Fragmentation_0002,DDoS-UDP_Fragmentation,naive,DDoS-UDP_Fragmentation,CAPEC-530,"The protocol mix panel shows an overwhelming dominance of UDP traffic throughout all windows, consistent with UDP-based flooding/fragmentation attacks. The packet rate is bursty and elevated with large average packet sizes (~900+ bytes) and low standard deviation, indicating fragmented UDP packets of consistent large size being sent to overwhelm the target. TCP flag activity is minimal and sporadic, ruling out TCP-based attacks, and the title explicitly confirms this is a UDP Fragmentation sample.",1717,234,"CLASSIFICATION: DDoS-UDP_Fragmentation
REFERENCE_ID: CAPEC-530
JUSTIFICATION: The protocol mix panel shows an overwhelming dominance of UDP traffic throughout all windows, consistent with UDP-based flooding/fragmentation attacks. The packet rate is bursty and elevated with large average packet sizes (~900+ bytes) and low standard deviation, indicating fragmented UDP packets of consistent large size being sent to overwhelm the target. TCP flag activity is minimal and sporadic, ruling out TCP-based attacks, and the title explicitly confirms this is a UDP Fragmentation sample."
DDoS-UDP_Fragmentation_0002,DDoS-UDP_Fragmentation,cve_text_grounded,DDoS-UDP_Fragmentation,CAPEC-530,"The protocol mix panel shows overwhelming UDP dominance with bursty, highly variable packet rates and consistently large average packet sizes (~900+ bytes) with low variance, characteristic of fragmented UDP packets used to exhaust reassembly resources. TCP flags are largely absent/negligible, ruling out TCP-based floods, and confirming this is a UDP fragmentation-based flooding attack. CAPEC-530 (Provide Counterfeit or Ambiguous Traffic) covers IP fragmentation abuse techniques used in such DDoS attacks.",1756,248,"CLASSIFICATION: DDoS-UDP_Fragmentation
REFERENCE_ID: CAPEC-530
JUSTIFICATION: The protocol mix panel shows overwhelming UDP dominance with bursty, highly variable packet rates and consistently large average packet sizes (~900+ bytes) with low variance, characteristic of fragmented UDP packets used to exhaust reassembly resources. TCP flags are largely absent/negligible, ruling out TCP-based floods, and confirming this is a UDP fragmentation-based flooding attack. CAPEC-530 (Provide Counterfeit or Ambiguous Traffic) covers IP fragmentation abuse techniques used in such DDoS attacks."
DDoS-UDP_Fragmentation_0002,DDoS-UDP_Fragmentation,rag_grounded,DDoS-UDP_Fragmentation,CAPEC-495,"The protocol mix panel shows UDP dominating nearly the entire traffic volume, while the packet size panel shows consistently large average packet sizes (~900+ bytes) with tight standard deviation, consistent with large UDP packets forcing IP fragmentation. TCP flag activity is minimal and sporadic, ruling out TCP-based floods, and the bursty rate pattern matches fragmentation-based bandwidth consumption attacks.",3041,202,"CLASSIFICATION: DDoS-UDP_Fragmentation
REFERENCE_ID: CAPEC-495
JUSTIFICATION: The protocol mix panel shows UDP dominating nearly the entire traffic volume, while the packet size panel shows consistently large average packet sizes (~900+ bytes) with tight standard deviation, consistent with large UDP packets forcing IP fragmentation. TCP flag activity is minimal and sporadic, ruling out TCP-based floods, and the bursty rate pattern matches fragmentation-based bandwidth consumption attacks."
DDoS-UDP_Fragmentation_0003,DDoS-UDP_Fragmentation,naive,DDoS-UDP_Fragmentation,CAPEC-530,"The protocol mix panel shows UDP dominating traffic (~50%) alongside HTTP/HTTPS mixed in, with minimal TCP flag activity except a brief spike, consistent with fragmented UDP flood traffic. The large average packet sizes (800-1000+ bytes) and elevated standard deviation align with fragmented UDP packets used to overwhelm reassembly buffers, a classic UDP fragmentation DDoS pattern as referenced in CAPEC-530 (Network Fragmentation).",1717,228,"CLASSIFICATION: DDoS-UDP_Fragmentation
REFERENCE_ID: CAPEC-530
JUSTIFICATION: The protocol mix panel shows UDP dominating traffic (~50%) alongside HTTP/HTTPS mixed in, with minimal TCP flag activity except a brief spike, consistent with fragmented UDP flood traffic. The large average packet sizes (800-1000+ bytes) and elevated standard deviation align with fragmented UDP packets used to overwhelm reassembly buffers, a classic UDP fragmentation DDoS pattern as referenced in CAPEC-530 (Network Fragmentation)."
DDoS-UDP_Fragmentation_0003,DDoS-UDP_Fragmentation,cve_text_grounded,DDoS-UDP_Fragmentation,CAPEC-530,"The protocol mix panel shows UDP as the dominant protocol (~50%) with minimal TCP flag activity, consistent with UDP-based flooding rather than TCP-based attacks. The large average packet sizes (800-1000+ bytes) with corresponding high standard deviation spikes indicate fragmented UDP packets, a hallmark of UDP fragmentation attacks designed to exhaust reassembly resources on target systems. CAPEC-530 (Provide Counterfeit or Fake User Interface / Resource fragmentation) covers exploitation of fragmentation handling.",1756,250,"CLASSIFICATION: DDoS-UDP_Fragmentation
REFERENCE_ID: CAPEC-530
JUSTIFICATION: The protocol mix panel shows UDP as the dominant protocol (~50%) with minimal TCP flag activity, consistent with UDP-based flooding rather than TCP-based attacks. The large average packet sizes (800-1000+ bytes) with corresponding high standard deviation spikes indicate fragmented UDP packets, a hallmark of UDP fragmentation attacks designed to exhaust reassembly resources on target systems. CAPEC-530 (Provide Counterfeit or Fake User Interface / Resource fragmentation) covers exploitation of fragmentation handling."
DDoS-UDP_Fragmentation_0003,DDoS-UDP_Fragmentation,rag_grounded,DDoS-UDP_Fragmentation,CAPEC-495,"The protocol mix panel shows UDP dominating throughout at roughly 50% consistently, paired with unusually large average packet sizes (~900-1050) and packet-rate spikes, consistent with fragmented large UDP packets rather than small flood packets. TCP flag fractions remain near zero except for a brief ACK/PSH spike, indicating TCP is incidental, not the attack vector. The sustained large packet sizes and high std deviation align with UDP fragmentation's characteristic of large packets forcing IP fragmentation.",3041,231,"CLASSIFICATION: DDoS-UDP_Fragmentation
REFERENCE_ID: CAPEC-495
JUSTIFICATION: The protocol mix panel shows UDP dominating throughout at roughly 50% consistently, paired with unusually large average packet sizes (~900-1050) and packet-rate spikes, consistent with fragmented large UDP packets rather than small flood packets. TCP flag fractions remain near zero except for a brief ACK/PSH spike, indicating TCP is incidental, not the attack vector. The sustained large packet sizes and high std deviation align with UDP fragmentation's characteristic of large packets forcing IP fragmentation."
DNS_Spoofing_0000,DNS_Spoofing,naive,DNS_Spoofing,CAPEC-142,"The traffic shows a DNS protocol component in the protocol mix panel alongside HTTP/HTTPS/TCP/UDP, with ACK-dominant TCP flag fractions and moderate PSH spikes typical of spoofed DNS response injection. The variable packet rate with periodic bursts and high packet size variance is consistent with DNS spoofing/cache poisoning attacks (CAPEC-142) rather than volumetric flooding.",1717,198,"CLASSIFICATION: DNS_Spoofing
REFERENCE_ID: CAPEC-142
JUSTIFICATION: The traffic shows a DNS protocol component in the protocol mix panel alongside HTTP/HTTPS/TCP/UDP, with ACK-dominant TCP flag fractions and moderate PSH spikes typical of spoofed DNS response injection. The variable packet rate with periodic bursts and high packet size variance is consistent with DNS spoofing/cache poisoning attacks (CAPEC-142) rather than volumetric flooding."
DNS_Spoofing_0000,DNS_Spoofing,cve_text_grounded,DNS_Spoofing,CAPEC-142,"The traffic shows a moderate, bursty packet rate with a mixed protocol composition dominated by TCP/HTTP/DNS and predominantly ACK-flagged TCP packets, consistent with off-path DNS response spoofing/cache poisoning activity overlaid on legitimate-looking flows. The presence of DNS protocol fraction alongside HTTP/HTTPS traffic and irregular rate spikes matches the pattern of injected forged DNS replies rather than a volumetric flood. CAPEC-142 (DNS Cache Poisoning) describes this technique of redirecting traffic via spoofed DNS responses.",1756,261,"CLASSIFICATION: DNS_Spoofing
REFERENCE_ID: CAPEC-142
JUSTIFICATION: The traffic shows a moderate, bursty packet rate with a mixed protocol composition dominated by TCP/HTTP/DNS and predominantly ACK-flagged TCP packets, consistent with off-path DNS response spoofing/cache poisoning activity overlaid on legitimate-looking flows. The presence of DNS protocol fraction alongside HTTP/HTTPS traffic and irregular rate spikes matches the pattern of injected forged DNS replies rather than a volumetric flood. CAPEC-142 (DNS Cache Poisoning) describes this technique of redirecting traffic via spoofed DNS responses."
DNS_Spoofing_0000,DNS_Spoofing,rag_grounded,DNS_Spoofing,CAPEC-142,"The traffic shows a mixed protocol composition with a notable DNS component alongside HTTP/HTTPS and TCP/UDP, consistent with DNS spoofing activity rather than a pure volumetric flood. Packet rates fluctuate with periodic spikes rather than a sustained flood pattern, and TCP flags show ACK/PSH dominance typical of normal session traffic being manipulated rather than SYN-flood style connection exhaustion. This matches the sample label DNS_Spoofing_0000 and aligns with CAPEC-142's description of DNS cache poisoning/spoofing.",3041,250,"CLASSIFICATION: DNS_Spoofing
REFERENCE_ID: CAPEC-142
JUSTIFICATION: The traffic shows a mixed protocol composition with a notable DNS component alongside HTTP/HTTPS and TCP/UDP, consistent with DNS spoofing activity rather than a pure volumetric flood. Packet rates fluctuate with periodic spikes rather than a sustained flood pattern, and TCP flags show ACK/PSH dominance typical of normal session traffic being manipulated rather than SYN-flood style connection exhaustion. This matches the sample label DNS_Spoofing_0000 and aligns with CAPEC-142's description of DNS cache poisoning/spoofing."
DNS_Spoofing_0001,DNS_Spoofing,naive,DNS_Spoofing,CAPEC-141,"The traffic shows a mix of DNS, HTTP/HTTPS, TCP and UDP protocols with variable packet rates and no single flood pattern, consistent with DNS spoofing activity where an attacker injects forged DNS responses amid otherwise mixed legitimate-looking traffic. The ACK/PSH-dominant TCP flag composition and moderate, fluctuating packet rates further support a spoofing/injection scenario rather than a volumetric flood attack. CAPEC-141 (Cache Poisoning) aligns with DNS spoofing techniques.",1717,240,"CLASSIFICATION: DNS_Spoofing
REFERENCE_ID: CAPEC-141
JUSTIFICATION: The traffic shows a mix of DNS, HTTP/HTTPS, TCP and UDP protocols with variable packet rates and no single flood pattern, consistent with DNS spoofing activity where an attacker injects forged DNS responses amid otherwise mixed legitimate-looking traffic. The ACK/PSH-dominant TCP flag composition and moderate, fluctuating packet rates further support a spoofing/injection scenario rather than a volumetric flood attack. CAPEC-141 (Cache Poisoning) aligns with DNS spoofing techniques."
DNS_Spoofing_0001,DNS_Spoofing,cve_text_grounded,DNS_Spoofing,CAPEC-142,"The traffic shows variable rate bursts with mixed TCP/UDP/HTTP/HTTPS/DNS protocol composition and fluctuating ACK/PSH flag dominance, consistent with DNS response spoofing/poisoning activity rather than a volumetric flood. The presence of DNS protocol slices alongside HTTP/HTTPS mixing and irregular packet size variance supports injection of forged DNS replies. CAPEC-142 (DNS Cache Poisoning) matches this spoofing behavior pattern.",1756,228,"CLASSIFICATION: DNS_Spoofing
REFERENCE_ID: CAPEC-142
JUSTIFICATION: The traffic shows variable rate bursts with mixed TCP/UDP/HTTP/HTTPS/DNS protocol composition and fluctuating ACK/PSH flag dominance, consistent with DNS response spoofing/poisoning activity rather than a volumetric flood. The presence of DNS protocol slices alongside HTTP/HTTPS mixing and irregular packet size variance supports injection of forged DNS replies. CAPEC-142 (DNS Cache Poisoning) matches this spoofing behavior pattern."
DNS_Spoofing_0001,DNS_Spoofing,rag_grounded,DNS_Spoofing,CAPEC-142,"The traffic shows a mix of TCP, UDP, HTTP, HTTPS and DNS protocols with variable, non-flood-like rate patterns and fluctuating packet sizes, consistent with legitimate-looking mixed traffic rather than a pure volumetric flood. The presence of DNS protocol fraction alongside irregular ACK/PSH flag dominance suggests manipulation of DNS responses rather than a single-protocol DoS pattern. This aligns with DNS cache poisoning/spoofing behavior as described in CAPEC-142.",3041,235,"CLASSIFICATION: DNS_Spoofing
REFERENCE_ID: CAPEC-142
JUSTIFICATION: The traffic shows a mix of TCP, UDP, HTTP, HTTPS and DNS protocols with variable, non-flood-like rate patterns and fluctuating packet sizes, consistent with legitimate-looking mixed traffic rather than a pure volumetric flood. The presence of DNS protocol fraction alongside irregular ACK/PSH flag dominance suggests manipulation of DNS responses rather than a single-protocol DoS pattern. This aligns with DNS cache poisoning/spoofing behavior as described in CAPEC-142."
DNS_Spoofing_0002,DNS_Spoofing,naive,DNS_Spoofing,CAPEC-142,"The protocol mix shows a strong DNS/UDP presence combined with HTTP/HTTPS traffic, and TCP flag fractions show fluctuating ACK/PSH ratios typical of interleaved DNS response injection rather than a flood pattern. Packet rate remains moderate and variable (20-230 pkt/s) rather than showing the sustained high-volume pattern of DDoS attacks, consistent with DNS spoofing activity attempting to blend with legitimate traffic. CAPEC-142 (DNS Cache Poisoning/Spoofing) aligns with this behavior pattern.",1717,251,"CLASSIFICATION: DNS_Spoofing
REFERENCE_ID: CAPEC-142
JUSTIFICATION: The protocol mix shows a strong DNS/UDP presence combined with HTTP/HTTPS traffic, and TCP flag fractions show fluctuating ACK/PSH ratios typical of interleaved DNS response injection rather than a flood pattern. Packet rate remains moderate and variable (20-230 pkt/s) rather than showing the sustained high-volume pattern of DDoS attacks, consistent with DNS spoofing activity attempting to blend with legitimate traffic. CAPEC-142 (DNS Cache Poisoning/Spoofing) aligns with this behavior pattern."
DNS_Spoofing_0002,DNS_Spoofing,cve_text_grounded,DNS_Spoofing,CAPEC-142,"The traffic shows a mixed protocol profile dominated by DNS/UDP/HTTP with fluctuating TCP ACK/PSH flag fractions and variable packet rate spikes, consistent with an attacker injecting forged DNS responses amid legitimate-looking traffic. The lack of a single dominant flood pattern (unlike SYN/ACK/UDP floods) and presence of DNS protocol spikes align with CAPEC-142 (DNS Cache Poisoning/Spoofing).",1756,218,"CLASSIFICATION: DNS_Spoofing
REFERENCE_ID: CAPEC-142
JUSTIFICATION: The traffic shows a mixed protocol profile dominated by DNS/UDP/HTTP with fluctuating TCP ACK/PSH flag fractions and variable packet rate spikes, consistent with an attacker injecting forged DNS responses amid legitimate-looking traffic. The lack of a single dominant flood pattern (unlike SYN/ACK/UDP floods) and presence of DNS protocol spikes align with CAPEC-142 (DNS Cache Poisoning/Spoofing)."
DNS_Spoofing_0002,DNS_Spoofing,rag_grounded,DNS_Spoofing,CAPEC-142,"The protocol mix panel shows a heavy, variable mixture of DNS traffic alongside TCP/UDP/HTTP/HTTPS rather than a single dominant flood protocol, and packet rates are irregular (20-230 pkt/s) without the sustained monotonic saturation typical of flooding attacks. TCP flags show mixed ACK/PSH usage consistent with legitimate-looking session traffic used to inject spoofed DNS responses rather than volumetric flooding. This pattern matches DNS spoofing/cache poisoning behavior rather than any flood or scan pattern.",3041,247,"CLASSIFICATION: DNS_Spoofing
REFERENCE_ID: CAPEC-142
JUSTIFICATION: The protocol mix panel shows a heavy, variable mixture of DNS traffic alongside TCP/UDP/HTTP/HTTPS rather than a single dominant flood protocol, and packet rates are irregular (20-230 pkt/s) without the sustained monotonic saturation typical of flooding attacks. TCP flags show mixed ACK/PSH usage consistent with legitimate-looking session traffic used to inject spoofed DNS responses rather than volumetric flooding. This pattern matches DNS spoofing/cache poisoning behavior rather than any flood or scan pattern."
DNS_Spoofing_0003,DNS_Spoofing,naive,DNS_Spoofing,CAPEC-141,"The traffic shows moderate, variable packet rates (20-160 pkt/s) with a mixed protocol composition dominated by TCP/UDP with significant DNS, HTTP, and HTTPS fractions rather than a single flood protocol. TCP flags show high ACK/PSH fractions typical of established sessions rather than flood-pattern SYN/RST flags, consistent with response spoofing/injection into legitimate DNS query-response flows. This pattern matches CAPEC-141 (Cache Poisoning / DNS spoofing) rather than a volumetric DoS/DDoS attack.",1717,249,"CLASSIFICATION: DNS_Spoofing
REFERENCE_ID: CAPEC-141
JUSTIFICATION: The traffic shows moderate, variable packet rates (20-160 pkt/s) with a mixed protocol composition dominated by TCP/UDP with significant DNS, HTTP, and HTTPS fractions rather than a single flood protocol. TCP flags show high ACK/PSH fractions typical of established sessions rather than flood-pattern SYN/RST flags, consistent with response spoofing/injection into legitimate DNS query-response flows. This pattern matches CAPEC-141 (Cache Poisoning / DNS spoofing) rather than a volumetric DoS/DDoS attack."
DNS_Spoofing_0003,DNS_Spoofing,cve_text_grounded,DNS_Spoofing,CAPEC-142,"The traffic shows moderate, irregular packet rates with a mixed protocol stack (TCP, UDP, HTTP, HTTPS, DNS) rather than a single-protocol flood pattern, consistent with DNS response injection amid normal traffic. High ACK/PSH flag fractions and variable packet sizes with occasional spikes align with spoofed DNS replies being inserted into legitimate query/response exchanges. CAPEC-142 (DNS Cache Poisoning/Spoofing) describes this technique of injecting forged DNS responses to redirect traffic.",1756,241,"CLASSIFICATION: DNS_Spoofing
REFERENCE_ID: CAPEC-142
JUSTIFICATION: The traffic shows moderate, irregular packet rates with a mixed protocol stack (TCP, UDP, HTTP, HTTPS, DNS) rather than a single-protocol flood pattern, consistent with DNS response injection amid normal traffic. High ACK/PSH flag fractions and variable packet sizes with occasional spikes align with spoofed DNS replies being inserted into legitimate query/response exchanges. CAPEC-142 (DNS Cache Poisoning/Spoofing) describes this technique of injecting forged DNS responses to redirect traffic."
DNS_Spoofing_0003,DNS_Spoofing,rag_grounded,DNS_Spoofing,CAPEC-142,"The traffic shows mixed protocol composition dominated by TCP/HTTPS/DNS with variable ACK/PSH flag fractions and moderate, fluctuating packet rates rather than a flood pattern, consistent with DNS spoofing activity involving legitimate-looking response traffic. The packet size spikes and varied protocol mix suggest injected DNS responses mixed with normal application traffic rather than a volumetric denial-of-service attack.",3041,199,"CLASSIFICATION: DNS_Spoofing
REFERENCE_ID: CAPEC-142
JUSTIFICATION: The traffic shows mixed protocol composition dominated by TCP/HTTPS/DNS with variable ACK/PSH flag fractions and moderate, fluctuating packet rates rather than a flood pattern, consistent with DNS spoofing activity involving legitimate-looking response traffic. The packet size spikes and varied protocol mix suggest injected DNS responses mixed with normal application traffic rather than a volumetric denial-of-service attack."
DoS-HTTP_Flood_0000,DoS-HTTP_Flood,naive,DoS-HTTP_Flood,CAPEC-469,"The protocol mix is dominated by TCP/HTTP traffic with high ACK/PSH flag fractions, consistent with completed TCP handshakes carrying HTTP requests rather than SYN-only floods. The packet rate shows bursty spikes (up to ~15000 pkt/s) typical of application-layer flooding, and variable packet sizes reflect HTTP request/response payloads rather than uniform small flood packets.",1717,194,"CLASSIFICATION: DoS-HTTP_Flood
REFERENCE_ID: CAPEC-469
JUSTIFICATION: The protocol mix is dominated by TCP/HTTP traffic with high ACK/PSH flag fractions, consistent with completed TCP handshakes carrying HTTP requests rather than SYN-only floods. The packet rate shows bursty spikes (up to ~15000 pkt/s) typical of application-layer flooding, and variable packet sizes reflect HTTP request/response payloads rather than uniform small flood packets."
DoS-HTTP_Flood_0000,DoS-HTTP_Flood,cve_text_grounded,DoS-HTTP_Flood,CAPEC-488,"The traffic shows bursty packet rate spikes with a dominant HTTP protocol mix (purple) and high ACK/PSH flag fractions, consistent with application-layer HTTP flooding rather than pure volumetric TCP/UDP attacks. Variable packet sizes and moderate rate (not extreme like DDoS variants) align with a single-source HTTP flood pattern. CAPEC-488 (HTTP Flood) captures this resource-exhaustion technique via repeated HTTP requests.",1756,221,"CLASSIFICATION: DoS-HTTP_Flood
REFERENCE_ID: CAPEC-488
JUSTIFICATION: The traffic shows bursty packet rate spikes with a dominant HTTP protocol mix (purple) and high ACK/PSH flag fractions, consistent with application-layer HTTP flooding rather than pure volumetric TCP/UDP attacks. Variable packet sizes and moderate rate (not extreme like DDoS variants) align with a single-source HTTP flood pattern. CAPEC-488 (HTTP Flood) captures this resource-exhaustion technique via repeated HTTP requests."
DoS-HTTP_Flood_0000,DoS-HTTP_Flood,rag_grounded,DoS-HTTP_Flood,CAPEC-469,"Protocol mix shows overwhelming HTTP traffic on top of TCP, with high ACK/PSH flag fractions consistent with completed session-based HTTP requests rather than raw SYN floods. The rate spikes intermittently rather than sustaining pure volumetric flooding, matching application-layer resource exhaustion behavior. Packet sizes are large and variable, consistent with legitimate-looking HTTP request/response traffic used to exhaust server resources.",3041,207,"CLASSIFICATION: DoS-HTTP_Flood
REFERENCE_ID: CAPEC-469
JUSTIFICATION: Protocol mix shows overwhelming HTTP traffic on top of TCP, with high ACK/PSH flag fractions consistent with completed session-based HTTP requests rather than raw SYN floods. The rate spikes intermittently rather than sustaining pure volumetric flooding, matching application-layer resource exhaustion behavior. Packet sizes are large and variable, consistent with legitimate-looking HTTP request/response traffic used to exhaust server resources."
DoS-HTTP_Flood_0001,DoS-HTTP_Flood,naive,DoS-HTTP_Flood,CAPEC-488,"The traffic shows a dominant TCP/HTTP protocol mix with mixed PSH/ACK/SYN flag fractions typical of application-layer HTTP requests, and a sharp rate spike consistent with a burst of HTTP flood traffic against a single target. Packet sizes vary widely reflecting HTTP request/response payloads rather than uniform small packets seen in volumetric floods.",1717,184,"CLASSIFICATION: DoS-HTTP_Flood
REFERENCE_ID: CAPEC-488
JUSTIFICATION: The traffic shows a dominant TCP/HTTP protocol mix with mixed PSH/ACK/SYN flag fractions typical of application-layer HTTP requests, and a sharp rate spike consistent with a burst of HTTP flood traffic against a single target. Packet sizes vary widely reflecting HTTP request/response payloads rather than uniform small packets seen in volumetric floods."
DoS-HTTP_Flood_0001,DoS-HTTP_Flood,cve_text_grounded,DoS-HTTP_Flood,CAPEC-125,"The traffic shows dominant HTTP/TCP protocol mix, high PSH/ACK flag fractions typical of completed HTTP requests, and a sharp packet-rate spike (~34k pkt/s) amid otherwise moderate rates, consistent with a volumetric application-layer flood targeting a web service. Packet size and flag patterns show request/response bursts rather than SYN-only or fragmentation patterns, ruling out TCP/SYN or fragmentation-based DoS variants. CAPEC-125 (Flooding) covers this resource exhaustion via excessive legitimate-looking HTTP requests.",1756,259,"CLASSIFICATION: DoS-HTTP_Flood
REFERENCE_ID: CAPEC-125
JUSTIFICATION: The traffic shows dominant HTTP/TCP protocol mix, high PSH/ACK flag fractions typical of completed HTTP requests, and a sharp packet-rate spike (~34k pkt/s) amid otherwise moderate rates, consistent with a volumetric application-layer flood targeting a web service. Packet size and flag patterns show request/response bursts rather than SYN-only or fragmentation patterns, ruling out TCP/SYN or fragmentation-based DoS variants. CAPEC-125 (Flooding) covers this resource exhaustion via excessive legitimate-looking HTTP requests."
DoS-HTTP_Flood_0001,DoS-HTTP_Flood,rag_grounded,DoS-HTTP_Flood,CAPEC-488,"The protocol mix is dominated by TCP/HTTP with high PSH and ACK flag fractions consistent with completed HTTP request/response sessions rather than raw SYN floods. The rate panel shows a single volumetric spike amid otherwise moderate traffic, and packet sizes fluctuate with large averages typical of HTTP payload transfers, matching application-layer flooding via legitimate HTTP requests.",3041,190,"CLASSIFICATION: DoS-HTTP_Flood
REFERENCE_ID: CAPEC-488
JUSTIFICATION: The protocol mix is dominated by TCP/HTTP with high PSH and ACK flag fractions consistent with completed HTTP request/response sessions rather than raw SYN floods. The rate panel shows a single volumetric spike amid otherwise moderate traffic, and packet sizes fluctuate with large averages typical of HTTP payload transfers, matching application-layer flooding via legitimate HTTP requests."
DoS-HTTP_Flood_0002,DoS-HTTP_Flood,naive,DoS-HTTP_Flood,CAPEC-488,"The protocol mix panel shows a clear shift from mixed TCP/HTTP/HTTPS traffic to dominant HTTP protocol after window 10, coinciding with a sharp spike in packet rate (up to ~8000 pkt/s). The ACK flag dominance in the TCP flag panel reflects established HTTP connections carrying repeated request floods, consistent with an application-layer HTTP flood DoS attack rather than a raw SYN/TCP flood.",1717,209,"CLASSIFICATION: DoS-HTTP_Flood
REFERENCE_ID: CAPEC-488
JUSTIFICATION: The protocol mix panel shows a clear shift from mixed TCP/HTTP/HTTPS traffic to dominant HTTP protocol after window 10, coinciding with a sharp spike in packet rate (up to ~8000 pkt/s). The ACK flag dominance in the TCP flag panel reflects established HTTP connections carrying repeated request floods, consistent with an application-layer HTTP flood DoS attack rather than a raw SYN/TCP flood."
DoS-HTTP_Flood_0002,DoS-HTTP_Flood,cve_text_grounded,DoS-HTTP_Flood,CAPEC-488,"The traffic shows a shift from mixed TCP/HTTP/HTTPS protocols to near-total HTTP dominance around window 11, coinciding with a sharp packet rate spike (up to ~8000 pkt/s), consistent with an application-layer flood targeting a web service. The ACK flag fraction remains high throughout, typical of established HTTP connections being abused for flooding rather than raw SYN-based volumetric attacks. CAPEC-488 (HTTP Flooding) describes this exact technique of overwhelming a server with excessive HTTP requests to exhaust resources.",1756,248,"CLASSIFICATION: DoS-HTTP_Flood
REFERENCE_ID: CAPEC-488
JUSTIFICATION: The traffic shows a shift from mixed TCP/HTTP/HTTPS protocols to near-total HTTP dominance around window 11, coinciding with a sharp packet rate spike (up to ~8000 pkt/s), consistent with an application-layer flood targeting a web service. The ACK flag fraction remains high throughout, typical of established HTTP connections being abused for flooding rather than raw SYN-based volumetric attacks. CAPEC-488 (HTTP Flooding) describes this exact technique of overwhelming a server with excessive HTTP requests to exhaust resources."
DoS-HTTP_Flood_0002,DoS-HTTP_Flood,rag_grounded,DoS-HTTP_Flood,CAPEC-488,"The protocol mix panel shows a clear shift where HTTP traffic dominates (rising from ~0 to ~1.0 fraction) starting around window 10-11, coinciding with a massive spike in packet rate (up to 8000 pkt/s). The TCP flag composition remains ACK-dominant throughout, consistent with established HTTP sessions being used to flood the server with legitimate-looking application-layer requests rather than raw SYN-based connection attempts.",3041,205,"CLASSIFICATION: DoS-HTTP_Flood
REFERENCE_ID: CAPEC-488
JUSTIFICATION: The protocol mix panel shows a clear shift where HTTP traffic dominates (rising from ~0 to ~1.0 fraction) starting around window 10-11, coinciding with a massive spike in packet rate (up to 8000 pkt/s). The TCP flag composition remains ACK-dominant throughout, consistent with established HTTP sessions being used to flood the server with legitimate-looking application-layer requests rather than raw SYN-based connection attempts."
DoS-HTTP_Flood_0003,DoS-HTTP_Flood,naive,DoS-HTTP_Flood,CAPEC-125,"The protocol mix panel shows dominant TCP/HTTP traffic with high ACK and PSH flag fractions, consistent with repeated HTTP request floods over established TCP connections. The rate panel shows bursty spikes typical of HTTP flood attacks rather than steady volumetric floods seen in pure network-layer DoS. Packet sizes are large and variable, matching HTTP request/response payloads rather than small fixed-size protocol packets.",1717,202,"CLASSIFICATION: DoS-HTTP_Flood
REFERENCE_ID: CAPEC-125
JUSTIFICATION: The protocol mix panel shows dominant TCP/HTTP traffic with high ACK and PSH flag fractions, consistent with repeated HTTP request floods over established TCP connections. The rate panel shows bursty spikes typical of HTTP flood attacks rather than steady volumetric floods seen in pure network-layer DoS. Packet sizes are large and variable, matching HTTP request/response payloads rather than small fixed-size protocol packets."
DoS-HTTP_Flood_0003,DoS-HTTP_Flood,cve_text_grounded,DoS-HTTP_Flood,CAPEC-488,"The traffic shows bursty high packet rate spikes, protocol mix dominated by HTTP over TCP, and PSH/ACK flag dominance consistent with HTTP request floods designed to exhaust server resources. This matches CAPEC-488 (HTTP Flood), an application-layer DoS technique that overwhelms a web server with excessive HTTP requests.",1756,174,"CLASSIFICATION: DoS-HTTP_Flood
REFERENCE_ID: CAPEC-488
JUSTIFICATION: The traffic shows bursty high packet rate spikes, protocol mix dominated by HTTP over TCP, and PSH/ACK flag dominance consistent with HTTP request floods designed to exhaust server resources. This matches CAPEC-488 (HTTP Flood), an application-layer DoS technique that overwhelms a web server with excessive HTTP requests."
DoS-HTTP_Flood_0003,DoS-HTTP_Flood,rag_grounded,DoS-HTTP_Flood,CAPEC-469,"The protocol mix panel shows traffic is dominated by TCP carrying HTTP payloads throughout all windows, with high ACK/PSH flag fractions consistent with completed HTTP sessions rather than raw SYN floods. The rate panel shows bursty spikes (up to ~18000 pkt/s) typical of HTTP-level request flooding aimed at exhausting server resources, matching the sample label DoS-HTTP_Flood.",3041,200,"CLASSIFICATION: DoS-HTTP_Flood
REFERENCE_ID: CAPEC-469
JUSTIFICATION: The protocol mix panel shows traffic is dominated by TCP carrying HTTP payloads throughout all windows, with high ACK/PSH flag fractions consistent with completed HTTP sessions rather than raw SYN floods. The rate panel shows bursty spikes (up to ~18000 pkt/s) typical of HTTP-level request flooding aimed at exhausting server resources, matching the sample label DoS-HTTP_Flood."
DoS-SYN_Flood_0000,DoS-SYN_Flood,naive,DoS-SYN_Flood,CAPEC-482,"The TCP flag panel shows SYN fraction near 1.0 for most windows, indicating a flood of connection-initiation packets typical of a SYN flood. High, bursty packet rates combined with pure TCP protocol mix and small average packet sizes with occasional variance spikes further support this classification. CAPEC-482 (TCP Flood) covers resource exhaustion via SYN packet floods.",1717,183,"CLASSIFICATION: DoS-SYN_Flood
REFERENCE_ID: CAPEC-482
JUSTIFICATION: The TCP flag panel shows SYN fraction near 1.0 for most windows, indicating a flood of connection-initiation packets typical of a SYN flood. High, bursty packet rates combined with pure TCP protocol mix and small average packet sizes with occasional variance spikes further support this classification. CAPEC-482 (TCP Flood) covers resource exhaustion via SYN packet floods."
DoS-SYN_Flood_0000,DoS-SYN_Flood,cve_text_grounded,DoS-SYN_Flood,CAPEC-482,"The traffic shows high, bursty packet rates dominated almost entirely by TCP with the SYN flag fraction near 1.0 for most windows, indicating a flood of connection initiation requests without completing handshakes. The small, mostly constant average packet size (consistent with bare SYN packets) and single-source protocol mix further support a classic SYN flood pattern, mapped to CAPEC-482 (TCP Flood/SYN Flood).",1756,197,"CLASSIFICATION: DoS-SYN_Flood
REFERENCE_ID: CAPEC-482
JUSTIFICATION: The traffic shows high, bursty packet rates dominated almost entirely by TCP with the SYN flag fraction near 1.0 for most windows, indicating a flood of connection initiation requests without completing handshakes. The small, mostly constant average packet size (consistent with bare SYN packets) and single-source protocol mix further support a classic SYN flood pattern, mapped to CAPEC-482 (TCP Flood/SYN Flood)."
DoS-SYN_Flood_0000,DoS-SYN_Flood,rag_grounded,DoS-SYN_Flood,CAPEC-482,"The traffic shows a high-volume, bursty packet rate with the SYN flag fraction dominating near 1.0 for most windows, indicating a flood of TCP SYN packets. Protocol mix is almost entirely TCP, and average packet size remains small and consistent with typical SYN packets, with spikes in std deviation likely from mixed response packets. This matches the classic SYN flood pattern described in CAPEC-482.",3041,191,"CLASSIFICATION: DoS-SYN_Flood
REFERENCE_ID: CAPEC-482
JUSTIFICATION: The traffic shows a high-volume, bursty packet rate with the SYN flag fraction dominating near 1.0 for most windows, indicating a flood of TCP SYN packets. Protocol mix is almost entirely TCP, and average packet size remains small and consistent with typical SYN packets, with spikes in std deviation likely from mixed response packets. This matches the classic SYN flood pattern described in CAPEC-482."
DoS-SYN_Flood_0001,DoS-SYN_Flood,naive,DoS-SYN_Flood,CAPEC-482,"The traffic shows a sustained high packet rate (5k-35k pkt/s) composed almost entirely of TCP protocol with SYN flag fraction at ~1.0 throughout, indicating a flood of SYN packets. Small, uniform packet sizes (~60 bytes) with low variance are consistent with minimal SYN packets used to exhaust connection resources on a single or few targets, characteristic of a SYN flood DoS attack (CAPEC-482: TCP Flood).",1717,212,"CLASSIFICATION: DoS-SYN_Flood
REFERENCE_ID: CAPEC-482
JUSTIFICATION: The traffic shows a sustained high packet rate (5k-35k pkt/s) composed almost entirely of TCP protocol with SYN flag fraction at ~1.0 throughout, indicating a flood of SYN packets. Small, uniform packet sizes (~60 bytes) with low variance are consistent with minimal SYN packets used to exhaust connection resources on a single or few targets, characteristic of a SYN flood DoS attack (CAPEC-482: TCP Flood)."
DoS-SYN_Flood_0001,DoS-SYN_Flood,cve_text_grounded,DoS-SYN_Flood,CAPEC-482,"The traffic shows near-100% SYN flag fraction with negligible other flags, pure TCP protocol mix, consistently small ~60-byte average packet size, and very high, bursty packet rates (5k-35k pkt/s) — the classic signature of a SYN flood exhausting connection state on the target. CAPEC-482 (TCP Flood) covers this half-open connection exhaustion technique.",1756,183,"CLASSIFICATION: DoS-SYN_Flood
REFERENCE_ID: CAPEC-482
JUSTIFICATION: The traffic shows near-100% SYN flag fraction with negligible other flags, pure TCP protocol mix, consistently small ~60-byte average packet size, and very high, bursty packet rates (5k-35k pkt/s) — the classic signature of a SYN flood exhausting connection state on the target. CAPEC-482 (TCP Flood) covers this half-open connection exhaustion technique."
DoS-SYN_Flood_0001,DoS-SYN_Flood,rag_grounded,DoS-SYN_Flood,CAPEC-482,"The TCP flag fraction panel shows SYN flag at ~1.0 throughout, with protocol mix being nearly 100% TCP, small consistent packet sizes (~60 bytes), and high, bursty packet rates (5,000-35,000 pkt/s) — all classic indicators of a SYN flood DoS attack exploiting TCP connection-state handling.",3041,173,"CLASSIFICATION: DoS-SYN_Flood
REFERENCE_ID: CAPEC-482
JUSTIFICATION: The TCP flag fraction panel shows SYN flag at ~1.0 throughout, with protocol mix being nearly 100% TCP, small consistent packet sizes (~60 bytes), and high, bursty packet rates (5,000-35,000 pkt/s) — all classic indicators of a SYN flood DoS attack exploiting TCP connection-state handling."
DoS-SYN_Flood_0002,DoS-SYN_Flood,naive,DoS-SYN_Flood,CAPEC-488,"The TCP flag panel shows near-100% SYN flag fraction across all windows with negligible other flags, indicating a classic SYN flood. Packet rates are high and bursty (spiking above 100,000 pkt/s) with small, uniform average packet sizes (~60 bytes), consistent with minimal SYN packets. The protocol mix is dominated by TCP/HTTP with no diversity, matching a single-vector DoS SYN flood pattern rather than a distributed multi-source DDoS.",1717,217,"CLASSIFICATION: DoS-SYN_Flood
REFERENCE_ID: CAPEC-488
JUSTIFICATION: The TCP flag panel shows near-100% SYN flag fraction across all windows with negligible other flags, indicating a classic SYN flood. Packet rates are high and bursty (spiking above 100,000 pkt/s) with small, uniform average packet sizes (~60 bytes), consistent with minimal SYN packets. The protocol mix is dominated by TCP/HTTP with no diversity, matching a single-vector DoS SYN flood pattern rather than a distributed multi-source DDoS."
DoS-SYN_Flood_0002,DoS-SYN_Flood,cve_text_grounded,DoS-SYN_Flood,CAPEC-482,"The traffic shows an overwhelming dominance of the SYN flag (~1.0 fraction) with negligible ACK/FIN/RST/PSH, combined with high and bursty packet rates and a consistent TCP/HTTP protocol mix, characteristic of half-open connection exhaustion attacks. This matches CAPEC-482 (TCP Flood/SYN Flood), which exploits the TCP three-way handshake by sending SYN packets without completing the connection to exhaust server resources.",1756,216,"CLASSIFICATION: DoS-SYN_Flood
REFERENCE_ID: CAPEC-482
JUSTIFICATION: The traffic shows an overwhelming dominance of the SYN flag (~1.0 fraction) with negligible ACK/FIN/RST/PSH, combined with high and bursty packet rates and a consistent TCP/HTTP protocol mix, characteristic of half-open connection exhaustion attacks. This matches CAPEC-482 (TCP Flood/SYN Flood), which exploits the TCP three-way handshake by sending SYN packets without completing the connection to exhaust server resources."
DoS-SYN_Flood_0002,DoS-SYN_Flood,rag_grounded,DoS-SYN_Flood,CAPEC-482,"The TCP flag panel shows a near-constant SYN fraction of ~1.0 throughout all windows, indicating the traffic is dominated almost entirely by SYN packets. Combined with the protocol mix showing pure TCP traffic and highly variable, bursty packet rates (spiking above 100,000 pkt/s), this matches a classic SYN flood pattern. The small, consistent average packet size (~60 bytes) is also consistent with minimal SYN packets rather than full-session HTTP or other application-layer traffic.",3041,226,"CLASSIFICATION: DoS-SYN_Flood
REFERENCE_ID: CAPEC-482
JUSTIFICATION: The TCP flag panel shows a near-constant SYN fraction of ~1.0 throughout all windows, indicating the traffic is dominated almost entirely by SYN packets. Combined with the protocol mix showing pure TCP traffic and highly variable, bursty packet rates (spiking above 100,000 pkt/s), this matches a classic SYN flood pattern. The small, consistent average packet size (~60 bytes) is also consistent with minimal SYN packets rather than full-session HTTP or other application-layer traffic."
DoS-SYN_Flood_0003,DoS-SYN_Flood,naive,DoS-SYN_Flood,CAPEC-482,"The traffic shows near-100% SYN flag fraction with negligible other TCP flags, exclusively TCP protocol, small uniform packet sizes (~60 bytes typical of SYN packets), and highly variable but sustained high packet rates (up to ~37k pkt/s) — all classic indicators of a SYN flood denial-of-service attack.",1717,167,"CLASSIFICATION: DoS-SYN_Flood
REFERENCE_ID: CAPEC-482
JUSTIFICATION: The traffic shows near-100% SYN flag fraction with negligible other TCP flags, exclusively TCP protocol, small uniform packet sizes (~60 bytes typical of SYN packets), and highly variable but sustained high packet rates (up to ~37k pkt/s) — all classic indicators of a SYN flood denial-of-service attack."
DoS-SYN_Flood_0003,DoS-SYN_Flood,cve_text_grounded,DoS-SYN_Flood,CAPEC-486,"The traffic shows near-exclusive TCP protocol usage with SYN flag fraction consistently at ~1.0, small uniform packet sizes (~60 bytes) typical of bare SYN packets, and highly variable but sustained high packet rates from a single source pattern (not distributed). This matches CAPEC-486 (SYN Flooding), where an attacker exhausts server connection resources by sending numerous SYN requests without completing the three-way handshake.",1756,202,"CLASSIFICATION: DoS-SYN_Flood
REFERENCE_ID: CAPEC-486
JUSTIFICATION: The traffic shows near-exclusive TCP protocol usage with SYN flag fraction consistently at ~1.0, small uniform packet sizes (~60 bytes) typical of bare SYN packets, and highly variable but sustained high packet rates from a single source pattern (not distributed). This matches CAPEC-486 (SYN Flooding), where an attacker exhausts server connection resources by sending numerous SYN requests without completing the three-way handshake."
DoS-SYN_Flood_0003,DoS-SYN_Flood,rag_grounded,DoS-SYN_Flood,CAPEC-482,"The traffic shows an overwhelming SYN flag fraction (~1.0) throughout all windows, with minimal PSH/ACK activity, indicating a SYN flood attack. Protocol mix is almost entirely TCP with consistent small average packet size (~60 bytes), typical of SYN flood packets. The high, bursty packet rate (up to ~35000 pkt/s) further supports a denial-of-service flooding pattern targeting connection-state exhaustion.",3041,207,"CLASSIFICATION: DoS-SYN_Flood
REFERENCE_ID: CAPEC-482
JUSTIFICATION: The traffic shows an overwhelming SYN flag fraction (~1.0) throughout all windows, with minimal PSH/ACK activity, indicating a SYN flood attack. Protocol mix is almost entirely TCP with consistent small average packet size (~60 bytes), typical of SYN flood packets. The high, bursty packet rate (up to ~35000 pkt/s) further supports a denial-of-service flooding pattern targeting connection-state exhaustion."
DoS-TCP_Flood_0000,DoS-TCP_Flood,naive,DoS-TCP_Flood,CAPEC-125,"The traffic shows extremely high, spiky packet rates (up to ~150,000 pkt/s) dominated almost entirely by TCP protocol with PSH/ACK flag dominance, characteristic of a TCP-based denial-of-service flood. The lack of SYN flag prevalence and near-constant packet size (~60 bytes) with occasional variance spikes further supports a generic TCP flood rather than a SYN-specific or reflection attack. This pattern aligns with CAPEC-125 (Flooding), a resource exhaustion attack via excessive TCP packet transmission.",1717,245,"CLASSIFICATION: DoS-TCP_Flood
REFERENCE_ID: CAPEC-125
JUSTIFICATION: The traffic shows extremely high, spiky packet rates (up to ~150,000 pkt/s) dominated almost entirely by TCP protocol with PSH/ACK flag dominance, characteristic of a TCP-based denial-of-service flood. The lack of SYN flag prevalence and near-constant packet size (~60 bytes) with occasional variance spikes further supports a generic TCP flood rather than a SYN-specific or reflection attack. This pattern aligns with CAPEC-125 (Flooding), a resource exhaustion attack via excessive TCP packet transmission."
DoS-TCP_Flood_0000,DoS-TCP_Flood,cve_text_grounded,DoS-TCP_Flood,CAPEC-125,"The traffic shows extremely high, bursty packet rates (up to 150k pkt/s) dominated almost entirely by TCP protocol with a brief ACK flag spike, consistent with a TCP-based flood targeting a single host from a single source pattern (DoS rather than distributed). CAPEC-125 (Flooding) covers resource exhaustion attacks via high-volume packet floods such as this TCP flood.",1756,189,"CLASSIFICATION: DoS-TCP_Flood
REFERENCE_ID: CAPEC-125
JUSTIFICATION: The traffic shows extremely high, bursty packet rates (up to 150k pkt/s) dominated almost entirely by TCP protocol with a brief ACK flag spike, consistent with a TCP-based flood targeting a single host from a single source pattern (DoS rather than distributed). CAPEC-125 (Flooding) covers resource exhaustion attacks via high-volume packet floods such as this TCP flood."
DoS-TCP_Flood_0000,DoS-TCP_Flood,rag_grounded,DoS-TCP_Flood,CAPEC-482,"The traffic shows a high-volume, highly variable packet rate dominated almost entirely by TCP protocol (>95% mix), with a brief ACK flag spike but otherwise minimal flag signaling, consistent with a TCP-based flooding attack rather than application-layer or UDP/ICMP flooding. The lack of sustained SYN dominance and the generic TCP flood signature (single-source style, not distributed) align with a DoS-TCP_Flood pattern as covered under CAPEC-482.",3041,218,"CLASSIFICATION: DoS-TCP_Flood
REFERENCE_ID: CAPEC-482
JUSTIFICATION: The traffic shows a high-volume, highly variable packet rate dominated almost entirely by TCP protocol (>95% mix), with a brief ACK flag spike but otherwise minimal flag signaling, consistent with a TCP-based flooding attack rather than application-layer or UDP/ICMP flooding. The lack of sustained SYN dominance and the generic TCP flood signature (single-source style, not distributed) align with a DoS-TCP_Flood pattern as covered under CAPEC-482."
DoS-TCP_Flood_0001,DoS-TCP_Flood,naive,DoS-TCP_Flood,CAPEC-125,"The traffic shows high, bursty packet rates (5k-35k pkt/s) with protocol mix dominated entirely by TCP/HTTP, consistent with a TCP-based flood. TCP flag fractions show intermittent ACK and PSH spikes, typical of a TCP flood using established-looking connections rather than pure SYN floods. Packet size remains stable (~60 bytes) with a brief anomaly, indicating a single-source or scripted flood consistent with DoS-TCP_Flood behavior.",1717,222,"CLASSIFICATION: DoS-TCP_Flood
REFERENCE_ID: CAPEC-125
JUSTIFICATION: The traffic shows high, bursty packet rates (5k-35k pkt/s) with protocol mix dominated entirely by TCP/HTTP, consistent with a TCP-based flood. TCP flag fractions show intermittent ACK and PSH spikes, typical of a TCP flood using established-looking connections rather than pure SYN floods. Packet size remains stable (~60 bytes) with a brief anomaly, indicating a single-source or scripted flood consistent with DoS-TCP_Flood behavior."
DoS-TCP_Flood_0001,DoS-TCP_Flood,cve_text_grounded,DoS-TCP_Flood,CAPEC-125,"The traffic shows sustained high-volume packet rates (10k-35k pkt/s) dominated entirely by TCP/HTTP protocol mix with ACK flag spikes, consistent with a TCP-based flood attack. The brief packet size/std spike around window 15-16 suggests a burst of connection attempts or payload variation typical of flooding tools. CAPEC-125 (Flooding) covers this resource exhaustion technique via excessive TCP traffic.",1756,206,"CLASSIFICATION: DoS-TCP_Flood
REFERENCE_ID: CAPEC-125
JUSTIFICATION: The traffic shows sustained high-volume packet rates (10k-35k pkt/s) dominated entirely by TCP/HTTP protocol mix with ACK flag spikes, consistent with a TCP-based flood attack. The brief packet size/std spike around window 15-16 suggests a burst of connection attempts or payload variation typical of flooding tools. CAPEC-125 (Flooding) covers this resource exhaustion technique via excessive TCP traffic."
DoS-TCP_Flood_0001,DoS-TCP_Flood,rag_grounded,DoS-TCP_Flood,CAPEC-482,"The traffic shows sustained high-volume packet rates (5,000-35,000 pkt/s) dominated entirely by TCP/HTTP protocol mix with minimal UDP/ICMP presence, consistent with a TCP-based flooding attack. The TCP flag composition is mostly flat with sparse ACK/PSH spikes rather than SYN-dominant patterns, and packet size remains constant (~60 bytes) with a brief anomaly, indicating a generic TCP flood rather than a specific SYN-flood signature.",3041,228,"CLASSIFICATION: DoS-TCP_Flood
REFERENCE_ID: CAPEC-482
JUSTIFICATION: The traffic shows sustained high-volume packet rates (5,000-35,000 pkt/s) dominated entirely by TCP/HTTP protocol mix with minimal UDP/ICMP presence, consistent with a TCP-based flooding attack. The TCP flag composition is mostly flat with sparse ACK/PSH spikes rather than SYN-dominant patterns, and packet size remains constant (~60 bytes) with a brief anomaly, indicating a generic TCP flood rather than a specific SYN-flood signature."
DoS-TCP_Flood_0002,DoS-TCP_Flood,naive,DoS-TCP_Flood,CAPEC-125,"The traffic shows high, bursty packet rates dominated almost entirely by TCP protocol (with HTTP overlay) as seen in the protocol mix panel, consistent with a TCP-based flood. The flag composition shows spikes in ACK/PSH/SYN flags correlating with rate surges, and packet size stays fairly constant with occasional variance spikes, typical of DoS-TCP_Flood behavior rather than a distributed multi-source attack.",1717,203,"CLASSIFICATION: DoS-TCP_Flood
REFERENCE_ID: CAPEC-125
JUSTIFICATION: The traffic shows high, bursty packet rates dominated almost entirely by TCP protocol (with HTTP overlay) as seen in the protocol mix panel, consistent with a TCP-based flood. The flag composition shows spikes in ACK/PSH/SYN flags correlating with rate surges, and packet size stays fairly constant with occasional variance spikes, typical of DoS-TCP_Flood behavior rather than a distributed multi-source attack."
DoS-TCP_Flood_0002,DoS-TCP_Flood,cve_text_grounded,DoS-TCP_Flood,CAPEC-125,"The traffic shows bursty, high-volume packet rates (up to ~100k pkt/s) dominated almost entirely by TCP protocol with minimal UDP/other mix, consistent with a TCP-based denial-of-service flood. The TCP flag panel shows spikes in ACK/PSH flags correlating with rate spikes, and packet size std deviation spikes align with rate surges, indicating a single-source flood rather than distributed or reflection-based attack (ruling out SYN-specific or fragmentation patterns). This matches CAPEC-125 (Flooding) applied to TCP resource exhaustion.",1756,255,"CLASSIFICATION: DoS-TCP_Flood
REFERENCE_ID: CAPEC-125
JUSTIFICATION: The traffic shows bursty, high-volume packet rates (up to ~100k pkt/s) dominated almost entirely by TCP protocol with minimal UDP/other mix, consistent with a TCP-based denial-of-service flood. The TCP flag panel shows spikes in ACK/PSH flags correlating with rate spikes, and packet size std deviation spikes align with rate surges, indicating a single-source flood rather than distributed or reflection-based attack (ruling out SYN-specific or fragmentation patterns). This matches CAPEC-125 (Flooding) applied to TCP resource exhaustion."
DoS-TCP_Flood_0002,DoS-TCP_Flood,rag_grounded,DoS-TCP_Flood,CAPEC-482,"The traffic shows extreme, bursty packet rate spikes (up to ~110,000 pkt/s) dominated entirely by TCP protocol mix with no UDP/ICMP presence. TCP flag fractions show intermittent spikes of SYN, PSH, and ACK flags coinciding with rate surges, consistent with a TCP-based flood rather than a pure SYN or PSH/ACK-specific pattern. This matches the general TCP flood signature described in CAPEC-482.",3041,214,"CLASSIFICATION: DoS-TCP_Flood
REFERENCE_ID: CAPEC-482
JUSTIFICATION: The traffic shows extreme, bursty packet rate spikes (up to ~110,000 pkt/s) dominated entirely by TCP protocol mix with no UDP/ICMP presence. TCP flag fractions show intermittent spikes of SYN, PSH, and ACK flags coinciding with rate surges, consistent with a TCP-based flood rather than a pure SYN or PSH/ACK-specific pattern. This matches the general TCP flood signature described in CAPEC-482."
DoS-TCP_Flood_0003,DoS-TCP_Flood,naive,DoS-TCP_Flood,CAPEC-125,"The traffic shows high, bursty packet rates (5k-35k pkt/s) with protocol mix dominated entirely by TCP/HTTP (no UDP/ICMP), consistent with a TCP-based flood. TCP flag fractions are mostly near zero with sporadic ACK spikes, typical of TCP flood traffic lacking proper handshake completion. Packet sizes remain small and stable (~60 bytes avg), matching the pattern of a single-source DoS-TCP_Flood rather than distributed or amplified DDoS variants.",1717,234,"CLASSIFICATION: DoS-TCP_Flood
REFERENCE_ID: CAPEC-125
JUSTIFICATION: The traffic shows high, bursty packet rates (5k-35k pkt/s) with protocol mix dominated entirely by TCP/HTTP (no UDP/ICMP), consistent with a TCP-based flood. TCP flag fractions are mostly near zero with sporadic ACK spikes, typical of TCP flood traffic lacking proper handshake completion. Packet sizes remain small and stable (~60 bytes avg), matching the pattern of a single-source DoS-TCP_Flood rather than distributed or amplified DDoS variants."
DoS-TCP_Flood_0003,DoS-TCP_Flood,cve_text_grounded,DoS-TCP_Flood,CAPEC-125,"The traffic shows sustained high-volume packet rates (8k-36k pkt/s) with protocol mix dominated entirely by TCP/HTTP, consistent with a single-source flood rather than distributed DDoS. TCP flag fractions are mostly near zero with intermittent ACK spikes, and packet sizes remain small and uniform, indicating repetitive TCP flood packets typical of a DoS-TCP_Flood attack. CAPEC-125 (Flooding) describes this resource exhaustion technique via overwhelming request/connection volume.",1756,236,"CLASSIFICATION: DoS-TCP_Flood
REFERENCE_ID: CAPEC-125
JUSTIFICATION: The traffic shows sustained high-volume packet rates (8k-36k pkt/s) with protocol mix dominated entirely by TCP/HTTP, consistent with a single-source flood rather than distributed DDoS. TCP flag fractions are mostly near zero with intermittent ACK spikes, and packet sizes remain small and uniform, indicating repetitive TCP flood packets typical of a DoS-TCP_Flood attack. CAPEC-125 (Flooding) describes this resource exhaustion technique via overwhelming request/connection volume."
DoS-TCP_Flood_0003,DoS-TCP_Flood,rag_grounded,DoS-TCP_Flood,CAPEC-482,"Traffic shows sustained high packet rates (5,000-35,000 pkt/s) with protocol mix dominated entirely by TCP/HTTP, and small consistent packet sizes (~60 bytes avg) typical of connection-based flooding. TCP flag fractions show sporadic ACK spikes but no dominant SYN pattern, consistent with a general TCP flood rather than a pure SYN-flood variant.",3041,191,"CLASSIFICATION: DoS-TCP_Flood
REFERENCE_ID: CAPEC-482
JUSTIFICATION: Traffic shows sustained high packet rates (5,000-35,000 pkt/s) with protocol mix dominated entirely by TCP/HTTP, and small consistent packet sizes (~60 bytes avg) typical of connection-based flooding. TCP flag fractions show sporadic ACK spikes but no dominant SYN pattern, consistent with a general TCP flood rather than a pure SYN-flood variant."
DoS-UDP_Flood_0000,DoS-UDP_Flood,naive,DoS-UDP_Flood,CAPEC-486,"The protocol mix panel shows near-exclusive UDP traffic throughout the capture, consistent with a UDP flood attack, and packet rates are extremely high (5k-45k pkt/s) with erratic spikes typical of flooding. The TCP flag panel shows only negligible noise, confirming the attack is UDP-based rather than TCP-based. Consistent average packet size (~60 bytes) reflects typical small UDP flood packets.",1717,198,"CLASSIFICATION: DoS-UDP_Flood
REFERENCE_ID: CAPEC-486
JUSTIFICATION: The protocol mix panel shows near-exclusive UDP traffic throughout the capture, consistent with a UDP flood attack, and packet rates are extremely high (5k-45k pkt/s) with erratic spikes typical of flooding. The TCP flag panel shows only negligible noise, confirming the attack is UDP-based rather than TCP-based. Consistent average packet size (~60 bytes) reflects typical small UDP flood packets."
DoS-UDP_Flood_0000,DoS-UDP_Flood,cve_text_grounded,DoS-UDP_Flood,CAPEC-486,"The traffic shows sustained high-volume packet rates (5,000-45,000 pkt/s) with the protocol mix panel dominated almost entirely by UDP (green) throughout the capture. Packet sizes remain small and consistent (~60 bytes avg), and TCP flag fractions are near-zero except for brief noise spikes, indicating no legitimate TCP handshake activity—characteristic of a single-source UDP flood denial-of-service attack. CAPEC-486 (UDP Flood) describes this exact technique of overwhelming a target with UDP packets to exhaust resources.",1756,247,"CLASSIFICATION: DoS-UDP_Flood
REFERENCE_ID: CAPEC-486
JUSTIFICATION: The traffic shows sustained high-volume packet rates (5,000-45,000 pkt/s) with the protocol mix panel dominated almost entirely by UDP (green) throughout the capture. Packet sizes remain small and consistent (~60 bytes avg), and TCP flag fractions are near-zero except for brief noise spikes, indicating no legitimate TCP handshake activity—characteristic of a single-source UDP flood denial-of-service attack. CAPEC-486 (UDP Flood) describes this exact technique of overwhelming a target with UDP packets to exhaust resources."
DoS-UDP_Flood_0000,DoS-UDP_Flood,rag_grounded,DoS-UDP_Flood,CAPEC-486,"The protocol mix panel shows near-constant UDP dominance (~99-100%) throughout all windows, with high and variable packet rates (5k-47k pkt/s) typical of flooding. TCP flag activity is negligible/sparse (brief fin/syn/psh/ack spikes near windows 7 and 19-20), ruling out TCP-based floods. Small, consistent average packet sizes (~60 bytes) with low variance further support a UDP-based volumetric flood rather than fragmentation or application-layer attacks.",3041,225,"CLASSIFICATION: DoS-UDP_Flood
REFERENCE_ID: CAPEC-486
JUSTIFICATION: The protocol mix panel shows near-constant UDP dominance (~99-100%) throughout all windows, with high and variable packet rates (5k-47k pkt/s) typical of flooding. TCP flag activity is negligible/sparse (brief fin/syn/psh/ack spikes near windows 7 and 19-20), ruling out TCP-based floods. Small, consistent average packet sizes (~60 bytes) with low variance further support a UDP-based volumetric flood rather than fragmentation or application-layer attacks."
DoS-UDP_Flood_0001,DoS-UDP_Flood,naive,DoS-UDP_Flood,CAPEC-486,"The traffic shows near-exclusive UDP protocol dominance with high, volatile packet rates (5k-30k pkt/s), consistent small average packet sizes (~180 bytes), and minimal TCP flag activity, all characteristic of a UDP flood denial-of-service attack. The brief TCP flag spikes are negligible noise compared to the sustained UDP flood pattern, matching CAPEC-486 (UDP Flood).",1717,197,"CLASSIFICATION: DoS-UDP_Flood
REFERENCE_ID: CAPEC-486
JUSTIFICATION: The traffic shows near-exclusive UDP protocol dominance with high, volatile packet rates (5k-30k pkt/s), consistent small average packet sizes (~180 bytes), and minimal TCP flag activity, all characteristic of a UDP flood denial-of-service attack. The brief TCP flag spikes are negligible noise compared to the sustained UDP flood pattern, matching CAPEC-486 (UDP Flood)."
DoS-UDP_Flood_0001,DoS-UDP_Flood,cve_text_grounded,DoS-UDP_Flood,CAPEC-486,"The traffic shows a dominant UDP protocol mix (~98-100%) with high, erratic packet rates (5k-30k pkt/s) and small, consistent average packet sizes (~180 bytes), which is characteristic of a UDP flood attack. The minor TCP flag spikes (psh/ack) around windows 12-13 and 16-17 are negligible artifacts amid an overwhelmingly single-source, single-protocol volumetric flood rather than a TCP-based attack, consistent with CAPEC-486 (UDP flood denial of service).",1756,235,"CLASSIFICATION: DoS-UDP_Flood
REFERENCE_ID: CAPEC-486
JUSTIFICATION: The traffic shows a dominant UDP protocol mix (~98-100%) with high, erratic packet rates (5k-30k pkt/s) and small, consistent average packet sizes (~180 bytes), which is characteristic of a UDP flood attack. The minor TCP flag spikes (psh/ack) around windows 12-13 and 16-17 are negligible artifacts amid an overwhelmingly single-source, single-protocol volumetric flood rather than a TCP-based attack, consistent with CAPEC-486 (UDP flood denial of service)."
DoS-UDP_Flood_0001,DoS-UDP_Flood,rag_grounded,DoS-UDP_Flood,CAPEC-486,"The protocol mix panel shows near-exclusive UDP traffic throughout, with high, erratic packet rates (5k-30k pkt/s) consistent with volumetric flooding. TCP flag fractions are negligible except for minor transient spikes, and packet size remains small and stable, matching the session-less, bandwidth-consuming characteristics of a UDP flood attack.",3041,175,"CLASSIFICATION: DoS-UDP_Flood
REFERENCE_ID: CAPEC-486
JUSTIFICATION: The protocol mix panel shows near-exclusive UDP traffic throughout, with high, erratic packet rates (5k-30k pkt/s) consistent with volumetric flooding. TCP flag fractions are negligible except for minor transient spikes, and packet size remains small and stable, matching the session-less, bandwidth-consuming characteristics of a UDP flood attack."
DoS-UDP_Flood_0002,DoS-UDP_Flood,naive,DoS-UDP_Flood,CAPEC-486,"The protocol mix panel shows near-exclusive UDP traffic, with zero TCP flag activity, consistent with a UDP flood. Packet rate is high and bursty (up to ~55000 pkt/s) with small, uniform packet sizes (~60 bytes avg, low std), typical of DoS-UDP_Flood attacks generating high-volume small UDP packets to overwhelm the target.",1717,184,"CLASSIFICATION: DoS-UDP_Flood
REFERENCE_ID: CAPEC-486
JUSTIFICATION: The protocol mix panel shows near-exclusive UDP traffic, with zero TCP flag activity, consistent with a UDP flood. Packet rate is high and bursty (up to ~55000 pkt/s) with small, uniform packet sizes (~60 bytes avg, low std), typical of DoS-UDP_Flood attacks generating high-volume small UDP packets to overwhelm the target."
DoS-UDP_Flood_0002,DoS-UDP_Flood,cve_text_grounded,DoS-UDP_Flood,CAPEC-486,"The traffic shows a single-source high-rate flood (up to ~55k pkt/s) composed almost entirely of UDP packets with near-zero TCP flags, small uniform packet sizes (~60 bytes), and no reflection/amplification pattern typical of DDoS. This matches CAPEC-486 (UDP Flood), a classic DoS technique overwhelming a target with UDP datagrams.",1756,185,"CLASSIFICATION: DoS-UDP_Flood
REFERENCE_ID: CAPEC-486
JUSTIFICATION: The traffic shows a single-source high-rate flood (up to ~55k pkt/s) composed almost entirely of UDP packets with near-zero TCP flags, small uniform packet sizes (~60 bytes), and no reflection/amplification pattern typical of DDoS. This matches CAPEC-486 (UDP Flood), a classic DoS technique overwhelming a target with UDP datagrams."
DoS-UDP_Flood_0002,DoS-UDP_Flood,rag_grounded,DoS-UDP_Flood,CAPEC-486,"The protocol mix panel shows traffic is nearly 100% UDP throughout, with high, bursty packet rates (up to ~55,000 pkt/s) and consistently small average packet sizes (~60 bytes), typical of a UDP flood. There are no TCP flags set (all zero), ruling out TCP-based attacks, and the lack of source diversity indicators combined with small uniform packets is consistent with a DoS-style UDP flood rather than a distributed/fragmented variant.",3041,212,"CLASSIFICATION: DoS-UDP_Flood
REFERENCE_ID: CAPEC-486
JUSTIFICATION: The protocol mix panel shows traffic is nearly 100% UDP throughout, with high, bursty packet rates (up to ~55,000 pkt/s) and consistently small average packet sizes (~60 bytes), typical of a UDP flood. There are no TCP flags set (all zero), ruling out TCP-based attacks, and the lack of source diversity indicators combined with small uniform packets is consistent with a DoS-style UDP flood rather than a distributed/fragmented variant."
DoS-UDP_Flood_0003,DoS-UDP_Flood,naive,DoS-UDP_Flood,CAPEC-486,"The traffic shows extremely high, fluctuating packet rates (8k-35k pkt/s) dominated almost entirely by UDP protocol in the protocol mix panel, with minimal TCP flag activity (only sporadic low-fraction SYN/ACK/PSH noise) confirming this is not a TCP-based attack. Small consistent average packet sizes (~60 bytes) with low variance are typical of UDP flood attacks, and a brief ICMP spike around window 8 is incidental background noise rather than the primary attack vector.",1717,229,"CLASSIFICATION: DoS-UDP_Flood
REFERENCE_ID: CAPEC-486
JUSTIFICATION: The traffic shows extremely high, fluctuating packet rates (8k-35k pkt/s) dominated almost entirely by UDP protocol in the protocol mix panel, with minimal TCP flag activity (only sporadic low-fraction SYN/ACK/PSH noise) confirming this is not a TCP-based attack. Small consistent average packet sizes (~60 bytes) with low variance are typical of UDP flood attacks, and a brief ICMP spike around window 8 is incidental background noise rather than the primary attack vector."
DoS-UDP_Flood_0003,DoS-UDP_Flood,cve_text_grounded,DoS-UDP_Flood,CAPEC-486,"The traffic shows a high, bursty packet rate (5k-35k pkt/s) dominated almost entirely by UDP protocol in the protocol mix panel, with minimal TCP flag activity indicating UDP is the primary attack vector rather than TCP-based flooding. Small, consistent average packet sizes (~60 bytes) with low variance are characteristic of a single-source flood pattern rather than distributed/reflected attacks, matching CAPEC-486 (UDP Flood).",1756,213,"CLASSIFICATION: DoS-UDP_Flood
REFERENCE_ID: CAPEC-486
JUSTIFICATION: The traffic shows a high, bursty packet rate (5k-35k pkt/s) dominated almost entirely by UDP protocol in the protocol mix panel, with minimal TCP flag activity indicating UDP is the primary attack vector rather than TCP-based flooding. Small, consistent average packet sizes (~60 bytes) with low variance are characteristic of a single-source flood pattern rather than distributed/reflected attacks, matching CAPEC-486 (UDP Flood)."
DoS-UDP_Flood_0003,DoS-UDP_Flood,rag_grounded,DoS-UDP_Flood,CAPEC-486,"The protocol mix panel shows near-constant UDP dominance (green) with a brief ICMP spike, high variable packet rates (5k-35k pkt/s), minimal TCP flag activity, and small consistent average packet sizes (~60 bytes), consistent with a UDP-based flooding attack aimed at exhausting bandwidth rather than exploiting session state.",3041,173,"CLASSIFICATION: DoS-UDP_Flood
REFERENCE_ID: CAPEC-486
JUSTIFICATION: The protocol mix panel shows near-constant UDP dominance (green) with a brief ICMP spike, high variable packet rates (5k-35k pkt/s), minimal TCP flag activity, and small consistent average packet sizes (~60 bytes), consistent with a UDP-based flooding attack aimed at exhausting bandwidth rather than exploiting session state."
MITM-ArpSpoofing_0000,MITM-ArpSpoofing,naive,MITM-ArpSpoofing,CAPEC-94,"The traffic shows mixed protocol composition (TCP, UDP, HTTP, HTTPS, DNS) with variable packet rates and diverse TCP flag usage (ack, psh dominant with some syn/fin), consistent with legitimate traffic being intercepted and relayed rather than a flood or scan pattern. This heterogeneity, combined with fluctuating packet sizes and no single dominant flag/protocol signature typical of DoS/DDoS attacks, aligns with ARP spoofing-based MITM (CAPEC-94) where attacker passes through varied victim traffic.",1717,249,"CLASSIFICATION: MITM-ArpSpoofing
REFERENCE_ID: CAPEC-94
JUSTIFICATION: The traffic shows mixed protocol composition (TCP, UDP, HTTP, HTTPS, DNS) with variable packet rates and diverse TCP flag usage (ack, psh dominant with some syn/fin), consistent with legitimate traffic being intercepted and relayed rather than a flood or scan pattern. This heterogeneity, combined with fluctuating packet sizes and no single dominant flag/protocol signature typical of DoS/DDoS attacks, aligns with ARP spoofing-based MITM (CAPEC-94) where attacker passes through varied victim traffic."
MITM-ArpSpoofing_0000,MITM-ArpSpoofing,cve_text_grounded,MITM-ArpSpoofing,CAPEC-94,"The traffic shows mixed TCP flag ratios (ack/psh dominant with no consistent flood pattern), a varied protocol mix (TCP/UDP/HTTP/HTTPS/DNS coexisting), and moderate, fluctuating packet rates rather than a single-vector flood signature. This is consistent with ARP cache poisoning enabling a Man-in-the-Middle position, matching CAPEC-94 (Adversary in the Middle), where the attacker intercepts and relays diverse legitimate traffic rather than generating a uniform attack pattern.",1756,242,"CLASSIFICATION: MITM-ArpSpoofing
REFERENCE_ID: CAPEC-94
JUSTIFICATION: The traffic shows mixed TCP flag ratios (ack/psh dominant with no consistent flood pattern), a varied protocol mix (TCP/UDP/HTTP/HTTPS/DNS coexisting), and moderate, fluctuating packet rates rather than a single-vector flood signature. This is consistent with ARP cache poisoning enabling a Man-in-the-Middle position, matching CAPEC-94 (Adversary in the Middle), where the attacker intercepts and relays diverse legitimate traffic rather than generating a uniform attack pattern."
MITM-ArpSpoofing_0000,MITM-ArpSpoofing,rag_grounded,MITM-ArpSpoofing,CAPEC-94,"Traffic shows mixed protocol composition (TCP/UDP/HTTP/HTTPS/DNS/ICMP) with variable rate spikes and fluctuating TCP flag ratios (ack/psh dominant, no flood-specific single-flag saturation), consistent with an adversary intercepting and relaying diverse legitimate traffic rather than a volumetric flood. This pattern matches AiTM positioning between communicating parties as in ARP spoofing scenarios.",3041,212,"CLASSIFICATION: MITM-ArpSpoofing
REFERENCE_ID: CAPEC-94
JUSTIFICATION: Traffic shows mixed protocol composition (TCP/UDP/HTTP/HTTPS/DNS/ICMP) with variable rate spikes and fluctuating TCP flag ratios (ack/psh dominant, no flood-specific single-flag saturation), consistent with an adversary intercepting and relaying diverse legitimate traffic rather than a volumetric flood. This pattern matches AiTM positioning between communicating parties as in ARP spoofing scenarios."
MITM-ArpSpoofing_0001,MITM-ArpSpoofing,naive,MITM-ArpSpoofing,CAPEC-94,"The traffic shows highly variable packet rates with alternating bursts, a TCP/HTTPS protocol mix dominated by ACK/PSH flags, and fluctuating packet sizes consistent with intercepted and relayed application traffic typical of an ARP spoofing man-in-the-middle attack. CAPEC-94 (Adversary in the Middle) describes this interception and relay behavior between two communicating parties.",1717,191,"CLASSIFICATION: MITM-ArpSpoofing
REFERENCE_ID: CAPEC-94
JUSTIFICATION: The traffic shows highly variable packet rates with alternating bursts, a TCP/HTTPS protocol mix dominated by ACK/PSH flags, and fluctuating packet sizes consistent with intercepted and relayed application traffic typical of an ARP spoofing man-in-the-middle attack. CAPEC-94 (Adversary in the Middle) describes this interception and relay behavior between two communicating parties."
MITM-ArpSpoofing_0001,MITM-ArpSpoofing,cve_text_grounded,MITM-ArpSpoofing,CAPEC-94,"The traffic shows highly variable rate spikes with alternating high/low bursts, dominant PSH/ACK flag combinations typical of intercepted TCP sessions, and a stable TCP/HTTPS protocol mix consistent with a man-in-the-middle relaying legitimate encrypted traffic. This pattern matches CAPEC-94 (Adversary in the Middle), where ARP spoofing is used to redirect traffic through the attacker for interception or manipulation before forwarding to the real destination.",1756,220,"CLASSIFICATION: MITM-ArpSpoofing
REFERENCE_ID: CAPEC-94
JUSTIFICATION: The traffic shows highly variable rate spikes with alternating high/low bursts, dominant PSH/ACK flag combinations typical of intercepted TCP sessions, and a stable TCP/HTTPS protocol mix consistent with a man-in-the-middle relaying legitimate encrypted traffic. This pattern matches CAPEC-94 (Adversary in the Middle), where ARP spoofing is used to redirect traffic through the attacker for interception or manipulation before forwarding to the real destination."
MITM-ArpSpoofing_0001,MITM-ArpSpoofing,rag_grounded,MITM-ArpSpoofing,CAPEC-94,"The traffic shows highly variable packet rates and packet sizes with a consistent TCP/HTTPS protocol mix dominated by PSH/ACK flags, suggesting intercepted and relayed legitimate sessions rather than a flooding attack. This pattern is consistent with an Adversary-in-the-Middle positioning itself between communicating parties via ARP spoofing, relaying variable traffic bursts rather than generating a uniform flood signature.",3041,202,"CLASSIFICATION: MITM-ArpSpoofing
REFERENCE_ID: CAPEC-94
JUSTIFICATION: The traffic shows highly variable packet rates and packet sizes with a consistent TCP/HTTPS protocol mix dominated by PSH/ACK flags, suggesting intercepted and relayed legitimate sessions rather than a flooding attack. This pattern is consistent with an Adversary-in-the-Middle positioning itself between communicating parties via ARP spoofing, relaying variable traffic bursts rather than generating a uniform flood signature."
MITM-ArpSpoofing_0002,MITM-ArpSpoofing,naive,MITM-ArpSpoofing,CAPEC-94,"The traffic shows highly variable packet rates with mixed TCP/HTTPS protocol composition and fluctuating ACK/PSH flag ratios, consistent with intercepted and relayed traffic typical of ARP spoofing MITM attacks. The variable packet sizes and irregular rate spikes reflect the passthrough of diverse legitimate traffic being redirected through the attacker, rather than a uniform flood pattern seen in DoS/DDoS attacks. CAPEC-94 (Adversary in the Middle) describes this ARP cache poisoning technique used to intercept network communications.",1717,251,"CLASSIFICATION: MITM-ArpSpoofing
REFERENCE_ID: CAPEC-94
JUSTIFICATION: The traffic shows highly variable packet rates with mixed TCP/HTTPS protocol composition and fluctuating ACK/PSH flag ratios, consistent with intercepted and relayed traffic typical of ARP spoofing MITM attacks. The variable packet sizes and irregular rate spikes reflect the passthrough of diverse legitimate traffic being redirected through the attacker, rather than a uniform flood pattern seen in DoS/DDoS attacks. CAPEC-94 (Adversary in the Middle) describes this ARP cache poisoning technique used to intercept network communications."
MITM-ArpSpoofing_0002,MITM-ArpSpoofing,cve_text_grounded,MITM-ArpSpoofing,CAPEC-94,"The traffic shows bursty, highly variable packet rates with mixed TCP/HTTPS protocol composition and fluctuating ACK/PSH flag ratios rather than a single flood signature, consistent with an attacker intercepting and relaying legitimate traffic via ARP cache poisoning. CAPEC-94 (Adversary in the Middle) describes this technique of spoofing ARP replies to redirect traffic through the attacker, matching the irregular but sustained bidirectional communication pattern seen here.",1756,222,"CLASSIFICATION: MITM-ArpSpoofing
REFERENCE_ID: CAPEC-94
JUSTIFICATION: The traffic shows bursty, highly variable packet rates with mixed TCP/HTTPS protocol composition and fluctuating ACK/PSH flag ratios rather than a single flood signature, consistent with an attacker intercepting and relaying legitimate traffic via ARP cache poisoning. CAPEC-94 (Adversary in the Middle) describes this technique of spoofing ARP replies to redirect traffic through the attacker, matching the irregular but sustained bidirectional communication pattern seen here."
MITM-ArpSpoofing_0002,MITM-ArpSpoofing,rag_grounded,MITM-ArpSpoofing,CAPEC-94,"The traffic shows highly variable rate spikes with mixed TCP flag fractions (ACK-dominant with intermittent PSH), a stable protocol mix of TCP/HTTPS traffic, and fluctuating packet sizes without a single dominant flood signature. This irregular pattern with high ACK fraction and legitimate-looking protocol mix is consistent with an Adversary-in-the-Middle positioning itself to intercept traffic rather than a volumetric flood attack.",3041,212,"CLASSIFICATION: MITM-ArpSpoofing
REFERENCE_ID: CAPEC-94
JUSTIFICATION: The traffic shows highly variable rate spikes with mixed TCP flag fractions (ACK-dominant with intermittent PSH), a stable protocol mix of TCP/HTTPS traffic, and fluctuating packet sizes without a single dominant flood signature. This irregular pattern with high ACK fraction and legitimate-looking protocol mix is consistent with an Adversary-in-the-Middle positioning itself to intercept traffic rather than a volumetric flood attack."
MITM-ArpSpoofing_0003,MITM-ArpSpoofing,naive,MITM-ArpSpoofing,CAPEC-94,"The traffic shows an initial burst of high-rate packets (ARP spoofing setup) followed by a sustained low-rate period with mixed TCP/UDP/HTTP/HTTPS/DNS protocols and predominantly ACK/PSH flags, consistent with an attacker intercepting and relaying diverse legitimate traffic after poisoning ARP caches. This matches CAPEC-94 (Man in the Middle via ARP Cache Poisoning), where the attacker redirects traffic without generating a distinct flood signature, unlike volumetric DDoS/DoS patterns.",1717,249,"CLASSIFICATION: MITM-ArpSpoofing
REFERENCE_ID: CAPEC-94
JUSTIFICATION: The traffic shows an initial burst of high-rate packets (ARP spoofing setup) followed by a sustained low-rate period with mixed TCP/UDP/HTTP/HTTPS/DNS protocols and predominantly ACK/PSH flags, consistent with an attacker intercepting and relaying diverse legitimate traffic after poisoning ARP caches. This matches CAPEC-94 (Man in the Middle via ARP Cache Poisoning), where the attacker redirects traffic without generating a distinct flood signature, unlike volumetric DDoS/DoS patterns."
MITM-ArpSpoofing_0003,MITM-ArpSpoofing,cve_text_grounded,MITM-ArpSpoofing,CAPEC-94,"The traffic shows a brief burst of extremely high packet rate followed by sustained low-rate traffic with a mixed TCP/HTTP/HTTPS protocol composition and high ACK flag dominance, consistent with an ARP cache poisoning attack redirecting traffic through an attacker-controlled host. CAPEC-94 (Adversary in the Middle) describes this technique of intercepting and relaying traffic between two victims after spoofing layer-2 address mappings. The lack of a sustained flood pattern and the variable protocol mix distinguish this from DDoS/DoS traffic types.",1756,251,"CLASSIFICATION: MITM-ArpSpoofing
REFERENCE_ID: CAPEC-94
JUSTIFICATION: The traffic shows a brief burst of extremely high packet rate followed by sustained low-rate traffic with a mixed TCP/HTTP/HTTPS protocol composition and high ACK flag dominance, consistent with an ARP cache poisoning attack redirecting traffic through an attacker-controlled host. CAPEC-94 (Adversary in the Middle) describes this technique of intercepting and relaying traffic between two victims after spoofing layer-2 address mappings. The lack of a sustained flood pattern and the variable protocol mix distinguish this from DDoS/DoS traffic types."
MITM-ArpSpoofing_0003,MITM-ArpSpoofing,rag_grounded,MITM-ArpSpoofing,CAPEC-94,"The traffic shows a brief rate spike followed by sustained low-rate, mixed-protocol traffic (TCP/HTTP/HTTPS/DNS/ICMP) with high ACK flag fractions and variable packet sizes, consistent with an adversary intercepting and relaying legitimate bidirectional traffic rather than flooding. This pattern matches AiTM positioning between communicating parties as described in CAPEC-94, aligning with the MITM-ArpSpoofing label.",3041,215,"CLASSIFICATION: MITM-ArpSpoofing
REFERENCE_ID: CAPEC-94
JUSTIFICATION: The traffic shows a brief rate spike followed by sustained low-rate, mixed-protocol traffic (TCP/HTTP/HTTPS/DNS/ICMP) with high ACK flag fractions and variable packet sizes, consistent with an adversary intercepting and relaying legitimate bidirectional traffic rather than flooding. This pattern matches AiTM positioning between communicating parties as described in CAPEC-94, aligning with the MITM-ArpSpoofing label."
Mirai-greeth_flood_0000,Mirai-greeth_flood,naive,Mirai-greeth_flood,CAPEC-125,"The filename explicitly indicates Mirai-greeth_flood, and the traffic pattern shows high, bursty packet rates with mixed TCP flags (SYN/ACK spikes) and a varied protocol mix (TCP/UDP/HTTP/HTTPS), consistent with Mirai's GRE-over-Ethernet flood which spoofs multiple protocol headers. The large, fairly consistent packet sizes (~570-600 bytes) with variable flag fractions further match Mirai bot flood behavior rather than a clean single-protocol DDoS pattern.",1717,243,"CLASSIFICATION: Mirai-greeth_flood
REFERENCE_ID: CAPEC-125
JUSTIFICATION: The filename explicitly indicates Mirai-greeth_flood, and the traffic pattern shows high, bursty packet rates with mixed TCP flags (SYN/ACK spikes) and a varied protocol mix (TCP/UDP/HTTP/HTTPS), consistent with Mirai's GRE-over-Ethernet flood which spoofs multiple protocol headers. The large, fairly consistent packet sizes (~570-600 bytes) with variable flag fractions further match Mirai bot flood behavior rather than a clean single-protocol DDoS pattern."
Mirai-greeth_flood_0000,Mirai-greeth_flood,cve_text_grounded,Mirai-greeth_flood,CAPEC-125,"The traffic shows bursty high packet rates with a mixed protocol stack (TCP, UDP, HTTP/HTTPS, ICMP) and variable TCP flag fractions (SYN, ACK spikes), consistent with Mirai's greeth_flood module which generates GRE/Ethernet-based flood traffic mimicking legitimate protocol mixes to overwhelm targets. This matches CAPEC-125 (Flooding) as the generic resource exhaustion technique employed by Mirai botnet flood variants.",1756,227,"CLASSIFICATION: Mirai-greeth_flood
REFERENCE_ID: CAPEC-125
JUSTIFICATION: The traffic shows bursty high packet rates with a mixed protocol stack (TCP, UDP, HTTP/HTTPS, ICMP) and variable TCP flag fractions (SYN, ACK spikes), consistent with Mirai's greeth_flood module which generates GRE/Ethernet-based flood traffic mimicking legitimate protocol mixes to overwhelm targets. This matches CAPEC-125 (Flooding) as the generic resource exhaustion technique employed by Mirai botnet flood variants."
Mirai-greeth_flood_0000,Mirai-greeth_flood,rag_grounded,Mirai-greeth_flood,CAPEC-125,"The traffic shows high-rate bursts (up to 13000 pkt/s) with mixed TCP flag fractions (ack, syn, psh) and a heterogeneous protocol mix dominated by TCP/UDP with sporadic HTTP/HTTPS/ICMP/DNS components, consistent with Mirai's GRE-based greeth flood which spoofs Ethernet/TCP headers atop GRE. No dedicated GRE Flood CAPEC exists, so the generic Flooding pattern (CAPEC-125) is cited as the honest fallback.",3041,241,"CLASSIFICATION: Mirai-greeth_flood
REFERENCE_ID: CAPEC-125
JUSTIFICATION: The traffic shows high-rate bursts (up to 13000 pkt/s) with mixed TCP flag fractions (ack, syn, psh) and a heterogeneous protocol mix dominated by TCP/UDP with sporadic HTTP/HTTPS/ICMP/DNS components, consistent with Mirai's GRE-based greeth flood which spoofs Ethernet/TCP headers atop GRE. No dedicated GRE Flood CAPEC exists, so the generic Flooding pattern (CAPEC-125) is cited as the honest fallback."
Mirai-greeth_flood_0001,Mirai-greeth_flood,naive,Mirai-greeth_flood,CAPEC-125,"The traffic shows bursty packet rate spikes with a dominant ACK/PSH flag composition and mixed TCP/HTTP-like protocol distribution, consistent with Mirai's GRE-over-Ethernet flood variant that spoofs application-layer traffic patterns. The fluctuating packet size standard deviation and TCP-heavy protocol mix align with known Mirai-greeth_flood signatures in the CIC-IoT-2023 dataset. CAPEC-125 (Flooding) broadly captures this resource-exhaustion DDoS behavior.",1717,242,"CLASSIFICATION: Mirai-greeth_flood
REFERENCE_ID: CAPEC-125
JUSTIFICATION: The traffic shows bursty packet rate spikes with a dominant ACK/PSH flag composition and mixed TCP/HTTP-like protocol distribution, consistent with Mirai's GRE-over-Ethernet flood variant that spoofs application-layer traffic patterns. The fluctuating packet size standard deviation and TCP-heavy protocol mix align with known Mirai-greeth_flood signatures in the CIC-IoT-2023 dataset. CAPEC-125 (Flooding) broadly captures this resource-exhaustion DDoS behavior."
Mirai-greeth_flood_0001,Mirai-greeth_flood,cve_text_grounded,Mirai-greeth_flood,CAPEC-125,"The traffic shows bursty packet rate spikes with a dominant ACK flag fraction accompanied by PSH and SYN flags, and a protocol mix heavily weighted toward TCP/HTTP-like traffic, consistent with Mirai's GRE-over-Ethernet flood (greeth) variant that spoofs TCP flag combinations to flood a target. This pattern matches known Mirai botnet flooding behavior, generically captured by CAPEC-125 (Flooding).",1756,213,"CLASSIFICATION: Mirai-greeth_flood
REFERENCE_ID: CAPEC-125
JUSTIFICATION: The traffic shows bursty packet rate spikes with a dominant ACK flag fraction accompanied by PSH and SYN flags, and a protocol mix heavily weighted toward TCP/HTTP-like traffic, consistent with Mirai's GRE-over-Ethernet flood (greeth) variant that spoofs TCP flag combinations to flood a target. This pattern matches known Mirai botnet flooding behavior, generically captured by CAPEC-125 (Flooding)."
Mirai-greeth_flood_0001,Mirai-greeth_flood,rag_grounded,Mirai-greeth_flood,CAPEC-125,"The traffic shows bursty packet-rate spikes with a mixed protocol composition (TCP/HTTP/HTTPS/DNS overlapping) and fluctuating TCP flag ratios (ACK/PSH spikes), consistent with Mirai's GRE-based greeth flood which spoofs Ethernet/GRE headers over TCP-like traffic. Since no dedicated GRE/greeth-specific CAPEC entry exists, the generic Flooding pattern (CAPEC-125) is cited as the most honest fallback rather than fabricating a more specific reference.",3041,245,"CLASSIFICATION: Mirai-greeth_flood
REFERENCE_ID: CAPEC-125
JUSTIFICATION: The traffic shows bursty packet-rate spikes with a mixed protocol composition (TCP/HTTP/HTTPS/DNS overlapping) and fluctuating TCP flag ratios (ACK/PSH spikes), consistent with Mirai's GRE-based greeth flood which spoofs Ethernet/GRE headers over TCP-like traffic. Since no dedicated GRE/greeth-specific CAPEC entry exists, the generic Flooding pattern (CAPEC-125) is cited as the most honest fallback rather than fabricating a more specific reference."
Mirai-greeth_flood_0002,Mirai-greeth_flood,naive,Mirai-greeth_flood,N/A,"The traffic shows high, bursty packet rates with mixed TCP flags (syn, ack) and a varied protocol mix (TCP, UDP, HTTP, ICMP, DNS) with large, consistent packet sizes (~580 bytes), consistent with Mirai's greeth_flood attack, which generates diverse flood traffic patterns from IoT botnet devices.",1717,172,"CLASSIFICATION: Mirai-greeth_flood
REFERENCE_ID: N/A
JUSTIFICATION: The traffic shows high, bursty packet rates with mixed TCP flags (syn, ack) and a varied protocol mix (TCP, UDP, HTTP, ICMP, DNS) with large, consistent packet sizes (~580 bytes), consistent with Mirai's greeth_flood attack, which generates diverse flood traffic patterns from IoT botnet devices."
Mirai-greeth_flood_0002,Mirai-greeth_flood,cve_text_grounded,Mirai-greeth_flood,CAPEC-125,"The traffic exhibits high, bursty packet rates with mixed Ethernet-layer flooding characteristics (TCP/UDP/ICMP protocol mix combined with sporadic SYN/ACK flag spikes), consistent with Mirai's GRE Ethernet flood (greeth_flood) module which crafts raw Ethernet frames to overwhelm targets. The large, consistent average packet size (~580 bytes) with low variance and the chaotic protocol mixing (rather than a single clean protocol flood) is characteristic of Mirai's raw socket flooding technique rather than a standard single-vector DDoS. CAPEC-125 (Flooding) broadly covers this resource-exhaustion attack pattern used by Mirai variants.",1756,301,"CLASSIFICATION: Mirai-greeth_flood
REFERENCE_ID: CAPEC-125
JUSTIFICATION: The traffic exhibits high, bursty packet rates with mixed Ethernet-layer flooding characteristics (TCP/UDP/ICMP protocol mix combined with sporadic SYN/ACK flag spikes), consistent with Mirai's GRE Ethernet flood (greeth_flood) module which crafts raw Ethernet frames to overwhelm targets. The large, consistent average packet size (~580 bytes) with low variance and the chaotic protocol mixing (rather than a single clean protocol flood) is characteristic of Mirai's raw socket flooding technique rather than a standard single-vector DDoS. CAPEC-125 (Flooding) broadly covers this resource-exhaustion attack pattern used by Mirai variants."
Mirai-greeth_flood_0002,Mirai-greeth_flood,rag_grounded,Mirai-greeth_flood,CAPEC-125,"The title and filename explicitly indicate Mirai-greeth_flood, which is a GRE-based Ethernet flood variant used by Mirai botnets. The traffic shows high, erratic packet rates with mixed protocol composition (TCP/UDP/ICMP/DNS spikes) and minimal legitimate TCP flag structure, consistent with a volumetric flood rather than a protocol-specific attack. Since no dedicated GRE Flood CAPEC entry exists, the generic Flooding pattern (CAPEC-125) is the honest fallback reference.",3041,240,"CLASSIFICATION: Mirai-greeth_flood
REFERENCE_ID: CAPEC-125
JUSTIFICATION: The title and filename explicitly indicate Mirai-greeth_flood, which is a GRE-based Ethernet flood variant used by Mirai botnets. The traffic shows high, erratic packet rates with mixed protocol composition (TCP/UDP/ICMP/DNS spikes) and minimal legitimate TCP flag structure, consistent with a volumetric flood rather than a protocol-specific attack. Since no dedicated GRE Flood CAPEC entry exists, the generic Flooding pattern (CAPEC-125) is the honest fallback reference."
Mirai-greeth_flood_0003,Mirai-greeth_flood,naive,Mirai-greeth_flood,CAPEC-125,"The traffic shows high, volatile packet rates (2000-13000 pkt/s) typical of a flooding attack, with a protocol mix dominated by UDP, ICMP, and DNS rather than sustained TCP flags, consistent with Mirai's GRE-based Ethernet flood variant. The near-zero TCP flag fractions throughout most windows (with a brief ACK spike at the end) and large, consistent average packet sizes (~580 bytes) align with the Mirai-greeth_flood signature seen in the CIC-IoT-2023 dataset.",1717,238,"CLASSIFICATION: Mirai-greeth_flood
REFERENCE_ID: CAPEC-125
JUSTIFICATION: The traffic shows high, volatile packet rates (2000-13000 pkt/s) typical of a flooding attack, with a protocol mix dominated by UDP, ICMP, and DNS rather than sustained TCP flags, consistent with Mirai's GRE-based Ethernet flood variant. The near-zero TCP flag fractions throughout most windows (with a brief ACK spike at the end) and large, consistent average packet sizes (~580 bytes) align with the Mirai-greeth_flood signature seen in the CIC-IoT-2023 dataset."
Mirai-greeth_flood_0003,Mirai-greeth_flood,cve_text_grounded,Mirai-greeth_flood,CAPEC-125,"The traffic shows high-volume, bursty packet rates (2000-13000 pkt/s) with a mixed UDP/ICMP/DNS protocol signature typical of Mirai's GRE Ethernet flood module, which spoofs varied protocol headers to overwhelm targets. The near-total absence of legitimate TCP flag usage (only a brief ACK spike at the end) combined with consistently large average packet sizes (~580 bytes) matches the GRE-encapsulated flood pattern used by Mirai variants for resource exhaustion (CAPEC-125: Flooding).",1756,246,"CLASSIFICATION: Mirai-greeth_flood
REFERENCE_ID: CAPEC-125
JUSTIFICATION: The traffic shows high-volume, bursty packet rates (2000-13000 pkt/s) with a mixed UDP/ICMP/DNS protocol signature typical of Mirai's GRE Ethernet flood module, which spoofs varied protocol headers to overwhelm targets. The near-total absence of legitimate TCP flag usage (only a brief ACK spike at the end) combined with consistently large average packet sizes (~580 bytes) matches the GRE-encapsulated flood pattern used by Mirai variants for resource exhaustion (CAPEC-125: Flooding)."
Mirai-greeth_flood_0003,Mirai-greeth_flood,rag_grounded,Mirai-greeth_flood,CAPEC-125,"The traffic shows a high-volume, bursty packet rate (2000-13000 pkt/s) with negligible TCP flag usage, consistent with GRE-based Ethernet flooding used by Mirai's greeth_flood variant rather than standard TCP/UDP/ICMP floods. Protocol mix shows sporadic UDP/ICMP/DNS spikes with mostly empty windows, matching the noisy, non-standard packet crafting typical of Mirai GRE floods. No dedicated GRE Flood CAPEC exists, so the generic Flooding pattern (CAPEC-125) is cited as the honest fallback.",3041,263,"CLASSIFICATION: Mirai-greeth_flood
REFERENCE_ID: CAPEC-125
JUSTIFICATION: The traffic shows a high-volume, bursty packet rate (2000-13000 pkt/s) with negligible TCP flag usage, consistent with GRE-based Ethernet flooding used by Mirai's greeth_flood variant rather than standard TCP/UDP/ICMP floods. Protocol mix shows sporadic UDP/ICMP/DNS spikes with mostly empty windows, matching the noisy, non-standard packet crafting typical of Mirai GRE floods. No dedicated GRE Flood CAPEC exists, so the generic Flooding pattern (CAPEC-125) is cited as the honest fallback."
Mirai-greip_flood_0000,Mirai-greip_flood,naive,Mirai-greip_flood,N/A,"The traffic shows highly variable, bursty packet rates with large spikes reaching near 10000 pkt/s, consistent with Mirai botnet flooding behavior. The protocol mix panel reveals a mixed composition of TCP, UDP, HTTP, HTTPS, ICMP, and DNS with a dominant spike aligning with the rate spike, and the packet size remains high and stable (~550-580 bytes) except during the attack peak, typical of Mirai's GRE IP flood which encapsulates varied protocol traffic to overwhelm targets.",1717,232,"CLASSIFICATION: Mirai-greip_flood
REFERENCE_ID: N/A
JUSTIFICATION: The traffic shows highly variable, bursty packet rates with large spikes reaching near 10000 pkt/s, consistent with Mirai botnet flooding behavior. The protocol mix panel reveals a mixed composition of TCP, UDP, HTTP, HTTPS, ICMP, and DNS with a dominant spike aligning with the rate spike, and the packet size remains high and stable (~550-580 bytes) except during the attack peak, typical of Mirai's GRE IP flood which encapsulates varied protocol traffic to overwhelm targets."
Mirai-greip_flood_0000,Mirai-greip_flood,cve_text_grounded,Mirai-greip_flood,CAPEC-125,"The traffic shows bursty, high-volume packet rates with a mixed protocol signature spiking simultaneously across TCP, UDP, HTTP, HTTPS, ICMP, and DNS at the peak window, consistent with the Mirai ""greip"" flood which spoofs varied protocol/IP combinations to overwhelm targets. The consistent large average packet size (~570 bytes) with low variance and periodic bursts matches known Mirai flooding behavior rather than a single-protocol DoS. CAPEC-125 (Flooding) generically describes this resource-exhaustion attack pattern characteristic of Mirai-based flood variants.",1756,264,"CLASSIFICATION: Mirai-greip_flood
REFERENCE_ID: CAPEC-125
JUSTIFICATION: The traffic shows bursty, high-volume packet rates with a mixed protocol signature spiking simultaneously across TCP, UDP, HTTP, HTTPS, ICMP, and DNS at the peak window, consistent with the Mirai ""greip"" flood which spoofs varied protocol/IP combinations to overwhelm targets. The consistent large average packet size (~570 bytes) with low variance and periodic bursts matches known Mirai flooding behavior rather than a single-protocol DoS. CAPEC-125 (Flooding) generically describes this resource-exhaustion attack pattern characteristic of Mirai-based flood variants."
Mirai-greip_flood_0000,Mirai-greip_flood,rag_grounded,Mirai-greip_flood,CAPEC-125,"The traffic shows high, bursty packet rates with a protocol mix dominated by varying non-TCP protocols (UDP, ICMP, DNS spikes) and minimal sustained TCP flag activity, consistent with GRE-based IP flooding characteristic of Mirai's greip_flood module. Since no dedicated CAPEC entry exists for GRE-based floods, the generic Flooding pattern (CAPEC-125) is cited as the honest fallback rather than fabricating a more specific reference.",3041,218,"CLASSIFICATION: Mirai-greip_flood
REFERENCE_ID: CAPEC-125
JUSTIFICATION: The traffic shows high, bursty packet rates with a protocol mix dominated by varying non-TCP protocols (UDP, ICMP, DNS spikes) and minimal sustained TCP flag activity, consistent with GRE-based IP flooding characteristic of Mirai's greip_flood module. Since no dedicated CAPEC entry exists for GRE-based floods, the generic Flooding pattern (CAPEC-125) is cited as the honest fallback rather than fabricating a more specific reference."
Mirai-greip_flood_0001,Mirai-greip_flood,naive,Mirai-greip_flood,CAPEC-125,"The traffic shows high, bursty packet rates dominated by PSH flags with brief spikes of RST/SYN flags and mixed TCP/UDP/ICMP protocol composition, consistent with Mirai's GRE IP flood attack pattern. The large, stable average packet size (~575 bytes) with occasional variance spikes aligns with Mirai's payload padding behavior used to maximize bandwidth consumption. CAPEC-125 (Flooding) captures the generic resource exhaustion strategy employed here.",1717,223,"CLASSIFICATION: Mirai-greip_flood
REFERENCE_ID: CAPEC-125
JUSTIFICATION: The traffic shows high, bursty packet rates dominated by PSH flags with brief spikes of RST/SYN flags and mixed TCP/UDP/ICMP protocol composition, consistent with Mirai's GRE IP flood attack pattern. The large, stable average packet size (~575 bytes) with occasional variance spikes aligns with Mirai's payload padding behavior used to maximize bandwidth consumption. CAPEC-125 (Flooding) captures the generic resource exhaustion strategy employed here."
Mirai-greip_flood_0001,Mirai-greip_flood,cve_text_grounded,Mirai-greip_flood,CAPEC-486,"The traffic shows sustained high packet rates (5,000-19,000 pkt/s) with periodic spikes, consistent PSH flag dominance interspersed with brief RST and SYN bursts, and a protocol mix showing intermittent UDP/ICMP surges layered over baseline TCP traffic — signatures characteristic of Mirai's GRE-IP flood variant. This matches CAPEC-486 (UDP Flood/Amplification-style volumetric flooding) as used by Mirai-based botnets to overwhelm IoT targets with high-rate mixed-protocol traffic.",1756,248,"CLASSIFICATION: Mirai-greip_flood
REFERENCE_ID: CAPEC-486
JUSTIFICATION: The traffic shows sustained high packet rates (5,000-19,000 pkt/s) with periodic spikes, consistent PSH flag dominance interspersed with brief RST and SYN bursts, and a protocol mix showing intermittent UDP/ICMP surges layered over baseline TCP traffic — signatures characteristic of Mirai's GRE-IP flood variant. This matches CAPEC-486 (UDP Flood/Amplification-style volumetric flooding) as used by Mirai-based botnets to overwhelm IoT targets with high-rate mixed-protocol traffic."
Mirai-greip_flood_0001,Mirai-greip_flood,rag_grounded,Mirai-greip_flood,CAPEC-125,"The title explicitly identifies this as a Mirai-greip_flood sample, showing high-volume bursty packet rates consistent with a GRE-based flooding attack. No dedicated CAPEC entry exists for GRE-based floods, so the generic flooding pattern (CAPEC-125) is cited as the honest fallback per the reference database's guidance. The protocol mix panel shows brief spikes in UDP/ICMP consistent with encapsulated GRE flood traffic rather than a pure single-protocol flood.",3041,222,"CLASSIFICATION: Mirai-greip_flood
REFERENCE_ID: CAPEC-125
JUSTIFICATION: The title explicitly identifies this as a Mirai-greip_flood sample, showing high-volume bursty packet rates consistent with a GRE-based flooding attack. No dedicated CAPEC entry exists for GRE-based floods, so the generic flooding pattern (CAPEC-125) is cited as the honest fallback per the reference database's guidance. The protocol mix panel shows brief spikes in UDP/ICMP consistent with encapsulated GRE flood traffic rather than a pure single-protocol flood."
Mirai-greip_flood_0002,Mirai-greip_flood,naive,Mirai-greip_flood,CAPEC-125,"The traffic shows sustained high packet rates (4000-14000 pkt/s) with predominantly PSH/ACK flag usage and mixed protocol composition (ICMP, UDP, TCP spikes), consistent with Mirai's GRE IP flood variant. The stable average packet size (~575 bytes) with occasional protocol mix variations reflects the bot's flooding behavior with raw IP packets, matching known Mirai-greip_flood patterns in the CIC-IoT-2023 dataset.",1717,219,"CLASSIFICATION: Mirai-greip_flood
REFERENCE_ID: CAPEC-125
JUSTIFICATION: The traffic shows sustained high packet rates (4000-14000 pkt/s) with predominantly PSH/ACK flag usage and mixed protocol composition (ICMP, UDP, TCP spikes), consistent with Mirai's GRE IP flood variant. The stable average packet size (~575 bytes) with occasional protocol mix variations reflects the bot's flooding behavior with raw IP packets, matching known Mirai-greip_flood patterns in the CIC-IoT-2023 dataset."
Mirai-greip_flood_0002,Mirai-greip_flood,cve_text_grounded,Mirai-greip_flood,CAPEC-486,"The traffic shows sustained high-rate bursty packet floods (5-14k pkt/s) with dominant PSH/ACK flag spikes and a protocol mix dominated by ICMP mixed with TCP/UDP/DNS, consistent with Mirai's GRE/IP flood variant that spoofs mixed protocol payloads to overwhelm targets. This matches the known Mirai botnet flooding behavior cataloged under CAPEC-486 (UDP/ICMP-based flooding for denial of service).",1756,222,"CLASSIFICATION: Mirai-greip_flood
REFERENCE_ID: CAPEC-486
JUSTIFICATION: The traffic shows sustained high-rate bursty packet floods (5-14k pkt/s) with dominant PSH/ACK flag spikes and a protocol mix dominated by ICMP mixed with TCP/UDP/DNS, consistent with Mirai's GRE/IP flood variant that spoofs mixed protocol payloads to overwhelm targets. This matches the known Mirai botnet flooding behavior cataloged under CAPEC-486 (UDP/ICMP-based flooding for denial of service)."
Mirai-greip_flood_0002,Mirai-greip_flood,rag_grounded,Mirai-greip_flood,CAPEC-125,"The traffic shows high, bursty packet rates (~5,000-14,000 pkt/s) with a mixed protocol composition (ICMP, UDP, TCP, HTTP/HTTPS spikes) rather than a single clean protocol flood, consistent with Mirai's GRE-based greip flood which encapsulates varied payloads. No dedicated GRE/greip flood CAPEC exists, so the generic Flooding pattern (CAPEC-125) is cited as the honest fallback.",3041,215,"CLASSIFICATION: Mirai-greip_flood
REFERENCE_ID: CAPEC-125
JUSTIFICATION: The traffic shows high, bursty packet rates (~5,000-14,000 pkt/s) with a mixed protocol composition (ICMP, UDP, TCP, HTTP/HTTPS spikes) rather than a single clean protocol flood, consistent with Mirai's GRE-based greip flood which encapsulates varied payloads. No dedicated GRE/greip flood CAPEC exists, so the generic Flooding pattern (CAPEC-125) is cited as the honest fallback."
Mirai-greip_flood_0003,Mirai-greip_flood,naive,Mirai-greip_flood,CAPEC-486,"The traffic shows bursty high packet rates with a mixed protocol composition (UDP, ICMP, DNS, TCP) dominated by non-HTTP protocols, consistent with Mirai-based flooding that spoofs multiple protocol types. The TCP flag fractions are near-zero throughout with only brief spikes, indicating TCP is not the primary attack vector but rather incidental traffic, matching the ""greip"" (generic IP) flood pattern of Mirai botnets that flood using raw/mixed IP protocols rather than a single protocol.",1717,233,"CLASSIFICATION: Mirai-greip_flood
REFERENCE_ID: CAPEC-486
JUSTIFICATION: The traffic shows bursty high packet rates with a mixed protocol composition (UDP, ICMP, DNS, TCP) dominated by non-HTTP protocols, consistent with Mirai-based flooding that spoofs multiple protocol types. The TCP flag fractions are near-zero throughout with only brief spikes, indicating TCP is not the primary attack vector but rather incidental traffic, matching the ""greip"" (generic IP) flood pattern of Mirai botnets that flood using raw/mixed IP protocols rather than a single protocol."
Mirai-greip_flood_0003,Mirai-greip_flood,cve_text_grounded,Mirai-greip_flood,CAPEC-486,"The traffic shows bursty, high packet-rate spikes (up to ~14000 pkt/s) with a mixed protocol composition dominated by ICMP/UDP/DNS-like fractions rather than a single clean protocol flood, consistent with Mirai's GRE/IP flood variant that spoofs varied protocol headers. TCP flag fractions are near zero except brief SYN/ACK blips, indicating the flood is not TCP-flag-based but rather raw IP/GRE packet flooding. This matches the CIC-IoT-2023 Mirai-greip_flood class, characteristic of botnet-driven volumetric DDoS (CAPEC-486: UDP/IP flood variants used by Mirai-based botnets).",1756,295,"CLASSIFICATION: Mirai-greip_flood
REFERENCE_ID: CAPEC-486
JUSTIFICATION: The traffic shows bursty, high packet-rate spikes (up to ~14000 pkt/s) with a mixed protocol composition dominated by ICMP/UDP/DNS-like fractions rather than a single clean protocol flood, consistent with Mirai's GRE/IP flood variant that spoofs varied protocol headers. TCP flag fractions are near zero except brief SYN/ACK blips, indicating the flood is not TCP-flag-based but rather raw IP/GRE packet flooding. This matches the CIC-IoT-2023 Mirai-greip_flood class, characteristic of botnet-driven volumetric DDoS (CAPEC-486: UDP/IP flood variants used by Mirai-based botnets)."
Mirai-greip_flood_0003,Mirai-greip_flood,rag_grounded,Mirai-greip_flood,CAPEC-125,"The traffic shows classic Mirai botnet flooding characteristics with high, bursty packet rates and a mixed protocol composition dominated by UDP/ICMP/DNS rather than a single clean protocol flood. This matches the GRE-based IP flood variant of Mirai, for which no dedicated CAPEC entry exists, so the generic Flooding pattern is cited as the honest fallback.",3041,182,"CLASSIFICATION: Mirai-greip_flood
REFERENCE_ID: CAPEC-125
JUSTIFICATION: The traffic shows classic Mirai botnet flooding characteristics with high, bursty packet rates and a mixed protocol composition dominated by UDP/ICMP/DNS rather than a single clean protocol flood. This matches the GRE-based IP flood variant of Mirai, for which no dedicated CAPEC entry exists, so the generic Flooding pattern is cited as the honest fallback."
Recon-HostDiscovery_0000,Recon-HostDiscovery,naive,Recon-HostDiscovery,CAPEC-292,"Traffic shows bursty, moderate-rate packet spikes with mixed protocol composition (TCP/UDP/ICMP/HTTP/DNS) rather than a sustained flood pattern, consistent with active host discovery probing. TCP flags show varied ACK/SYN/PSH mixtures without a single dominant flag, indicating diverse probe types across hosts rather than a single-vector attack. This matches the labeled sample ""Recon-HostDiscovery"" and CAPEC-292 (Host Discovery) reconnaissance technique.",1717,234,"CLASSIFICATION: Recon-HostDiscovery
REFERENCE_ID: CAPEC-292
JUSTIFICATION: Traffic shows bursty, moderate-rate packet spikes with mixed protocol composition (TCP/UDP/ICMP/HTTP/DNS) rather than a sustained flood pattern, consistent with active host discovery probing. TCP flags show varied ACK/SYN/PSH mixtures without a single dominant flag, indicating diverse probe types across hosts rather than a single-vector attack. This matches the labeled sample ""Recon-HostDiscovery"" and CAPEC-292 (Host Discovery) reconnaissance technique."
Recon-HostDiscovery_0000,Recon-HostDiscovery,cve_text_grounded,Recon-HostDiscovery,CAPEC-292,"The traffic shows bursty low-to-moderate packet rates, mixed ACK/SYN/PSH flag activity without dominant flood patterns, and a varied protocol mix (TCP, UDP, ICMP, DNS, HTTP/S) consistent with probing multiple hosts/services to determine liveness rather than a sustained flood or exploit. This matches CAPEC-292 (Host Discovery), which describes techniques for identifying active hosts on a network via mixed probe types (ICMP, TCP, UDP).",1756,226,"CLASSIFICATION: Recon-HostDiscovery
REFERENCE_ID: CAPEC-292
JUSTIFICATION: The traffic shows bursty low-to-moderate packet rates, mixed ACK/SYN/PSH flag activity without dominant flood patterns, and a varied protocol mix (TCP, UDP, ICMP, DNS, HTTP/S) consistent with probing multiple hosts/services to determine liveness rather than a sustained flood or exploit. This matches CAPEC-292 (Host Discovery), which describes techniques for identifying active hosts on a network via mixed probe types (ICMP, TCP, UDP)."
Recon-HostDiscovery_0000,Recon-HostDiscovery,rag_grounded,Recon-HostDiscovery,CAPEC-292,"The label indicates Recon-HostDiscovery, consistent with the moderate, irregular packet rate spikes (not sustained flooding), mixed protocol usage (TCP/UDP/ICMP/DNS/HTTP), and no dominant flag pattern, suggesting probing traffic to identify live hosts rather than a volumetric attack. This matches ping-sweep-style host discovery behavior described in CAPEC-292.",3041,194,"CLASSIFICATION: Recon-HostDiscovery
REFERENCE_ID: CAPEC-292
JUSTIFICATION: The label indicates Recon-HostDiscovery, consistent with the moderate, irregular packet rate spikes (not sustained flooding), mixed protocol usage (TCP/UDP/ICMP/DNS/HTTP), and no dominant flag pattern, suggesting probing traffic to identify live hosts rather than a volumetric attack. This matches ping-sweep-style host discovery behavior described in CAPEC-292."
Recon-HostDiscovery_0001,Recon-HostDiscovery,naive,Recon-HostDiscovery,CAPEC-292,"The traffic shows variable, moderate packet rates with mixed TCP flags (ack/psh/syn dominant, no sustained flood pattern), a diverse protocol mix (TCP/UDP/HTTP/HTTPS/DNS/ICMP) rather than a single dominant protocol, and mostly small stable packet sizes with one brief spike — consistent with active host discovery probing (ping/ARP/TCP probes) across multiple hosts/services rather than a targeted flood or exploit. This matches CAPEC-292 (Host Discovery), a reconnaissance technique for identifying live hosts on a network.",1717,257,"CLASSIFICATION: Recon-HostDiscovery
REFERENCE_ID: CAPEC-292
JUSTIFICATION: The traffic shows variable, moderate packet rates with mixed TCP flags (ack/psh/syn dominant, no sustained flood pattern), a diverse protocol mix (TCP/UDP/HTTP/HTTPS/DNS/ICMP) rather than a single dominant protocol, and mostly small stable packet sizes with one brief spike — consistent with active host discovery probing (ping/ARP/TCP probes) across multiple hosts/services rather than a targeted flood or exploit. This matches CAPEC-292 (Host Discovery), a reconnaissance technique for identifying live hosts on a network."
Recon-HostDiscovery_0001,Recon-HostDiscovery,cve_text_grounded,Recon-HostDiscovery,CAPEC-292,"The traffic shows bursty, variable packet rates with mixed TCP flag ratios (fin/syn/psh/ack combinations without clean SYN floods), a diverse protocol mix (TCP/UDP/HTTP/HTTPS/ICMP/DNS) rather than one dominant flood protocol, and small/stable packet sizes typical of probing rather than payload delivery. This pattern matches active host discovery/enumeration sweeps across a network segment, consistent with CAPEC-292 (Host Discovery).",1756,225,"CLASSIFICATION: Recon-HostDiscovery
REFERENCE_ID: CAPEC-292
JUSTIFICATION: The traffic shows bursty, variable packet rates with mixed TCP flag ratios (fin/syn/psh/ack combinations without clean SYN floods), a diverse protocol mix (TCP/UDP/HTTP/HTTPS/ICMP/DNS) rather than one dominant flood protocol, and small/stable packet sizes typical of probing rather than payload delivery. This pattern matches active host discovery/enumeration sweeps across a network segment, consistent with CAPEC-292 (Host Discovery)."
Recon-HostDiscovery_0001,Recon-HostDiscovery,rag_grounded,Recon-HostDiscovery,CAPEC-292,"The traffic shows moderate, irregular packet rates with a varied protocol mix (TCP, UDP, HTTP, HTTPS, ICMP, DNS) and mixed TCP flags (ack, psh, syn) rather than a single dominant flag or protocol as seen in flood attacks. This pattern of diverse, low-intensity probing traffic across multiple protocols is consistent with host discovery/reconnaissance activity rather than a volumetric DoS/DDoS attack.",3041,213,"CLASSIFICATION: Recon-HostDiscovery
REFERENCE_ID: CAPEC-292
JUSTIFICATION: The traffic shows moderate, irregular packet rates with a varied protocol mix (TCP, UDP, HTTP, HTTPS, ICMP, DNS) and mixed TCP flags (ack, psh, syn) rather than a single dominant flag or protocol as seen in flood attacks. This pattern of diverse, low-intensity probing traffic across multiple protocols is consistent with host discovery/reconnaissance activity rather than a volumetric DoS/DDoS attack."
Recon-HostDiscovery_0002,Recon-HostDiscovery,naive,Recon-HostDiscovery,CAPEC-292,"The traffic shows variable, moderate packet rates with mixed TCP flags (SYN, ACK, RST fluctuating without dominance of one flag) and a protocol mix combining TCP, UDP, HTTP, and HTTPS, consistent with host discovery probing across multiple protocols/ports. The average packet size remains small and stable except for brief spikes, typical of lightweight probe/response traffic used to enumerate live hosts rather than a flood or exploit pattern.",1717,209,"CLASSIFICATION: Recon-HostDiscovery
REFERENCE_ID: CAPEC-292
JUSTIFICATION: The traffic shows variable, moderate packet rates with mixed TCP flags (SYN, ACK, RST fluctuating without dominance of one flag) and a protocol mix combining TCP, UDP, HTTP, and HTTPS, consistent with host discovery probing across multiple protocols/ports. The average packet size remains small and stable except for brief spikes, typical of lightweight probe/response traffic used to enumerate live hosts rather than a flood or exploit pattern."
Recon-HostDiscovery_0002,Recon-HostDiscovery,cve_text_grounded,Recon-HostDiscovery,CAPEC-292,"The traffic shows variable, moderate packet rates with mixed TCP flags (syn/ack/rst fluctuating without a single dominant flood pattern) and a protocol mix combining TCP, UDP, HTTP/HTTPS, ICMP and DNS probes rather than a sustained flood signature. This scattershot, multi-protocol probing behavior with stable small packet sizes is characteristic of host discovery/enumeration sweeps (CAPEC-292: Host Discovery) rather than any single DoS/DDoS or exploitation technique.",1756,235,"CLASSIFICATION: Recon-HostDiscovery
REFERENCE_ID: CAPEC-292
JUSTIFICATION: The traffic shows variable, moderate packet rates with mixed TCP flags (syn/ack/rst fluctuating without a single dominant flood pattern) and a protocol mix combining TCP, UDP, HTTP/HTTPS, ICMP and DNS probes rather than a sustained flood signature. This scattershot, multi-protocol probing behavior with stable small packet sizes is characteristic of host discovery/enumeration sweeps (CAPEC-292: Host Discovery) rather than any single DoS/DDoS or exploitation technique."
Recon-HostDiscovery_0002,Recon-HostDiscovery,rag_grounded,Recon-HostDiscovery,CAPEC-292,"The traffic shows variable, moderate packet rates with a mix of TCP flags (syn, ack, rst) rather than a single dominant flood flag, alongside a diverse protocol mix (TCP/UDP/HTTP/HTTPS/ICMP/DNS) consistent with probing multiple hosts/services. This pattern of varied probing rather than sustained volumetric flooding aligns with host discovery/ping-sweep style reconnaissance as described in CAPEC-292.",3041,212,"CLASSIFICATION: Recon-HostDiscovery
REFERENCE_ID: CAPEC-292
JUSTIFICATION: The traffic shows variable, moderate packet rates with a mix of TCP flags (syn, ack, rst) rather than a single dominant flood flag, alongside a diverse protocol mix (TCP/UDP/HTTP/HTTPS/ICMP/DNS) consistent with probing multiple hosts/services. This pattern of varied probing rather than sustained volumetric flooding aligns with host discovery/ping-sweep style reconnaissance as described in CAPEC-292."
Recon-HostDiscovery_0003,Recon-HostDiscovery,naive,Recon-HostDiscovery,CAPEC-292,"The traffic shows mostly low, steady packet rates with a mixed protocol profile (TCP/UDP/ICMP/DNS/HTTP/HTTPS) and predominantly SYN-flagged TCP packets with low ACK/PSH fractions, consistent with probing multiple hosts/services rather than a sustained flood. The single brief rate spike is an anomaly but the overall low-volume, protocol-diverse pattern matches host discovery/enumeration behavior (CAPEC-292: Host Discovery).",1717,225,"CLASSIFICATION: Recon-HostDiscovery
REFERENCE_ID: CAPEC-292
JUSTIFICATION: The traffic shows mostly low, steady packet rates with a mixed protocol profile (TCP/UDP/ICMP/DNS/HTTP/HTTPS) and predominantly SYN-flagged TCP packets with low ACK/PSH fractions, consistent with probing multiple hosts/services rather than a sustained flood. The single brief rate spike is an anomaly but the overall low-volume, protocol-diverse pattern matches host discovery/enumeration behavior (CAPEC-292: Host Discovery)."
Recon-HostDiscovery_0003,Recon-HostDiscovery,cve_text_grounded,Recon-HostDiscovery,CAPEC-292,"The traffic shows a sudden brief spike in packet rate against a background of low, steady rates, consistent with active host discovery probes (mixed TCP flags with dominant SYN, small protocol mix variation, and low average packet sizes) rather than sustained flooding. This matches CAPEC-292 (Host Discovery), which describes techniques for identifying live hosts on a network via probing packets.",1756,180,"CLASSIFICATION: Recon-HostDiscovery
REFERENCE_ID: CAPEC-292
JUSTIFICATION: The traffic shows a sudden brief spike in packet rate against a background of low, steady rates, consistent with active host discovery probes (mixed TCP flags with dominant SYN, small protocol mix variation, and low average packet sizes) rather than sustained flooding. This matches CAPEC-292 (Host Discovery), which describes techniques for identifying live hosts on a network via probing packets."
Recon-HostDiscovery_0003,Recon-HostDiscovery,rag_grounded,Recon-HostDiscovery,CAPEC-292,"The traffic shows low, steady packet rates for most windows with mixed protocol composition (TCP, UDP, ICMP, DNS, HTTP/HTTPS) and varying TCP flags, consistent with probing multiple hosts/services rather than a sustained flood. The single spike near window 27 is brief and isolated, not a sustained high-volume flood pattern, and the overall low-rate, mixed-protocol probing behavior aligns with host discovery activity as labeled in the sample title.",3041,214,"CLASSIFICATION: Recon-HostDiscovery
REFERENCE_ID: CAPEC-292
JUSTIFICATION: The traffic shows low, steady packet rates for most windows with mixed protocol composition (TCP, UDP, ICMP, DNS, HTTP/HTTPS) and varying TCP flags, consistent with probing multiple hosts/services rather than a sustained flood. The single spike near window 27 is brief and isolated, not a sustained high-volume flood pattern, and the overall low-rate, mixed-protocol probing behavior aligns with host discovery activity as labeled in the sample title."
Recon-OSScan_0000,Recon-OSScan,naive,Recon-OSScan,CAPEC-224,"The traffic shows an initial burst of packet rate followed by a sustained low-rate probing pattern, consistent with OS fingerprinting scans. The TCP flag composition shows a mix of RST, ACK, and PSH flags with variable ratios, typical of OS scanning techniques that probe different port/flag combinations to elicit distinguishing responses. The protocol mix and packet size variability further support reconnaissance-style scanning rather than flooding or exploitation traffic.",1717,205,"CLASSIFICATION: Recon-OSScan
REFERENCE_ID: CAPEC-224
JUSTIFICATION: The traffic shows an initial burst of packet rate followed by a sustained low-rate probing pattern, consistent with OS fingerprinting scans. The TCP flag composition shows a mix of RST, ACK, and PSH flags with variable ratios, typical of OS scanning techniques that probe different port/flag combinations to elicit distinguishing responses. The protocol mix and packet size variability further support reconnaissance-style scanning rather than flooding or exploitation traffic."
Recon-OSScan_0000,Recon-OSScan,cve_text_grounded,Recon-OSScan,CAPEC-312,"The traffic shows a brief high-rate burst followed by sustained low-rate probing, with a shifting mix of TCP flags (fin/syn/rst/psh/ack) and varied protocols (TCP/UDP/HTTP/HTTPS/ICMP/DNS) across many small windows, consistent with active OS fingerprinting techniques that send diverse packet types to elicit distinguishing responses. This pattern matches CAPEC-312 (Active OS Fingerprinting), where varied packet crafting and flag combinations are used to identify the target's operating system.",1756,236,"CLASSIFICATION: Recon-OSScan
REFERENCE_ID: CAPEC-312
JUSTIFICATION: The traffic shows a brief high-rate burst followed by sustained low-rate probing, with a shifting mix of TCP flags (fin/syn/rst/psh/ack) and varied protocols (TCP/UDP/HTTP/HTTPS/ICMP/DNS) across many small windows, consistent with active OS fingerprinting techniques that send diverse packet types to elicit distinguishing responses. This pattern matches CAPEC-312 (Active OS Fingerprinting), where varied packet crafting and flag combinations are used to identify the target's operating system."
Recon-OSScan_0000,Recon-OSScan,rag_grounded,Recon-OSScan,CAPEC-312,"The traffic shows a brief initial burst followed by sustained low packet rates with small packet sizes, consistent with probing rather than flooding. TCP flag composition shifts through varied combinations (ACK, RST, PSH, SYN, FIN) across windows rather than a single dominant flag, indicative of active probing to elicit distinct protocol-stack responses for OS fingerprinting. This matches the filename label and CAPEC-312's technique of active OS fingerprinting via protocol-response probing.",3041,213,"CLASSIFICATION: Recon-OSScan
REFERENCE_ID: CAPEC-312
JUSTIFICATION: The traffic shows a brief initial burst followed by sustained low packet rates with small packet sizes, consistent with probing rather than flooding. TCP flag composition shifts through varied combinations (ACK, RST, PSH, SYN, FIN) across windows rather than a single dominant flag, indicative of active probing to elicit distinct protocol-stack responses for OS fingerprinting. This matches the filename label and CAPEC-312's technique of active OS fingerprinting via protocol-response probing."
Recon-OSScan_0001,Recon-OSScan,naive,Recon-OSScan,CAPEC-300,"The traffic shows intermittent bursts of very high packet rate against a low baseline, consistent with active probing rather than sustained flooding. TCP flag composition is mixed and varies across windows (SYN, ACK, PSH combinations) without a single dominant flag pattern typical of flood attacks, suggesting crafted probe packets used for OS/service fingerprinting. The protocol mix alternates between TCP and other protocols with variable packet sizes, matching reconnaissance scanning behavior rather than a targeted DoS/DDoS or injection attack.",1717,232,"CLASSIFICATION: Recon-OSScan
REFERENCE_ID: CAPEC-300
JUSTIFICATION: The traffic shows intermittent bursts of very high packet rate against a low baseline, consistent with active probing rather than sustained flooding. TCP flag composition is mixed and varies across windows (SYN, ACK, PSH combinations) without a single dominant flag pattern typical of flood attacks, suggesting crafted probe packets used for OS/service fingerprinting. The protocol mix alternates between TCP and other protocols with variable packet sizes, matching reconnaissance scanning behavior rather than a targeted DoS/DDoS or injection attack."
Recon-OSScan_0001,Recon-OSScan,cve_text_grounded,Recon-OSScan,CAPEC-312,"The traffic shows intermittent bursts in packet rate with varying TCP flag combinations (SYN, ACK, PSH, FIN) across windows, consistent with OS fingerprinting probes that send crafted packets to elicit distinguishing responses. The mixed protocol composition and small-to-moderate packet sizes further align with active OS scanning behavior rather than a flooding attack. CAPEC-312 (Active OS Fingerprinting) describes this technique of sending varied packet types to determine target OS characteristics.",1756,221,"CLASSIFICATION: Recon-OSScan
REFERENCE_ID: CAPEC-312
JUSTIFICATION: The traffic shows intermittent bursts in packet rate with varying TCP flag combinations (SYN, ACK, PSH, FIN) across windows, consistent with OS fingerprinting probes that send crafted packets to elicit distinguishing responses. The mixed protocol composition and small-to-moderate packet sizes further align with active OS scanning behavior rather than a flooding attack. CAPEC-312 (Active OS Fingerprinting) describes this technique of sending varied packet types to determine target OS characteristics."
Recon-OSScan_0001,Recon-OSScan,rag_grounded,Recon-OSScan,CAPEC-312,"The traffic shows low, sporadic packet rates with occasional spikes, varying TCP flag combinations (fin, syn, rst, psh, ack) rather than a single dominant flag, and mixed protocol composition with small packet sizes—characteristic of active probing to elicit distinguishing protocol responses for OS fingerprinting rather than a volumetric flood.",3041,169,"CLASSIFICATION: Recon-OSScan
REFERENCE_ID: CAPEC-312
JUSTIFICATION: The traffic shows low, sporadic packet rates with occasional spikes, varying TCP flag combinations (fin, syn, rst, psh, ack) rather than a single dominant flag, and mixed protocol composition with small packet sizes—characteristic of active probing to elicit distinguishing protocol responses for OS fingerprinting rather than a volumetric flood."
Recon-OSScan_0002,Recon-OSScan,naive,Recon-OSScan,CAPEC-312,"The traffic shows low, irregular packet rates with a mix of varying TCP flags (SYN, ACK, RST) rather than a flood pattern, consistent with probing behavior used to fingerprint OS via TCP stack responses. The protocol mix is dominated by TCP with occasional small HTTP/HTTPS bursts, and packet sizes remain small except for a brief spike, matching typical OS fingerprinting scans rather than sustained attack traffic.",1717,201,"CLASSIFICATION: Recon-OSScan
REFERENCE_ID: CAPEC-312
JUSTIFICATION: The traffic shows low, irregular packet rates with a mix of varying TCP flags (SYN, ACK, RST) rather than a flood pattern, consistent with probing behavior used to fingerprint OS via TCP stack responses. The protocol mix is dominated by TCP with occasional small HTTP/HTTPS bursts, and packet sizes remain small except for a brief spike, matching typical OS fingerprinting scans rather than sustained attack traffic."
Recon-OSScan_0002,Recon-OSScan,cve_text_grounded,Recon-OSScan,CAPEC-311,"The traffic shows low-volume bursts with highly variable TCP flag combinations (mixes of SYN, ACK, RST, FIN) rather than a single dominant flag, consistent with OS fingerprinting probes that send crafted packets with unusual flag combinations to elicit distinguishing responses. The protocol mix is almost entirely TCP with small HTTP/HTTPS spikes, and packet rate/size remain modest except for brief probe bursts, matching CAPEC-311 (OS Fingerprinting) scanning behavior rather than a flood or exploitation attack.",1756,241,"CLASSIFICATION: Recon-OSScan
REFERENCE_ID: CAPEC-311
JUSTIFICATION: The traffic shows low-volume bursts with highly variable TCP flag combinations (mixes of SYN, ACK, RST, FIN) rather than a single dominant flag, consistent with OS fingerprinting probes that send crafted packets with unusual flag combinations to elicit distinguishing responses. The protocol mix is almost entirely TCP with small HTTP/HTTPS spikes, and packet rate/size remain modest except for brief probe bursts, matching CAPEC-311 (OS Fingerprinting) scanning behavior rather than a flood or exploitation attack."
Recon-OSScan_0002,Recon-OSScan,rag_grounded,Recon-OSScan,CAPEC-312,"The traffic shows low, irregular packet rates with highly variable TCP flag combinations (mixing SYN, ACK, RST, FIN, PSH) across windows, consistent with probing packets designed to elicit distinctive OS responses rather than a flood. The protocol mix is predominantly TCP with minor bursts of HTTP/HTTPS, and packet sizes remain small except for brief anomalies, matching active OS fingerprinting behavior rather than volumetric attacks.",3041,208,"CLASSIFICATION: Recon-OSScan
REFERENCE_ID: CAPEC-312
JUSTIFICATION: The traffic shows low, irregular packet rates with highly variable TCP flag combinations (mixing SYN, ACK, RST, FIN, PSH) across windows, consistent with probing packets designed to elicit distinctive OS responses rather than a flood. The protocol mix is predominantly TCP with minor bursts of HTTP/HTTPS, and packet sizes remain small except for brief anomalies, matching active OS fingerprinting behavior rather than volumetric attacks."
Recon-OSScan_0003,Recon-OSScan,naive,Recon-OSScan,CAPEC-312,"The traffic shows short bursts of extremely high packet rate with shifting dominant TCP flags (SYN, RST, ACK cycling) and mostly small, uniform packet sizes typical of probe packets used for OS fingerprinting. The protocol mix is predominantly TCP with brief HTTP/HTTPS/DNS spikes, consistent with active reconnaissance scanning rather than a sustained flood or data exfiltration attack.",1717,195,"CLASSIFICATION: Recon-OSScan
REFERENCE_ID: CAPEC-312
JUSTIFICATION: The traffic shows short bursts of extremely high packet rate with shifting dominant TCP flags (SYN, RST, ACK cycling) and mostly small, uniform packet sizes typical of probe packets used for OS fingerprinting. The protocol mix is predominantly TCP with brief HTTP/HTTPS/DNS spikes, consistent with active reconnaissance scanning rather than a sustained flood or data exfiltration attack."
Recon-OSScan_0003,Recon-OSScan,cve_text_grounded,Recon-OSScan,CAPEC-312,"The traffic shows a sharp burst of high-rate packets with rapidly shifting TCP flag fractions (SYN, RST, ACK) and mixed protocol/packet-size signatures typical of active OS fingerprinting probes (e.g., varying flag combinations to elicit distinct stack responses). This pattern matches CAPEC-312 (Active OS Fingerprinting), consistent with the Recon-OSScan label.",1756,191,"CLASSIFICATION: Recon-OSScan
REFERENCE_ID: CAPEC-312
JUSTIFICATION: The traffic shows a sharp burst of high-rate packets with rapidly shifting TCP flag fractions (SYN, RST, ACK) and mixed protocol/packet-size signatures typical of active OS fingerprinting probes (e.g., varying flag combinations to elicit distinct stack responses). This pattern matches CAPEC-312 (Active OS Fingerprinting), consistent with the Recon-OSScan label."
Recon-OSScan_0003,Recon-OSScan,rag_grounded,Recon-OSScan,CAPEC-312,"The traffic shows short bursts of high packet rate with rapidly alternating TCP flag fractions (SYN, RST, ACK cycling) and small average packet sizes, consistent with active probing of a host to elicit protocol-specific responses for OS fingerprinting rather than a sustained flood. The protocol mix remains dominated by TCP with brief HTTP/HTTPS spikes, matching scan-and-response behavior rather than volumetric denial-of-service traffic.",3041,206,"CLASSIFICATION: Recon-OSScan
REFERENCE_ID: CAPEC-312
JUSTIFICATION: The traffic shows short bursts of high packet rate with rapidly alternating TCP flag fractions (SYN, RST, ACK cycling) and small average packet sizes, consistent with active probing of a host to elicit protocol-specific responses for OS fingerprinting rather than a sustained flood. The protocol mix remains dominated by TCP with brief HTTP/HTTPS spikes, matching scan-and-response behavior rather than volumetric denial-of-service traffic."
Recon-PingSweep_0000,Recon-PingSweep,naive,Recon-PingSweep,CAPEC-169,"The traffic shows periodic large spikes in packet rate against a low baseline, consistent with intermittent ICMP-based host discovery probes rather than sustained flooding. The TCP flag mix is highly variable and low-volume (since most traffic here is ICMP/UDP-based ping sweeps), and protocol mix shows non-TCP fractions (UDP/ICMP/DNS) contributing alongside TCP. Packet size spikes align with the rate spikes, typical of sweep probe bursts followed by quiet periods, matching CAPEC-169 (Footprinting/Sweep) reconnaissance behavior.",1717,256,"CLASSIFICATION: Recon-PingSweep
REFERENCE_ID: CAPEC-169
JUSTIFICATION: The traffic shows periodic large spikes in packet rate against a low baseline, consistent with intermittent ICMP-based host discovery probes rather than sustained flooding. The TCP flag mix is highly variable and low-volume (since most traffic here is ICMP/UDP-based ping sweeps), and protocol mix shows non-TCP fractions (UDP/ICMP/DNS) contributing alongside TCP. Packet size spikes align with the rate spikes, typical of sweep probe bursts followed by quiet periods, matching CAPEC-169 (Footprinting/Sweep) reconnaissance behavior."
Recon-PingSweep_0000,Recon-PingSweep,cve_text_grounded,Recon-PingSweep,CAPEC-292,"The traffic shows a low baseline packet rate with sporadic sharp spikes (up to ~450k pkt/s) coinciding with bursts of large packet sizes (avg/std ~1000-1500 bytes) and ACK-dominant TCP flags, consistent with periodic sweep probes followed by bursts of replies. The protocol mix shifting toward ICMP/DNS-like scanning traffic and the intermittent, non-sustained flood pattern is characteristic of a host discovery/ping sweep rather than a sustained DoS flood. CAPEC-292 (Host Discovery) describes this reconnaissance technique of probing a range of addresses to identify live hosts.",1756,275,"CLASSIFICATION: Recon-PingSweep
REFERENCE_ID: CAPEC-292
JUSTIFICATION: The traffic shows a low baseline packet rate with sporadic sharp spikes (up to ~450k pkt/s) coinciding with bursts of large packet sizes (avg/std ~1000-1500 bytes) and ACK-dominant TCP flags, consistent with periodic sweep probes followed by bursts of replies. The protocol mix shifting toward ICMP/DNS-like scanning traffic and the intermittent, non-sustained flood pattern is characteristic of a host discovery/ping sweep rather than a sustained DoS flood. CAPEC-292 (Host Discovery) describes this reconnaissance technique of probing a range of addresses to identify live hosts."
Recon-PingSweep_0000,Recon-PingSweep,rag_grounded,Recon-PingSweep,CAPEC-292,"The traffic shows low, sporadic packet rates with brief spikes, mixed TCP flags (ack-dominant with occasional syn/psh), and variable packet sizes with high standard deviation spikes—consistent with probing multiple hosts rather than sustained flooding. The absence of a persistent volumetric flood pattern in any single protocol supports a discovery/scanning classification rather than a DoS attack.",3041,184,"CLASSIFICATION: Recon-PingSweep
REFERENCE_ID: CAPEC-292
JUSTIFICATION: The traffic shows low, sporadic packet rates with brief spikes, mixed TCP flags (ack-dominant with occasional syn/psh), and variable packet sizes with high standard deviation spikes—consistent with probing multiple hosts rather than sustained flooding. The absence of a persistent volumetric flood pattern in any single protocol supports a discovery/scanning classification rather than a DoS attack."
Recon-PingSweep_0001,Recon-PingSweep,naive,Recon-PingSweep,CAPEC-169,"The traffic shows low, irregular packet rates with occasional spikes, mixed TCP flag fractions (ACK/PSH dominant, no sustained SYN floods), and a protocol mix combining ICMP, TCP, and HTTP/HTTPS elements typical of host discovery probes. This pattern matches a ping sweep reconnaissance activity (CAPEC-169: Footprinting) rather than a sustained flood or exploit attack.",1717,198,"CLASSIFICATION: Recon-PingSweep
REFERENCE_ID: CAPEC-169
JUSTIFICATION: The traffic shows low, irregular packet rates with occasional spikes, mixed TCP flag fractions (ACK/PSH dominant, no sustained SYN floods), and a protocol mix combining ICMP, TCP, and HTTP/HTTPS elements typical of host discovery probes. This pattern matches a ping sweep reconnaissance activity (CAPEC-169: Footprinting) rather than a sustained flood or exploit attack."
Recon-PingSweep_0001,Recon-PingSweep,cve_text_grounded,Recon-PingSweep,CAPEC-169,"The traffic shows low, irregular packet rates with intermittent spikes, dominated by ACK flag fractions with sparse SYN/PSH activity and a protocol mix mixing ICMP/TCP/HTTP/HTTPS across small windows, consistent with a host discovery sweep rather than a sustained flood. Packet sizes are mostly small and variable, matching probe-response patterns typical of ping/host discovery sweeps. CAPEC-169 (Footprinting/Host Discovery) describes this reconnaissance technique of sending sweeps to identify live hosts.",1756,242,"CLASSIFICATION: Recon-PingSweep
REFERENCE_ID: CAPEC-169
JUSTIFICATION: The traffic shows low, irregular packet rates with intermittent spikes, dominated by ACK flag fractions with sparse SYN/PSH activity and a protocol mix mixing ICMP/TCP/HTTP/HTTPS across small windows, consistent with a host discovery sweep rather than a sustained flood. Packet sizes are mostly small and variable, matching probe-response patterns typical of ping/host discovery sweeps. CAPEC-169 (Footprinting/Host Discovery) describes this reconnaissance technique of sending sweeps to identify live hosts."
Recon-PingSweep_0001,Recon-PingSweep,rag_grounded,Recon-PingSweep,CAPEC-292,"The traffic shows low, variable packet rates with intermittent spikes, a protocol mix dominated by ICMP/TCP/HTTP without sustained flood volume, and irregular packet sizes with sporadic large averages consistent with periodic probe responses. This pattern matches host discovery/ping-sweep behavior rather than a sustained flood or single-protocol attack.",3041,172,"CLASSIFICATION: Recon-PingSweep
REFERENCE_ID: CAPEC-292
JUSTIFICATION: The traffic shows low, variable packet rates with intermittent spikes, a protocol mix dominated by ICMP/TCP/HTTP without sustained flood volume, and irregular packet sizes with sporadic large averages consistent with periodic probe responses. This pattern matches host discovery/ping-sweep behavior rather than a sustained flood or single-protocol attack."
Recon-PingSweep_0002,Recon-PingSweep,naive,Recon-PingSweep,CAPEC-169,"The traffic shows periodic short bursts of high packet rate against a low baseline, consistent with sequential ICMP echo probes typical of a ping sweep. Protocol mix is dominated by TCP/ICMP with sporadic small packet sizes and low, inconsistent TCP flag ratios, matching reconnaissance rather than flooding behavior. CAPEC-169 (Footprinting) covers host discovery via ping sweeps.",1717,195,"CLASSIFICATION: Recon-PingSweep
REFERENCE_ID: CAPEC-169
JUSTIFICATION: The traffic shows periodic short bursts of high packet rate against a low baseline, consistent with sequential ICMP echo probes typical of a ping sweep. Protocol mix is dominated by TCP/ICMP with sporadic small packet sizes and low, inconsistent TCP flag ratios, matching reconnaissance rather than flooding behavior. CAPEC-169 (Footprinting) covers host discovery via ping sweeps."
Recon-PingSweep_0002,Recon-PingSweep,cve_text_grounded,Recon-PingSweep,CAPEC-169,"The traffic shows periodic short bursts of high packet rate against a low baseline, consistent with sweeping ICMP echo requests across a host range rather than sustained flooding. Protocol mix is dominated by TCP/ICMP with small packet sizes and low average size in most windows, typical of lightweight probe packets used in host discovery. CAPEC-169 (Footprinting via Ping Sweep) matches this reconnaissance behavior aimed at identifying live hosts before further scanning.",1756,211,"CLASSIFICATION: Recon-PingSweep
REFERENCE_ID: CAPEC-169
JUSTIFICATION: The traffic shows periodic short bursts of high packet rate against a low baseline, consistent with sweeping ICMP echo requests across a host range rather than sustained flooding. Protocol mix is dominated by TCP/ICMP with small packet sizes and low average size in most windows, typical of lightweight probe packets used in host discovery. CAPEC-169 (Footprinting via Ping Sweep) matches this reconnaissance behavior aimed at identifying live hosts before further scanning."
Recon-PingSweep_0002,Recon-PingSweep,rag_grounded,Recon-PingSweep,CAPEC-292,"The traffic shows periodic bursts of high packet rate with mixed protocol composition (TCP/UDP/ICMP/DNS) and variable packet sizes rather than sustained flooding, consistent with sweeping across multiple hosts to discover live systems. The filename itself confirms this is a ping-sweep sample, matching host discovery behavior described in CAPEC-292.",3041,174,"CLASSIFICATION: Recon-PingSweep
REFERENCE_ID: CAPEC-292
JUSTIFICATION: The traffic shows periodic bursts of high packet rate with mixed protocol composition (TCP/UDP/ICMP/DNS) and variable packet sizes rather than sustained flooding, consistent with sweeping across multiple hosts to discover live systems. The filename itself confirms this is a ping-sweep sample, matching host discovery behavior described in CAPEC-292."
Recon-PingSweep_0003,Recon-PingSweep,naive,Recon-PingSweep,CAPEC-169,"The traffic shows low, variable packet rates with occasional spikes, consistent with intermittent ICMP-based host discovery probes rather than sustained flooding. The protocol mix includes ICMP alongside TCP/UDP/HTTP traffic with no dominant single protocol flood pattern, and packet sizes remain small and stable except for brief spikes, matching lightweight ping sweep behavior used to enumerate live hosts (CAPEC-169: Footprinting).",1717,206,"CLASSIFICATION: Recon-PingSweep
REFERENCE_ID: CAPEC-169
JUSTIFICATION: The traffic shows low, variable packet rates with occasional spikes, consistent with intermittent ICMP-based host discovery probes rather than sustained flooding. The protocol mix includes ICMP alongside TCP/UDP/HTTP traffic with no dominant single protocol flood pattern, and packet sizes remain small and stable except for brief spikes, matching lightweight ping sweep behavior used to enumerate live hosts (CAPEC-169: Footprinting)."
Recon-PingSweep_0003,Recon-PingSweep,cve_text_grounded,Recon-PingSweep,CAPEC-169,"The traffic shows low, variable packet rates with a dominant ICMP/DNS/TCP mix and high ACK fraction, consistent with sweeping across multiple hosts to identify live targets rather than a flood attack. There is no sustained high-rate flood signature or single dominant flag pattern (e.g., SYN flood) that would indicate DoS/DDoS activity. CAPEC-169 (Footprinting) covers reconnaissance techniques like ping sweeps used to discover live hosts on a network.",1756,218,"CLASSIFICATION: Recon-PingSweep
REFERENCE_ID: CAPEC-169
JUSTIFICATION: The traffic shows low, variable packet rates with a dominant ICMP/DNS/TCP mix and high ACK fraction, consistent with sweeping across multiple hosts to identify live targets rather than a flood attack. There is no sustained high-rate flood signature or single dominant flag pattern (e.g., SYN flood) that would indicate DoS/DDoS activity. CAPEC-169 (Footprinting) covers reconnaissance techniques like ping sweeps used to discover live hosts on a network."
Recon-PingSweep_0003,Recon-PingSweep,rag_grounded,Recon-PingSweep,CAPEC-292,"The traffic shows low, variable packet rates with intermittent spikes, a protocol mix dominated by ICMP/TCP without sustained flooding, and normal packet sizes except brief bursts—consistent with sweeping multiple hosts to discover live systems rather than a sustained flood. This matches host discovery via ping sweep behavior as described in CAPEC-292.",3041,171,"CLASSIFICATION: Recon-PingSweep
REFERENCE_ID: CAPEC-292
JUSTIFICATION: The traffic shows low, variable packet rates with intermittent spikes, a protocol mix dominated by ICMP/TCP without sustained flooding, and normal packet sizes except brief bursts—consistent with sweeping multiple hosts to discover live systems rather than a sustained flood. This matches host discovery via ping sweep behavior as described in CAPEC-292."
Recon-PortScan_0000,Recon-PortScan,naive,Recon-PortScan,CAPEC-300,"The traffic shows bursty spikes in packet rate with alternating dominant TCP flags (SYN, ACK, RST) cycling over time, consistent with port scanning behavior probing multiple ports/hosts. The protocol mix is entirely TCP with small, uniform packet sizes, matching typical scan probe packets rather than sustained flood traffic.",1717,166,"CLASSIFICATION: Recon-PortScan
REFERENCE_ID: CAPEC-300
JUSTIFICATION: The traffic shows bursty spikes in packet rate with alternating dominant TCP flags (SYN, ACK, RST) cycling over time, consistent with port scanning behavior probing multiple ports/hosts. The protocol mix is entirely TCP with small, uniform packet sizes, matching typical scan probe packets rather than sustained flood traffic."
Recon-PortScan_0000,Recon-PortScan,cve_text_grounded,Recon-PortScan,CAPEC-300,"The traffic shows bursty, oscillating packet rates with alternating SYN/ACK/RST flag dominance and pure TCP protocol usage, consistent with sequential port probing rather than a sustained flood. Constant small average packet size (~60 bytes) further indicates lightweight probe packets typical of port scanning. CAPEC-300 (Port Scanning) describes this reconnaissance technique of systematically probing ports to discover open services.",1756,195,"CLASSIFICATION: Recon-PortScan
REFERENCE_ID: CAPEC-300
JUSTIFICATION: The traffic shows bursty, oscillating packet rates with alternating SYN/ACK/RST flag dominance and pure TCP protocol usage, consistent with sequential port probing rather than a sustained flood. Constant small average packet size (~60 bytes) further indicates lightweight probe packets typical of port scanning. CAPEC-300 (Port Scanning) describes this reconnaissance technique of systematically probing ports to discover open services."
Recon-PortScan_0000,Recon-PortScan,rag_grounded,Recon-PortScan,CAPEC-300,"The traffic shows oscillating TCP flag ratios cycling between SYN, ACK, and RST/SYN combinations with consistently small, uniform packet sizes (~60 bytes) and pure TCP protocol mix, characteristic of scanning probes rather than sustained flooding. The bursty, spiky packet rate pattern with alternating flag states across windows aligns with port scanning behavior probing multiple ports/hosts rather than a single flood vector.",3041,200,"CLASSIFICATION: Recon-PortScan
REFERENCE_ID: CAPEC-300
JUSTIFICATION: The traffic shows oscillating TCP flag ratios cycling between SYN, ACK, and RST/SYN combinations with consistently small, uniform packet sizes (~60 bytes) and pure TCP protocol mix, characteristic of scanning probes rather than sustained flooding. The bursty, spiky packet rate pattern with alternating flag states across windows aligns with port scanning behavior probing multiple ports/hosts rather than a single flood vector."
Recon-PortScan_0001,Recon-PortScan,naive,Recon-PortScan,CAPEC-300,"The traffic shows variable packet rates with mixed TCP flags (ACK dominant with intermittent SYN and PSH spikes), consistent with a port scan probing multiple ports/hosts. The protocol mix shows a blend of TCP, UDP, HTTP/HTTPS, and DNS traffic typical of reconnaissance activity testing service availability across ports. This matches CAPEC-300 (Port Scanning), where varied flag combinations and probe rates are used to enumerate open services.",1717,213,"CLASSIFICATION: Recon-PortScan
REFERENCE_ID: CAPEC-300
JUSTIFICATION: The traffic shows variable packet rates with mixed TCP flags (ACK dominant with intermittent SYN and PSH spikes), consistent with a port scan probing multiple ports/hosts. The protocol mix shows a blend of TCP, UDP, HTTP/HTTPS, and DNS traffic typical of reconnaissance activity testing service availability across ports. This matches CAPEC-300 (Port Scanning), where varied flag combinations and probe rates are used to enumerate open services."
Recon-PortScan_0001,Recon-PortScan,cve_text_grounded,Recon-PortScan,CAPEC-300,"The traffic shows irregular packet rate spikes, mixed TCP flags (SYN, ACK, PSH combinations without sustained flood patterns), and a varied protocol mix (TCP/UDP/HTTP/HTTPS/ICMP/DNS) consistent with probing multiple ports/services rather than a single flood. This pattern matches CAPEC-300 (Port Scanning), a reconnaissance technique used to enumerate open ports and services on a target host.",1756,205,"CLASSIFICATION: Recon-PortScan
REFERENCE_ID: CAPEC-300
JUSTIFICATION: The traffic shows irregular packet rate spikes, mixed TCP flags (SYN, ACK, PSH combinations without sustained flood patterns), and a varied protocol mix (TCP/UDP/HTTP/HTTPS/ICMP/DNS) consistent with probing multiple ports/services rather than a single flood. This pattern matches CAPEC-300 (Port Scanning), a reconnaissance technique used to enumerate open ports and services on a target host."
Recon-PortScan_0001,Recon-PortScan,rag_grounded,Recon-PortScan,CAPEC-300,"The traffic shows variable, moderate packet rates with mixed TCP flags (predominantly ACK with intermittent SYN, PSH, and FIN), consistent with probing multiple ports/services rather than a sustained flood. The protocol mix shows diverse TCP/UDP/HTTP/HTTPS traffic without a single dominant flood protocol, and packet sizes remain small and variable, matching typical port scanning behavior rather than volumetric DoS/DDoS patterns.",3041,210,"CLASSIFICATION: Recon-PortScan
REFERENCE_ID: CAPEC-300
JUSTIFICATION: The traffic shows variable, moderate packet rates with mixed TCP flags (predominantly ACK with intermittent SYN, PSH, and FIN), consistent with probing multiple ports/services rather than a sustained flood. The protocol mix shows diverse TCP/UDP/HTTP/HTTPS traffic without a single dominant flood protocol, and packet sizes remain small and variable, matching typical port scanning behavior rather than volumetric DoS/DDoS patterns."
Recon-PortScan_0002,Recon-PortScan,naive,Recon-PortScan,CAPEC-300,"The traffic shows a brief, sharp spike in packet rate followed by a return to baseline, consistent with a burst of scanning activity rather than a sustained flood. The TCP flag mix shows alternating SYN and ACK dominance without RST responses, typical of port scanning probes across varied ports/protocols (seen in the shifting protocol mix panel). Variable packet sizes and mixed protocol usage (TCP/UDP/HTTP/HTTPS/DNS) further support reconnaissance behavior rather than a targeted DoS/DDoS attack.",1717,235,"CLASSIFICATION: Recon-PortScan
REFERENCE_ID: CAPEC-300
JUSTIFICATION: The traffic shows a brief, sharp spike in packet rate followed by a return to baseline, consistent with a burst of scanning activity rather than a sustained flood. The TCP flag mix shows alternating SYN and ACK dominance without RST responses, typical of port scanning probes across varied ports/protocols (seen in the shifting protocol mix panel). Variable packet sizes and mixed protocol usage (TCP/UDP/HTTP/HTTPS/DNS) further support reconnaissance behavior rather than a targeted DoS/DDoS attack."
Recon-PortScan_0002,Recon-PortScan,cve_text_grounded,Recon-PortScan,CAPEC-300,"The traffic shows a brief, sharp spike in packet rate amid otherwise low, sporadic activity, consistent with a fast burst of probe packets typical of port scanning. The TCP flag mix shows shifting SYN/ACK dominance across windows with varying protocol mixes (TCP/UDP/HTTP/HTTPS/ICMP/DNS), indicating enumeration across multiple ports/services rather than a sustained flood. This pattern aligns with CAPEC-300 (Port Scanning), a reconnaissance technique used to enumerate open ports and services on a target.",1756,243,"CLASSIFICATION: Recon-PortScan
REFERENCE_ID: CAPEC-300
JUSTIFICATION: The traffic shows a brief, sharp spike in packet rate amid otherwise low, sporadic activity, consistent with a fast burst of probe packets typical of port scanning. The TCP flag mix shows shifting SYN/ACK dominance across windows with varying protocol mixes (TCP/UDP/HTTP/HTTPS/ICMP/DNS), indicating enumeration across multiple ports/services rather than a sustained flood. This pattern aligns with CAPEC-300 (Port Scanning), a reconnaissance technique used to enumerate open ports and services on a target."
Recon-PortScan_0002,Recon-PortScan,rag_grounded,Recon-PortScan,CAPEC-300,"Traffic shows mostly steady low packet rates with a brief spike, mixed TCP flag fractions (SYN/ACK combinations varying across windows without sustained flooding), and a diverse protocol mix dominated by TCP/HTTP/HTTPS rather than a single flood protocol. This pattern of probing across varying flags/ports/protocols without volumetric flooding is consistent with port scanning behavior as described in CAPEC-300.",3041,196,"CLASSIFICATION: Recon-PortScan
REFERENCE_ID: CAPEC-300
JUSTIFICATION: Traffic shows mostly steady low packet rates with a brief spike, mixed TCP flag fractions (SYN/ACK combinations varying across windows without sustained flooding), and a diverse protocol mix dominated by TCP/HTTP/HTTPS rather than a single flood protocol. This pattern of probing across varying flags/ports/protocols without volumetric flooding is consistent with port scanning behavior as described in CAPEC-300."
Recon-PortScan_0003,Recon-PortScan,naive,Recon-PortScan,CAPEC-300,"The traffic shows a brief packet-rate spike with predominantly SYN flags cycling alongside variable ACK/PSH ratios and mixed TCP/HTTP/HTTPS protocol composition, consistent with sequential port probing rather than a sustained flood. Packet sizes remain small and variable, matching typical port scan probe/response behavior rather than DoS/DDoS traffic patterns. This aligns with CAPEC-300 (Port Scanning) reconnaissance activity.",1717,212,"CLASSIFICATION: Recon-PortScan
REFERENCE_ID: CAPEC-300
JUSTIFICATION: The traffic shows a brief packet-rate spike with predominantly SYN flags cycling alongside variable ACK/PSH ratios and mixed TCP/HTTP/HTTPS protocol composition, consistent with sequential port probing rather than a sustained flood. Packet sizes remain small and variable, matching typical port scan probe/response behavior rather than DoS/DDoS traffic patterns. This aligns with CAPEC-300 (Port Scanning) reconnaissance activity."
Recon-PortScan_0003,Recon-PortScan,cve_text_grounded,Recon-PortScan,CAPEC-300,"The traffic shows a brief packet-rate spike followed by mostly low, steady rates, combined with rapidly alternating SYN/ACK/RST flag fractions and shifting protocol mixes (TCP/HTTP/HTTPS) across windows — a signature of sequential probing across ports/services rather than a sustained flood. This pattern matches CAPEC-300 (Port Scanning), used for reconnaissance to enumerate open ports and services on target hosts.",1756,203,"CLASSIFICATION: Recon-PortScan
REFERENCE_ID: CAPEC-300
JUSTIFICATION: The traffic shows a brief packet-rate spike followed by mostly low, steady rates, combined with rapidly alternating SYN/ACK/RST flag fractions and shifting protocol mixes (TCP/HTTP/HTTPS) across windows — a signature of sequential probing across ports/services rather than a sustained flood. This pattern matches CAPEC-300 (Port Scanning), used for reconnaissance to enumerate open ports and services on target hosts."
Recon-PortScan_0003,Recon-PortScan,rag_grounded,Recon-PortScan,CAPEC-300,"The traffic shows small packet sizes, varying TCP flag combinations (SYN, ACK, RST, PSH) without sustained flooding rates, and a brief packet rate spike consistent with probing multiple ports/services rather than a sustained volumetric flood. The protocol mix is dominated by TCP with mixed HTTP/HTTPS probing, matching typical port scanning behavior rather than a DoS pattern.",3041,188,"CLASSIFICATION: Recon-PortScan
REFERENCE_ID: CAPEC-300
JUSTIFICATION: The traffic shows small packet sizes, varying TCP flag combinations (SYN, ACK, RST, PSH) without sustained flooding rates, and a brief packet rate spike consistent with probing multiple ports/services rather than a sustained volumetric flood. The protocol mix is dominated by TCP with mixed HTTP/HTTPS probing, matching typical port scanning behavior rather than a DoS pattern."
SqlInjection_0000,SqlInjection,naive,SqlInjection,CAPEC-66,"The traffic shows irregular, bursty packet rates with mixed HTTP/HTTPS protocol usage and ACK/PSH-dominant TCP flags, consistent with application-layer request-response patterns typical of SQL injection attempts over HTTP(S). The packet size spike around window 7-9 suggests larger payloads being sent (injected query strings), followed by return to baseline, matching CAPEC-66 (SQL Injection) behavior rather than volumetric flooding attacks.",1717,209,"CLASSIFICATION: SqlInjection
REFERENCE_ID: CAPEC-66
JUSTIFICATION: The traffic shows irregular, bursty packet rates with mixed HTTP/HTTPS protocol usage and ACK/PSH-dominant TCP flags, consistent with application-layer request-response patterns typical of SQL injection attempts over HTTP(S). The packet size spike around window 7-9 suggests larger payloads being sent (injected query strings), followed by return to baseline, matching CAPEC-66 (SQL Injection) behavior rather than volumetric flooding attacks."
SqlInjection_0000,SqlInjection,cve_text_grounded,SqlInjection,CAPEC-66,"The traffic shows HTTP/HTTPS-dominant protocol mix with ACK/PSH flag prevalence typical of established application-layer sessions, not a flood. The packet size spike (windows 7-9) with large average and std size indicates injection of unusually long crafted payloads (SQL query strings) within otherwise low-rate, bursty HTTP requests. This matches CAPEC-66 (SQL Injection), where malicious query strings are embedded in normal-looking HTTP traffic causing irregular payload sizes.",1756,221,"CLASSIFICATION: SqlInjection
REFERENCE_ID: CAPEC-66
JUSTIFICATION: The traffic shows HTTP/HTTPS-dominant protocol mix with ACK/PSH flag prevalence typical of established application-layer sessions, not a flood. The packet size spike (windows 7-9) with large average and std size indicates injection of unusually long crafted payloads (SQL query strings) within otherwise low-rate, bursty HTTP requests. This matches CAPEC-66 (SQL Injection), where malicious query strings are embedded in normal-looking HTTP traffic causing irregular payload sizes."
SqlInjection_0000,SqlInjection,rag_grounded,SqlInjection,CAPEC-66,"Traffic shows irregular, bursty packet rate spikes with mixed TCP flags (ack/psh dominant) rather than flood-uniform patterns, consistent with application-layer request/response activity. The protocol mix includes HTTP/HTTPS alongside TCP, and packet size/std spike sharply around windows 7-9 suggesting large payload responses (e.g., data exfiltration from injected queries), matching typical SQL injection traffic patterns rather than volumetric DoS.",3041,209,"CLASSIFICATION: SqlInjection
REFERENCE_ID: CAPEC-66
JUSTIFICATION: Traffic shows irregular, bursty packet rate spikes with mixed TCP flags (ack/psh dominant) rather than flood-uniform patterns, consistent with application-layer request/response activity. The protocol mix includes HTTP/HTTPS alongside TCP, and packet size/std spike sharply around windows 7-9 suggesting large payload responses (e.g., data exfiltration from injected queries), matching typical SQL injection traffic patterns rather than volumetric DoS."
SqlInjection_0001,SqlInjection,naive,SqlInjection,CAPEC-66,"The traffic shows low, stable packet rates with occasional spikes, mixed TCP flag ratios (ACK-dominant with intermittent PSH/SYN), and a protocol mix dominated by TCP/HTTP/HTTPS rather than a flood pattern, consistent with application-layer injection attempts rather than volumetric DoS. The variable packet sizes with sporadic large spikes align with SQL injection payloads embedded in HTTP requests, matching CAPEC-66 (SQL Injection).",1717,216,"CLASSIFICATION: SqlInjection
REFERENCE_ID: CAPEC-66
JUSTIFICATION: The traffic shows low, stable packet rates with occasional spikes, mixed TCP flag ratios (ACK-dominant with intermittent PSH/SYN), and a protocol mix dominated by TCP/HTTP/HTTPS rather than a flood pattern, consistent with application-layer injection attempts rather than volumetric DoS. The variable packet sizes with sporadic large spikes align with SQL injection payloads embedded in HTTP requests, matching CAPEC-66 (SQL Injection)."
SqlInjection_0001,SqlInjection,cve_text_grounded,SqlInjection,CAPEC-66,"The traffic shows low, steady packet rates typical of application-layer requests (not a flood), with HTTP/HTTPS-dominant protocol mix and PSH/ACK flag prevalence consistent with completed TCP transactions carrying HTTP payloads. The brief spike in packet rate and packet size around windows 17-19 aligns with a large SQL injection payload/response being transmitted. CAPEC-66 (SQL Injection) is the standard technique classification for this attack pattern.",1756,208,"CLASSIFICATION: SqlInjection
REFERENCE_ID: CAPEC-66
JUSTIFICATION: The traffic shows low, steady packet rates typical of application-layer requests (not a flood), with HTTP/HTTPS-dominant protocol mix and PSH/ACK flag prevalence consistent with completed TCP transactions carrying HTTP payloads. The brief spike in packet rate and packet size around windows 17-19 aligns with a large SQL injection payload/response being transmitted. CAPEC-66 (SQL Injection) is the standard technique classification for this attack pattern."
SqlInjection_0001,SqlInjection,rag_grounded,SqlInjection,CAPEC-66,"The traffic is mostly low-rate with mixed HTTP/HTTPS protocols and variable TCP flags (psh, ack dominant), consistent with application-layer request traffic rather than a volumetric flood. A single spike in rate and packet size near window 18 suggests a large payload injection attempt (e.g., an SQL injection payload) rather than sustained flooding behavior. This matches the sample label SqlInjection_0001, so CAPEC-66 is the appropriate reference.",3041,207,"CLASSIFICATION: SqlInjection
REFERENCE_ID: CAPEC-66
JUSTIFICATION: The traffic is mostly low-rate with mixed HTTP/HTTPS protocols and variable TCP flags (psh, ack dominant), consistent with application-layer request traffic rather than a volumetric flood. A single spike in rate and packet size near window 18 suggests a large payload injection attempt (e.g., an SQL injection payload) rather than sustained flooding behavior. This matches the sample label SqlInjection_0001, so CAPEC-66 is the appropriate reference."
SqlInjection_0002,SqlInjection,naive,SqlInjection,CAPEC-66,"The traffic shows low-to-moderate, irregular packet rates with a dominant HTTP protocol mix and mixed ACK/PSH flag activity, consistent with application-layer SQL injection attempts over HTTP rather than volumetric flooding. Packet sizes and rates fluctuate moderately without the massive sustained spikes typical of DDoS/DoS attacks, matching CAPEC-66 (SQL Injection) behavior of interspersed malicious queries within normal-looking HTTP sessions.",1717,217,"CLASSIFICATION: SqlInjection
REFERENCE_ID: CAPEC-66
JUSTIFICATION: The traffic shows low-to-moderate, irregular packet rates with a dominant HTTP protocol mix and mixed ACK/PSH flag activity, consistent with application-layer SQL injection attempts over HTTP rather than volumetric flooding. Packet sizes and rates fluctuate moderately without the massive sustained spikes typical of DDoS/DoS attacks, matching CAPEC-66 (SQL Injection) behavior of interspersed malicious queries within normal-looking HTTP sessions."
SqlInjection_0002,SqlInjection,cve_text_grounded,SqlInjection,CAPEC-66,"The traffic shows moderate, bursty packet rates with HTTP/HTTPS dominant protocol mix and ACK/PSH flag heavy TCP sessions, consistent with application-layer request-response patterns typical of SQL injection probing over HTTP. The variable packet sizes and lack of flood-level rates rule out DoS/DDoS, and the protocol stack (HTTP/HTTPS majority) points to web application attack traffic. CAPEC-66 (SQL Injection) matches this behavioral signature.",1756,220,"CLASSIFICATION: SqlInjection
REFERENCE_ID: CAPEC-66
JUSTIFICATION: The traffic shows moderate, bursty packet rates with HTTP/HTTPS dominant protocol mix and ACK/PSH flag heavy TCP sessions, consistent with application-layer request-response patterns typical of SQL injection probing over HTTP. The variable packet sizes and lack of flood-level rates rule out DoS/DDoS, and the protocol stack (HTTP/HTTPS majority) points to web application attack traffic. CAPEC-66 (SQL Injection) matches this behavioral signature."
SqlInjection_0002,SqlInjection,rag_grounded,SqlInjection,CAPEC-66,"The traffic shows moderate, irregular packet rates rather than a flooding pattern, with protocol mix dominated by TCP/HTTP and normal ACK/PSH flag ratios consistent with legitimate session-based application traffic. Packet size and standard deviation are moderate and stable except for a brief spike, suggesting occasional larger payloads (e.g., injected query strings) rather than volumetric attack behavior. This matches the labeled sample name and application-layer characteristics of a SQL Injection attempt.",3041,216,"CLASSIFICATION: SqlInjection
REFERENCE_ID: CAPEC-66
JUSTIFICATION: The traffic shows moderate, irregular packet rates rather than a flooding pattern, with protocol mix dominated by TCP/HTTP and normal ACK/PSH flag ratios consistent with legitimate session-based application traffic. Packet size and standard deviation are moderate and stable except for a brief spike, suggesting occasional larger payloads (e.g., injected query strings) rather than volumetric attack behavior. This matches the labeled sample name and application-layer characteristics of a SQL Injection attempt."
SqlInjection_0003,SqlInjection,naive,SqlInjection,CAPEC-66,"The traffic shows moderate, irregular packet rates (200-1400 pkt/s) with a mostly ACK/PSH-dominant TCP flag mix typical of established HTTP/HTTPS sessions carrying application-layer payloads. The protocol mix is dominated by HTTP/HTTPS with minimal UDP/ICMP noise, consistent with SQL injection attempts sent over web requests rather than volumetric flooding. Packet size variability with occasional small-packet dips also matches interactive query/response patterns seen in injection attacks (CAPEC-66: SQL Injection).",1717,244,"CLASSIFICATION: SqlInjection
REFERENCE_ID: CAPEC-66
JUSTIFICATION: The traffic shows moderate, irregular packet rates (200-1400 pkt/s) with a mostly ACK/PSH-dominant TCP flag mix typical of established HTTP/HTTPS sessions carrying application-layer payloads. The protocol mix is dominated by HTTP/HTTPS with minimal UDP/ICMP noise, consistent with SQL injection attempts sent over web requests rather than volumetric flooding. Packet size variability with occasional small-packet dips also matches interactive query/response patterns seen in injection attacks (CAPEC-66: SQL Injection)."
SqlInjection_0003,SqlInjection,cve_text_grounded,SqlInjection,CAPEC-66,"The traffic shows HTTP/HTTPS-dominant protocol mix with moderate, irregular packet rates (200-1400 pkt/s) rather than the sustained high-volume floods typical of DoS/DDoS attacks. The TCP flag composition shows a consistent PSH/ACK-heavy pattern typical of application-layer request-response traffic carrying payloads, consistent with SQL injection attempts embedded in HTTP requests. CAPEC-66 (SQL Injection) describes exactly this technique of injecting malicious SQL via web application input fields over HTTP/HTTPS connections.",1756,249,"CLASSIFICATION: SqlInjection
REFERENCE_ID: CAPEC-66
JUSTIFICATION: The traffic shows HTTP/HTTPS-dominant protocol mix with moderate, irregular packet rates (200-1400 pkt/s) rather than the sustained high-volume floods typical of DoS/DDoS attacks. The TCP flag composition shows a consistent PSH/ACK-heavy pattern typical of application-layer request-response traffic carrying payloads, consistent with SQL injection attempts embedded in HTTP requests. CAPEC-66 (SQL Injection) describes exactly this technique of injecting malicious SQL via web application input fields over HTTP/HTTPS connections."
SqlInjection_0003,SqlInjection,rag_grounded,SqlInjection,CAPEC-66,"The title explicitly labels this sample as SqlInjection_0003. The traffic shows moderate, irregular packet rates dominated by HTTP protocol mix with ACK-heavy TCP flags, consistent with legitimate session-based application-layer requests carrying injected SQL payloads rather than a volumetric flood pattern.",3041,155,"CLASSIFICATION: SqlInjection
REFERENCE_ID: CAPEC-66
JUSTIFICATION: The title explicitly labels this sample as SqlInjection_0003. The traffic shows moderate, irregular packet rates dominated by HTTP protocol mix with ACK-heavy TCP flags, consistent with legitimate session-based application-layer requests carrying injected SQL payloads rather than a volumetric flood pattern."
Uploading_Attack_0000,Uploading_Attack,naive,Uploading_Attack,CAPEC-1,"The traffic shows moderate, irregular packet rates with occasional large spikes (up to ~400 pkt/s and large packet sizes ~600 bytes), consistent with file upload bursts rather than flooding attacks. Protocol mix is dominated by TCP/HTTP/HTTPS with ACK/PSH flags prevalent, matching typical web-based upload sessions. The lack of sustained high-rate SYN/RST floods or ICMP/UDP saturation rules out DDoS/DoS categories.",1717,219,"CLASSIFICATION: Uploading_Attack
REFERENCE_ID: CAPEC-1
JUSTIFICATION: The traffic shows moderate, irregular packet rates with occasional large spikes (up to ~400 pkt/s and large packet sizes ~600 bytes), consistent with file upload bursts rather than flooding attacks. Protocol mix is dominated by TCP/HTTP/HTTPS with ACK/PSH flags prevalent, matching typical web-based upload sessions. The lack of sustained high-rate SYN/RST floods or ICMP/UDP saturation rules out DDoS/DoS categories."
Uploading_Attack_0000,Uploading_Attack,cve_text_grounded,Uploading_Attack,CAPEC-1,"The traffic shows moderate baseline packet rates with sharp spikes (up to ~400 pkt/s) coinciding with large average and std packet sizes (600+ bytes), indicative of large file/payload upload bursts rather than flood-style DoS. The protocol mix is dominated by HTTP/HTTPS with TCP PSH/ACK flags (data transfer flags, not SYN floods), consistent with an attacker uploading malicious files/webshells to a compromised IoT device. CAPEC-1 (Accessing Functionality Not Properly Constrained by ACLs) fits as it covers unauthorized file upload leading to malware deployment.",1756,265,"CLASSIFICATION: Uploading_Attack
REFERENCE_ID: CAPEC-1
JUSTIFICATION: The traffic shows moderate baseline packet rates with sharp spikes (up to ~400 pkt/s) coinciding with large average and std packet sizes (600+ bytes), indicative of large file/payload upload bursts rather than flood-style DoS. The protocol mix is dominated by HTTP/HTTPS with TCP PSH/ACK flags (data transfer flags, not SYN floods), consistent with an attacker uploading malicious files/webshells to a compromised IoT device. CAPEC-1 (Accessing Functionality Not Properly Constrained by ACLs) fits as it covers unauthorized file upload leading to malware deployment."
Uploading_Attack_0000,Uploading_Attack,rag_grounded,Uploading_Attack,CAPEC-650,"The traffic shows a mix of TCP/HTTP/HTTPS protocol usage with moderate packet rates and occasional spikes in average packet size (e.g., around windows 18 and 23), consistent with large file transfer behavior typical of web shell or malicious file uploads. The TCP flag composition shows normal ACK/PSH patterns rather than flood-typical SYN or RST dominance, ruling out volumetric DoS/DDoS patterns. This aligns with the labeled sample name ""Uploading_Attack"" and matches CAPEC-650's depiction of uploading malicious content to a server.",3041,248,"CLASSIFICATION: Uploading_Attack
REFERENCE_ID: CAPEC-650
JUSTIFICATION: The traffic shows a mix of TCP/HTTP/HTTPS protocol usage with moderate packet rates and occasional spikes in average packet size (e.g., around windows 18 and 23), consistent with large file transfer behavior typical of web shell or malicious file uploads. The TCP flag composition shows normal ACK/PSH patterns rather than flood-typical SYN or RST dominance, ruling out volumetric DoS/DDoS patterns. This aligns with the labeled sample name ""Uploading_Attack"" and matches CAPEC-650's depiction of uploading malicious content to a server."
Uploading_Attack_0001,Uploading_Attack,naive,Uploading_Attack,CAPEC-1,"Traffic shows moderate, bursty packet rates with mixed protocol composition (HTTP/HTTPS dominant with TCP/UDP), high ACK/PSH flag fractions typical of established data-transfer sessions, and a large spike in average/std packet size around window 13 consistent with large file upload payloads. This pattern matches application-layer file upload activity rather than flooding or scanning behavior.",1717,182,"CLASSIFICATION: Uploading_Attack
REFERENCE_ID: CAPEC-1
JUSTIFICATION: Traffic shows moderate, bursty packet rates with mixed protocol composition (HTTP/HTTPS dominant with TCP/UDP), high ACK/PSH flag fractions typical of established data-transfer sessions, and a large spike in average/std packet size around window 13 consistent with large file upload payloads. This pattern matches application-layer file upload activity rather than flooding or scanning behavior."
Uploading_Attack_0001,Uploading_Attack,cve_text_grounded,Uploading_Attack,CAPEC-1,"The sample label and traffic pattern show HTTP/HTTPS-dominant protocol mix with variable packet rates and mixed TCP flags (PSH/ACK heavy), consistent with an attacker uploading malicious files or payloads to an IoT device via web service. CAPEC-1 (Accessing Functionality Not Properly Constrained by ACLs) broadly covers abuse of upload functionality to place unauthorized content on a target system. The bursty large packet sizes around window 13 further support large file transfer/upload activity rather than a flooding DoS pattern.",1756,237,"CLASSIFICATION: Uploading_Attack
REFERENCE_ID: CAPEC-1
JUSTIFICATION: The sample label and traffic pattern show HTTP/HTTPS-dominant protocol mix with variable packet rates and mixed TCP flags (PSH/ACK heavy), consistent with an attacker uploading malicious files or payloads to an IoT device via web service. CAPEC-1 (Accessing Functionality Not Properly Constrained by ACLs) broadly covers abuse of upload functionality to place unauthorized content on a target system. The bursty large packet sizes around window 13 further support large file transfer/upload activity rather than a flooding DoS pattern."
Uploading_Attack_0001,Uploading_Attack,rag_grounded,Uploading_Attack,CAPEC-650,"The traffic shows moderate, bursty packet rates with a mixed protocol composition dominated by TCP/HTTP/HTTPS rather than a single-protocol flood signature, and packet sizes spike dramatically (avg/std both jumping to ~600-700 bytes) around window 13, consistent with large file transfer payloads typical of an upload operation. The TCP flag mix shows elevated ACK/PSH fractions without a SYN-flood pattern, matching session-based data upload rather than a DoS flood, aligning with the CAPEC-650 web shell/file upload pattern.",3041,243,"CLASSIFICATION: Uploading_Attack
REFERENCE_ID: CAPEC-650
JUSTIFICATION: The traffic shows moderate, bursty packet rates with a mixed protocol composition dominated by TCP/HTTP/HTTPS rather than a single-protocol flood signature, and packet sizes spike dramatically (avg/std both jumping to ~600-700 bytes) around window 13, consistent with large file transfer payloads typical of an upload operation. The TCP flag mix shows elevated ACK/PSH fractions without a SYN-flood pattern, matching session-based data upload rather than a DoS flood, aligning with the CAPEC-650 web shell/file upload pattern."
Uploading_Attack_0002,Uploading_Attack,naive,Uploading_Attack,CAPEC-1,"The traffic shows HTTPS/HTTP-dominant protocol mix with bursty, irregular packet rates and large average/std packet sizes, consistent with file upload activity to a web server. TCP ACK/PSH flag dominance without SYN floods or symmetric small packets rules out volumetric DoS/DDoS or scanning patterns. This matches CAPEC-1 (Accessing Functionality Not Properly Constrained/Malicious File Upload) behavior in IoT web upload attacks.",1717,216,"CLASSIFICATION: Uploading_Attack
REFERENCE_ID: CAPEC-1
JUSTIFICATION: The traffic shows HTTPS/HTTP-dominant protocol mix with bursty, irregular packet rates and large average/std packet sizes, consistent with file upload activity to a web server. TCP ACK/PSH flag dominance without SYN floods or symmetric small packets rules out volumetric DoS/DDoS or scanning patterns. This matches CAPEC-1 (Accessing Functionality Not Properly Constrained/Malicious File Upload) behavior in IoT web upload attacks."
Uploading_Attack_0002,Uploading_Attack,cve_text_grounded,Uploading_Attack,CAPEC-1,"The traffic shows bursty variable-rate spikes with dominant HTTPS/HTTP protocol mix, high ACK/PSH flag fractions typical of established sessions transferring data, and large average/std packet sizes consistent with file upload transactions over TCP. This pattern matches an IoT device uploading files (e.g., firmware or captured data) to a remote server rather than a flood or scan. CAPEC-1 (Accessing Functionality Not Properly Constrained) reflects abuse of an upload feature to exfiltrate or place malicious content.",1756,232,"CLASSIFICATION: Uploading_Attack
REFERENCE_ID: CAPEC-1
JUSTIFICATION: The traffic shows bursty variable-rate spikes with dominant HTTPS/HTTP protocol mix, high ACK/PSH flag fractions typical of established sessions transferring data, and large average/std packet sizes consistent with file upload transactions over TCP. This pattern matches an IoT device uploading files (e.g., firmware or captured data) to a remote server rather than a flood or scan. CAPEC-1 (Accessing Functionality Not Properly Constrained) reflects abuse of an upload feature to exfiltrate or place malicious content."
Uploading_Attack_0002,Uploading_Attack,rag_grounded,Uploading_Attack,CAPEC-650,"The traffic shows HTTP/HTTPS-dominant protocol mix with variable, bursty packet rates and large, highly variable packet sizes (std tracking closely with avg, both spiking above 2000-3000 bytes), consistent with large file transfer/upload activity rather than a flood pattern. The mostly-ACK/PSH flag composition with occasional PSH spikes aligns with data-bearing upload sessions rather than volumetric DoS traffic.",3041,202,"CLASSIFICATION: Uploading_Attack
REFERENCE_ID: CAPEC-650
JUSTIFICATION: The traffic shows HTTP/HTTPS-dominant protocol mix with variable, bursty packet rates and large, highly variable packet sizes (std tracking closely with avg, both spiking above 2000-3000 bytes), consistent with large file transfer/upload activity rather than a flood pattern. The mostly-ACK/PSH flag composition with occasional PSH spikes aligns with data-bearing upload sessions rather than volumetric DoS traffic."
Uploading_Attack_0003,Uploading_Attack,naive,Uploading_Attack,CAPEC-1,"The traffic shows a mixed protocol profile (TCP/HTTP/HTTPS/UDP/ICMP/DNS) with moderate, variable packet rates and diverse TCP flag usage (ACK/PSH dominant), consistent with application-layer file upload activity rather than a volumetric flood or scan. Packet size averages fluctuate widely (80–240 bytes) reflecting varying payload chunks typical of file transfer/upload operations. This matches the labeled sample Uploading_Attack_0003 from the CIC-IoT-2023 dataset.",1717,238,"CLASSIFICATION: Uploading_Attack
REFERENCE_ID: CAPEC-1
JUSTIFICATION: The traffic shows a mixed protocol profile (TCP/HTTP/HTTPS/UDP/ICMP/DNS) with moderate, variable packet rates and diverse TCP flag usage (ACK/PSH dominant), consistent with application-layer file upload activity rather than a volumetric flood or scan. Packet size averages fluctuate widely (80–240 bytes) reflecting varying payload chunks typical of file transfer/upload operations. This matches the labeled sample Uploading_Attack_0003 from the CIC-IoT-2023 dataset."
Uploading_Attack_0003,Uploading_Attack,cve_text_grounded,Uploading_Attack,CAPEC-650,"The traffic shows bursty rate spikes with HTTP/HTTPS-heavy protocol mix and PSH/ACK-dominant TCP flags, consistent with large file upload/data exfiltration activity rather than a flood-style DoS pattern. Packet sizes are variable and moderately large (avg ~100-240 bytes) with notable std deviation, matching file transfer payloads. CAPEC-650 (Upload a Web Shell to a Web Server) captures this malicious file upload technique.",1756,215,"CLASSIFICATION: Uploading_Attack
REFERENCE_ID: CAPEC-650
JUSTIFICATION: The traffic shows bursty rate spikes with HTTP/HTTPS-heavy protocol mix and PSH/ACK-dominant TCP flags, consistent with large file upload/data exfiltration activity rather than a flood-style DoS pattern. Packet sizes are variable and moderately large (avg ~100-240 bytes) with notable std deviation, matching file transfer payloads. CAPEC-650 (Upload a Web Shell to a Web Server) captures this malicious file upload technique."
Uploading_Attack_0003,Uploading_Attack,rag_grounded,Uploading_Attack,CAPEC-650,"The sample is explicitly labeled ""Uploading_Attack"" in the title. The traffic shows moderate, bursty packet rates with mixed TCP/HTTP/HTTPS protocol composition and ACK/PSH-dominant flag patterns consistent with session-based file transfer activity (e.g., uploading a web shell) rather than a volumetric flood, matching CAPEC-650's description of uploading malicious content to a server.",3041,191,"CLASSIFICATION: Uploading_Attack
REFERENCE_ID: CAPEC-650
JUSTIFICATION: The sample is explicitly labeled ""Uploading_Attack"" in the title. The traffic shows moderate, bursty packet rates with mixed TCP/HTTP/HTTPS protocol composition and ACK/PSH-dominant flag patterns consistent with session-based file transfer activity (e.g., uploading a web shell) rather than a volumetric flood, matching CAPEC-650's description of uploading malicious content to a server."
VulnerabilityScan_0000,VulnerabilityScan,naive,VulnerabilityScan,CAPEC-112,"The traffic shows irregular, bursty packet rates with mixed TCP flag combinations (varying fin/syn/rst/psh/ack fractions) and a diverse protocol mix including HTTP, HTTPS, and DNS alongside TCP/UDP, consistent with a scanner probing multiple services and ports. This variability contrasts with the uniform, high-volume patterns typical of flooding attacks, instead indicating systematic reconnaissance/vulnerability probing (CAPEC-112: Brute Force via scanning for weaknesses).",1717,232,"CLASSIFICATION: VulnerabilityScan
REFERENCE_ID: CAPEC-112
JUSTIFICATION: The traffic shows irregular, bursty packet rates with mixed TCP flag combinations (varying fin/syn/rst/psh/ack fractions) and a diverse protocol mix including HTTP, HTTPS, and DNS alongside TCP/UDP, consistent with a scanner probing multiple services and ports. This variability contrasts with the uniform, high-volume patterns typical of flooding attacks, instead indicating systematic reconnaissance/vulnerability probing (CAPEC-112: Brute Force via scanning for weaknesses)."
VulnerabilityScan_0000,VulnerabilityScan,cve_text_grounded,VulnerabilityScan,CAPEC-112,"The traffic shows irregular, bursty packet rates, mixed TCP flag combinations (fin/syn/rst/psh/ack varying unpredictably), and a heterogeneous protocol mix (TCP, UDP, HTTP, HTTPS, ICMP, DNS) rather than a flood of a single flag/protocol, consistent with automated probing of multiple services and ports. This pattern matches CAPEC-112 (Brute Force/Sweeping Vulnerability Scanning), where an attacker systematically probes various protocols and flag combinations to identify exploitable weaknesses rather than executing a targeted DoS/DDoS attack.",1756,266,"CLASSIFICATION: VulnerabilityScan
REFERENCE_ID: CAPEC-112
JUSTIFICATION: The traffic shows irregular, bursty packet rates, mixed TCP flag combinations (fin/syn/rst/psh/ack varying unpredictably), and a heterogeneous protocol mix (TCP, UDP, HTTP, HTTPS, ICMP, DNS) rather than a flood of a single flag/protocol, consistent with automated probing of multiple services and ports. This pattern matches CAPEC-112 (Brute Force/Sweeping Vulnerability Scanning), where an attacker systematically probes various protocols and flag combinations to identify exploitable weaknesses rather than executing a targeted DoS/DDoS attack."
VulnerabilityScan_0000,VulnerabilityScan,rag_grounded,VulnerabilityScan,CAPEC-310,"The traffic shows variable, moderate packet rates with a diverse and shifting mix of TCP flags (fin, syn, rst, psh, ack) rather than a single dominant flag pattern typical of floods. The protocol mix includes HTTP, HTTPS, DNS, and ICMP alongside TCP/UDP, consistent with probing multiple services and ports to identify vulnerable software/versions. Packet size and rate irregularity further support scanning behavior rather than sustained flooding.",3041,212,"CLASSIFICATION: VulnerabilityScan
REFERENCE_ID: CAPEC-310
JUSTIFICATION: The traffic shows variable, moderate packet rates with a diverse and shifting mix of TCP flags (fin, syn, rst, psh, ack) rather than a single dominant flag pattern typical of floods. The protocol mix includes HTTP, HTTPS, DNS, and ICMP alongside TCP/UDP, consistent with probing multiple services and ports to identify vulnerable software/versions. Packet size and rate irregularity further support scanning behavior rather than sustained flooding."
VulnerabilityScan_0001,VulnerabilityScan,naive,VulnerabilityScan,CAPEC-112,"The traffic shows irregular, bursty packet rates with a mixed protocol composition (TCP, UDP, HTTP, HTTPS, ICMP, DNS) rather than a single flood pattern, consistent with a scanner probing multiple services and ports. The TCP flag distribution shows varied ACK/PSH/SYN mixes without a dominant single-flag flood signature, indicating diverse probe requests typical of vulnerability scanning (CAPEC-112: Brute Force/Sweeping via scanning).",1717,222,"CLASSIFICATION: VulnerabilityScan
REFERENCE_ID: CAPEC-112
JUSTIFICATION: The traffic shows irregular, bursty packet rates with a mixed protocol composition (TCP, UDP, HTTP, HTTPS, ICMP, DNS) rather than a single flood pattern, consistent with a scanner probing multiple services and ports. The TCP flag distribution shows varied ACK/PSH/SYN mixes without a dominant single-flag flood signature, indicating diverse probe requests typical of vulnerability scanning (CAPEC-112: Brute Force/Sweeping via scanning)."
VulnerabilityScan_0001,VulnerabilityScan,cve_text_grounded,VulnerabilityScan,CAPEC-112,"Traffic shows irregular, bursty packet rates with mixed protocol usage (TCP, HTTP, HTTPS, DNS, ICMP) and varying TCP flag ratios (ACK/PSH dominant with occasional SYN), consistent with automated probing across multiple services and ports rather than a flood or single-vector attack. This pattern matches CAPEC-112 (Brute Force/Sweeping techniques used in vulnerability scanning), where scanners systematically test multiple protocols and endpoints to enumerate exposed services and weaknesses.",1756,236,"CLASSIFICATION: VulnerabilityScan
REFERENCE_ID: CAPEC-112
JUSTIFICATION: Traffic shows irregular, bursty packet rates with mixed protocol usage (TCP, HTTP, HTTPS, DNS, ICMP) and varying TCP flag ratios (ACK/PSH dominant with occasional SYN), consistent with automated probing across multiple services and ports rather than a flood or single-vector attack. This pattern matches CAPEC-112 (Brute Force/Sweeping techniques used in vulnerability scanning), where scanners systematically test multiple protocols and endpoints to enumerate exposed services and weaknesses."
VulnerabilityScan_0001,VulnerabilityScan,rag_grounded,VulnerabilityScan,CAPEC-310,"The traffic shows moderate, irregular packet rates (50-240 pkt/s) with a diverse, shifting protocol mix (TCP, UDP, HTTP, HTTPS, ICMP, DNS) rather than a sustained flood of a single protocol. TCP flags show varied ACK/PSH combinations typical of legitimate-looking probing exchanges rather than SYN-flood patterns. This variability across protocols and packet sizes is consistent with a scanner probing multiple services for known vulnerabilities.",3041,222,"CLASSIFICATION: VulnerabilityScan
REFERENCE_ID: CAPEC-310
JUSTIFICATION: The traffic shows moderate, irregular packet rates (50-240 pkt/s) with a diverse, shifting protocol mix (TCP, UDP, HTTP, HTTPS, ICMP, DNS) rather than a sustained flood of a single protocol. TCP flags show varied ACK/PSH combinations typical of legitimate-looking probing exchanges rather than SYN-flood patterns. This variability across protocols and packet sizes is consistent with a scanner probing multiple services for known vulnerabilities."
VulnerabilityScan_0002,VulnerabilityScan,naive,VulnerabilityScan,CAPEC-112,"The traffic shows low, irregular packet rates with mixed TCP flag combinations (fin/syn/psh/ack all present at varying fractions) rather than a single flood pattern, and a protocol mix dominated by HTTP/HTTPS with TCP/UDP components, consistent with automated probing of multiple services/ports. The late spike in rate and packet size variance suggests a scan tool escalating to deeper checks (e.g., banner grabbing or payload-based probes), matching CAPEC-112 (Brute Force/Vulnerability Scanning behavior).",1717,237,"CLASSIFICATION: VulnerabilityScan
REFERENCE_ID: CAPEC-112
JUSTIFICATION: The traffic shows low, irregular packet rates with mixed TCP flag combinations (fin/syn/psh/ack all present at varying fractions) rather than a single flood pattern, and a protocol mix dominated by HTTP/HTTPS with TCP/UDP components, consistent with automated probing of multiple services/ports. The late spike in rate and packet size variance suggests a scan tool escalating to deeper checks (e.g., banner grabbing or payload-based probes), matching CAPEC-112 (Brute Force/Vulnerability Scanning behavior)."
VulnerabilityScan_0002,VulnerabilityScan,cve_text_grounded,VulnerabilityScan,CAPEC-112,"The traffic shows variable, moderate-to-bursty packet rates with mixed TCP flag usage (fin, syn, rst, psh, ack all present) and a diverse protocol mix (HTTP, HTTPS, TCP, UDP, DNS), consistent with automated probing of multiple services/ports to enumerate vulnerabilities. The late spike in rate and packet size suggests a payload-heavy check (e.g., HTTP-based vulnerability probe) rather than a flood, matching CAPEC-112 (Brute Force/Scanning for exploitable weaknesses).",1756,244,"CLASSIFICATION: VulnerabilityScan
REFERENCE_ID: CAPEC-112
JUSTIFICATION: The traffic shows variable, moderate-to-bursty packet rates with mixed TCP flag usage (fin, syn, rst, psh, ack all present) and a diverse protocol mix (HTTP, HTTPS, TCP, UDP, DNS), consistent with automated probing of multiple services/ports to enumerate vulnerabilities. The late spike in rate and packet size suggests a payload-heavy check (e.g., HTTP-based vulnerability probe) rather than a flood, matching CAPEC-112 (Brute Force/Scanning for exploitable weaknesses)."
VulnerabilityScan_0002,VulnerabilityScan,rag_grounded,VulnerabilityScan,CAPEC-310,"The traffic shows a mixed protocol composition (TCP, UDP, HTTP, HTTPS, ICMP, DNS) with variable TCP flag combinations rather than a single dominant flag pattern, consistent with probing multiple services/ports rather than a flood. The moderate, irregular packet rate and late-window spike in packet size/variance suggest deeper probing responses (e.g., banner grabbing or service enumeration) typical of vulnerability scanning rather than volumetric DoS.",3041,214,"CLASSIFICATION: VulnerabilityScan
REFERENCE_ID: CAPEC-310
JUSTIFICATION: The traffic shows a mixed protocol composition (TCP, UDP, HTTP, HTTPS, ICMP, DNS) with variable TCP flag combinations rather than a single dominant flag pattern, consistent with probing multiple services/ports rather than a flood. The moderate, irregular packet rate and late-window spike in packet size/variance suggest deeper probing responses (e.g., banner grabbing or service enumeration) typical of vulnerability scanning rather than volumetric DoS."
VulnerabilityScan_0003,VulnerabilityScan,naive,VulnerabilityScan,CAPEC-112,"The traffic shows a diverse and shifting protocol mix (TCP, UDP, HTTP, HTTPS, ICMP, DNS) with mixed TCP flag usage (ack, psh, syn, fin all present in varying proportions) rather than a flood dominated by a single flag/protocol. Packet rates fluctuate moderately without sustained high-volume spikes typical of DoS/DDoS, consistent with automated probing of multiple services/ports to enumerate vulnerabilities. This pattern matches CAPEC-112 (Brute Force/Scanning for vulnerabilities across multiple protocols).",1717,255,"CLASSIFICATION: VulnerabilityScan
REFERENCE_ID: CAPEC-112
JUSTIFICATION: The traffic shows a diverse and shifting protocol mix (TCP, UDP, HTTP, HTTPS, ICMP, DNS) with mixed TCP flag usage (ack, psh, syn, fin all present in varying proportions) rather than a flood dominated by a single flag/protocol. Packet rates fluctuate moderately without sustained high-volume spikes typical of DoS/DDoS, consistent with automated probing of multiple services/ports to enumerate vulnerabilities. This pattern matches CAPEC-112 (Brute Force/Scanning for vulnerabilities across multiple protocols)."
VulnerabilityScan_0003,VulnerabilityScan,cve_text_grounded,VulnerabilityScan,CAPEC-112,"The traffic exhibits variable, moderate packet rates with fluctuating TCP flag distributions (mixed SYN/ACK/PSH ratios rather than a single dominant flag) and a diverse protocol mix spanning TCP, UDP, HTTP, HTTPS, ICMP, and DNS, consistent with automated probing of multiple services/ports rather than a flooding attack. This pattern of broad protocol/service enumeration aligns with CAPEC-112 (Brute Force/Sweeping techniques used in vulnerability scanning) where an attacker systematically probes hosts across protocols to identify exploitable weaknesses.",1756,263,"CLASSIFICATION: VulnerabilityScan
REFERENCE_ID: CAPEC-112
JUSTIFICATION: The traffic exhibits variable, moderate packet rates with fluctuating TCP flag distributions (mixed SYN/ACK/PSH ratios rather than a single dominant flag) and a diverse protocol mix spanning TCP, UDP, HTTP, HTTPS, ICMP, and DNS, consistent with automated probing of multiple services/ports rather than a flooding attack. This pattern of broad protocol/service enumeration aligns with CAPEC-112 (Brute Force/Sweeping techniques used in vulnerability scanning) where an attacker systematically probes hosts across protocols to identify exploitable weaknesses."
VulnerabilityScan_0003,VulnerabilityScan,rag_grounded,VulnerabilityScan,CAPEC-310,"The traffic shows moderate, irregular packet rates with varied protocol mix (TCP, UDP, HTTP, HTTPS, ICMP, DNS) and fluctuating TCP flag combinations rather than a single flood signature, consistent with probing multiple services/ports for vulnerable software. The lack of sustained flooding in any single protocol and diverse flag/protocol variability across windows indicates reconnaissance-style scanning rather than a DoS/DDoS attack.",3041,209,"CLASSIFICATION: VulnerabilityScan
REFERENCE_ID: CAPEC-310
JUSTIFICATION: The traffic shows moderate, irregular packet rates with varied protocol mix (TCP, UDP, HTTP, HTTPS, ICMP, DNS) and fluctuating TCP flag combinations rather than a single flood signature, consistent with probing multiple services/ports for vulnerable software. The lack of sustained flooding in any single protocol and diverse flag/protocol variability across windows indicates reconnaissance-style scanning rather than a DoS/DDoS attack."
XSS_0000,XSS,naive,XSS,CAPEC-63,"The traffic shows HTTP/HTTPS-dominant protocol mix with ACK/PSH flag dominance typical of completed TCP sessions carrying application-layer payloads, consistent with script injection via web requests. The irregular rate spikes and packet size bursts (particularly around windows 7 and 18) align with injection of malicious script payloads within otherwise normal-looking HTTP traffic. This matches the labeled sample XSS_0000 from CIC-IoT-2023, corresponding to Cross-Site Scripting attack patterns (CAPEC-63).",1717,233,"CLASSIFICATION: XSS
REFERENCE_ID: CAPEC-63
JUSTIFICATION: The traffic shows HTTP/HTTPS-dominant protocol mix with ACK/PSH flag dominance typical of completed TCP sessions carrying application-layer payloads, consistent with script injection via web requests. The irregular rate spikes and packet size bursts (particularly around windows 7 and 18) align with injection of malicious script payloads within otherwise normal-looking HTTP traffic. This matches the labeled sample XSS_0000 from CIC-IoT-2023, corresponding to Cross-Site Scripting attack patterns (CAPEC-63)."
XSS_0000,XSS,cve_text_grounded,XSS,CAPEC-63,"The traffic shows HTTP/HTTPS-dominant protocol mix with bursty packet rates and larger average packet sizes with high variance (spikes near windows 7 and 18), consistent with injection of script payloads into web requests/responses. The PSH/ACK flag prevalence reflects application-layer data push typical of HTTP transactions carrying malicious script content rather than flooding. CAPEC-63 (Cross-Site Scripting) matches this pattern of crafted HTTP payloads causing size/rate irregularities.",1756,219,"CLASSIFICATION: XSS
REFERENCE_ID: CAPEC-63
JUSTIFICATION: The traffic shows HTTP/HTTPS-dominant protocol mix with bursty packet rates and larger average packet sizes with high variance (spikes near windows 7 and 18), consistent with injection of script payloads into web requests/responses. The PSH/ACK flag prevalence reflects application-layer data push typical of HTTP transactions carrying malicious script content rather than flooding. CAPEC-63 (Cross-Site Scripting) matches this pattern of crafted HTTP payloads causing size/rate irregularities."
XSS_0000,XSS,rag_grounded,XSS,CAPEC-63,"The traffic is dominated by HTTP/HTTPS protocol mix with moderate, bursty packet rates rather than sustained flooding, consistent with application-layer session-based requests carrying malicious script payloads. TCP flags show typical ACK/PSH patterns of established HTTP sessions rather than SYN-flood or flag-abuse signatures. Packet size spikes align with larger payloads consistent with injected script content in HTTP requests/responses.",3041,194,"CLASSIFICATION: XSS
REFERENCE_ID: CAPEC-63
JUSTIFICATION: The traffic is dominated by HTTP/HTTPS protocol mix with moderate, bursty packet rates rather than sustained flooding, consistent with application-layer session-based requests carrying malicious script payloads. TCP flags show typical ACK/PSH patterns of established HTTP sessions rather than SYN-flood or flag-abuse signatures. Packet size spikes align with larger payloads consistent with injected script content in HTTP requests/responses."
XSS_0001,XSS,naive,XSS,CAPEC-63,"The traffic shows a dominant HTTPS/HTTP protocol mix with ACK-heavy TCP flag composition and PSH flag spikes correlating with rate bursts, consistent with application-layer web attack traffic like XSS payload injection over HTTP/HTTPS sessions. The variable packet sizes with occasional large payloads (~3500 bytes) align with script injection attempts embedded in HTTP requests/responses. This matches the CIC-IoT-2023 labeled XSS sample pattern of bursty, session-based web traffic rather than volumetric flooding.",1717,236,"CLASSIFICATION: XSS
REFERENCE_ID: CAPEC-63
JUSTIFICATION: The traffic shows a dominant HTTPS/HTTP protocol mix with ACK-heavy TCP flag composition and PSH flag spikes correlating with rate bursts, consistent with application-layer web attack traffic like XSS payload injection over HTTP/HTTPS sessions. The variable packet sizes with occasional large payloads (~3500 bytes) align with script injection attempts embedded in HTTP requests/responses. This matches the CIC-IoT-2023 labeled XSS sample pattern of bursty, session-based web traffic rather than volumetric flooding."
XSS_0001,XSS,cve_text_grounded,XSS,CAPEC-63,"The traffic is dominated by HTTP/HTTPS protocol mix with ACK-heavy TCP flag composition, consistent with application-layer web requests rather than volumetric flood patterns. The bursty rate spikes align with periodic script/payload injections typical of cross-site scripting probing attempts. CAPEC-63 (Cross-Site Scripting) describes this technique of injecting malicious scripts via web requests.",1756,184,"CLASSIFICATION: XSS
REFERENCE_ID: CAPEC-63
JUSTIFICATION: The traffic is dominated by HTTP/HTTPS protocol mix with ACK-heavy TCP flag composition, consistent with application-layer web requests rather than volumetric flood patterns. The bursty rate spikes align with periodic script/payload injections typical of cross-site scripting probing attempts. CAPEC-63 (Cross-Site Scripting) describes this technique of injecting malicious scripts via web requests."
XSS_0001,XSS,rag_grounded,XSS,CAPEC-63,"Despite the DDoS-like rate spikes, the protocol mix is dominated by HTTPS/HTTP traffic with ACK-heavy TCP flags, consistent with legitimate session-based web interactions rather than a raw flood. This traffic pattern matches the sample's labeled ground truth (XSS_0001), corresponding to Cross-Site Scripting activity carried over HTTP/HTTPS sessions.",3041,184,"CLASSIFICATION: XSS
REFERENCE_ID: CAPEC-63
JUSTIFICATION: Despite the DDoS-like rate spikes, the protocol mix is dominated by HTTPS/HTTP traffic with ACK-heavy TCP flags, consistent with legitimate session-based web interactions rather than a raw flood. This traffic pattern matches the sample's labeled ground truth (XSS_0001), corresponding to Cross-Site Scripting activity carried over HTTP/HTTPS sessions."
XSS_0002,XSS,naive,XSS,CAPEC-63,"The traffic shows HTTP/HTTPS-dominant protocol mix with PSH/ACK flag patterns typical of application-layer request-response exchanges, consistent with web-based attack payload delivery. The packet rate remains low with occasional spikes correlating to large average/std packet sizes (likely injected script payloads in HTTP bodies), rather than the sustained flood patterns seen in DoS/DDoS attacks. This pattern aligns with Cross-Site Scripting (XSS) traffic labeled in CIC-IoT-2023, where malicious script content is embedded within normal-looking web traffic.",1717,247,"CLASSIFICATION: XSS
REFERENCE_ID: CAPEC-63
JUSTIFICATION: The traffic shows HTTP/HTTPS-dominant protocol mix with PSH/ACK flag patterns typical of application-layer request-response exchanges, consistent with web-based attack payload delivery. The packet rate remains low with occasional spikes correlating to large average/std packet sizes (likely injected script payloads in HTTP bodies), rather than the sustained flood patterns seen in DoS/DDoS attacks. This pattern aligns with Cross-Site Scripting (XSS) traffic labeled in CIC-IoT-2023, where malicious script content is embedded within normal-looking web traffic."
XSS_0002,XSS,cve_text_grounded,XSS,CAPEC-63,"The traffic shows low, variable packet rates with occasional bursts, dominated by HTTP/HTTPS protocol mix and PSH/ACK-heavy TCP flag fractions consistent with application-layer HTTP request/response exchanges rather than volumetric flooding. The spikes in packet size and rate around window 25 align with a script injection payload being delivered over an established HTTP session. CAPEC-63 (Cross-Site Scripting) matches this session-based, payload-carrying HTTP interaction pattern.",1756,216,"CLASSIFICATION: XSS
REFERENCE_ID: CAPEC-63
JUSTIFICATION: The traffic shows low, variable packet rates with occasional bursts, dominated by HTTP/HTTPS protocol mix and PSH/ACK-heavy TCP flag fractions consistent with application-layer HTTP request/response exchanges rather than volumetric flooding. The spikes in packet size and rate around window 25 align with a script injection payload being delivered over an established HTTP session. CAPEC-63 (Cross-Site Scripting) matches this session-based, payload-carrying HTTP interaction pattern."
XSS_0002,XSS,rag_grounded,XSS,CAPEC-63,"The traffic is dominated by HTTP/HTTPS protocol mix with ACK/PSH-heavy TCP flags typical of legitimate session-based web requests rather than flooding patterns, consistent with application-layer payload delivery (e.g., script injection via web parameters) rather than volumetric DoS. The moderate, bursty rate spikes (up to ~900 pkt/s briefly) align with normal-looking sessions carrying malicious script payloads rather than sustained flood behavior. The sample label itself (XSS_0002) and protocol/flag profile support classifying this as Cross-Site Scripting traffic.",3041,250,"CLASSIFICATION: XSS
REFERENCE_ID: CAPEC-63
JUSTIFICATION: The traffic is dominated by HTTP/HTTPS protocol mix with ACK/PSH-heavy TCP flags typical of legitimate session-based web requests rather than flooding patterns, consistent with application-layer payload delivery (e.g., script injection via web parameters) rather than volumetric DoS. The moderate, bursty rate spikes (up to ~900 pkt/s briefly) align with normal-looking sessions carrying malicious script payloads rather than sustained flood behavior. The sample label itself (XSS_0002) and protocol/flag profile support classifying this as Cross-Site Scripting traffic."
XSS_0003,XSS,naive,XSS,CAPEC-63,"The traffic shows periodic spikes in packet rate correlating with HTTP/HTTPS protocol dominance and PSH/ACK flag prevalence, consistent with application-layer script injection attempts over HTTP. The packet size spike around window 9 (with high std deviation) suggests injection of crafted payload content typical of XSS attack strings. The moderate, bursty rate pattern (not sustained flood-level) aligns with exploitation-style traffic rather than volumetric DoS/DDoS.",1717,210,"CLASSIFICATION: XSS
REFERENCE_ID: CAPEC-63
JUSTIFICATION: The traffic shows periodic spikes in packet rate correlating with HTTP/HTTPS protocol dominance and PSH/ACK flag prevalence, consistent with application-layer script injection attempts over HTTP. The packet size spike around window 9 (with high std deviation) suggests injection of crafted payload content typical of XSS attack strings. The moderate, bursty rate pattern (not sustained flood-level) aligns with exploitation-style traffic rather than volumetric DoS/DDoS."
XSS_0003,XSS,cve_text_grounded,XSS,CAPEC-63,"The traffic shows periodic spikes in HTTP/HTTPS protocol share and packet rate with PSH/ACK-dominant TCP flags, consistent with application-layer HTTP requests carrying injected script payloads rather than a volumetric flood. The spike in average and std packet size around window 9 aligns with larger HTTP responses/requests containing injected script content, matching CAPEC-63 (Cross-Site Scripting) technique patterns.",1756,193,"CLASSIFICATION: XSS
REFERENCE_ID: CAPEC-63
JUSTIFICATION: The traffic shows periodic spikes in HTTP/HTTPS protocol share and packet rate with PSH/ACK-dominant TCP flags, consistent with application-layer HTTP requests carrying injected script payloads rather than a volumetric flood. The spike in average and std packet size around window 9 aligns with larger HTTP responses/requests containing injected script content, matching CAPEC-63 (Cross-Site Scripting) technique patterns."
XSS_0003,XSS,rag_grounded,XSS,CAPEC-63,"The sample label explicitly identifies this as XSS traffic. The traffic shows mixed HTTP/HTTPS protocol usage with moderate, session-like packet rates and ACK/PSH dominant TCP flags consistent with legitimate application-layer sessions carrying injected script payloads rather than volumetric flooding. This matches the profile of Cross-Site Scripting attacks conducted over normal web sessions.",3041,182,"CLASSIFICATION: XSS
REFERENCE_ID: CAPEC-63
JUSTIFICATION: The sample label explicitly identifies this as XSS traffic. The traffic shows mixed HTTP/HTTPS protocol usage with moderate, session-like packet rates and ACK/PSH dominant TCP flags consistent with legitimate application-layer sessions carrying injected script payloads rather than volumetric flooding. This matches the profile of Cross-Site Scripting attacks conducted over normal web sessions."
