sample_id,true_class,dimensionality,classification,justification,input_tokens,output_tokens,raw_response
Benign_Final_0000,Benign_Final,2d,Benign_Final,"The packet rate stays low (mostly under 2000 pkt/s) with only a brief single spike, rather than a sustained flood pattern. The protocol mix shows a healthy variety of TCP, UDP, HTTP, HTTPS, ICMP, and DNS traffic rather than a single dominant protocol. TCP flags show varied ACK/PSH combinations typical of normal session behavior rather than the uniform SYN-flood signature expected in a DDoS-TCP attack.",1257,189,"CLASSIFICATION: Benign_Final
JUSTIFICATION: The packet rate stays low (mostly under 2000 pkt/s) with only a brief single spike, rather than a sustained flood pattern. The protocol mix shows a healthy variety of TCP, UDP, HTTP, HTTPS, ICMP, and DNS traffic rather than a single dominant protocol. TCP flags show varied ACK/PSH combinations typical of normal session behavior rather than the uniform SYN-flood signature expected in a DDoS-TCP attack."
Benign_Final_0000,Benign_Final,3d,Benign_Final,"The scatter shows highly variable packet rates (ranging from near 0 to ~30000 pkt/s) and inconsistent average packet sizes across the window sequence, rather than the sustained high-rate uniform pattern typical of a flood attack. TCP-flag intensity and dominant-protocol share also vary considerably between windows instead of showing the fixed, saturated flag signature expected in a TCP flood. This irregular, mixed traffic pattern is consistent with normal benign IoT behavior.",1107,193,"CLASSIFICATION: Benign_Final
JUSTIFICATION: The scatter shows highly variable packet rates (ranging from near 0 to ~30000 pkt/s) and inconsistent average packet sizes across the window sequence, rather than the sustained high-rate uniform pattern typical of a flood attack. TCP-flag intensity and dominant-protocol share also vary considerably between windows instead of showing the fixed, saturated flag signature expected in a TCP flood. This irregular, mixed traffic pattern is consistent with normal benign IoT behavior."
Benign_Final_0001,Benign_Final,2d,Benign_Final,"The packet rate fluctuates irregularly between ~25-190 pkt/s without sustained high-volume flooding typical of DDoS attacks. The protocol mix shows a diverse blend of TCP, UDP, HTTP, HTTPS, ICMP, and DNS traffic, consistent with normal multi-service IoT communication rather than a single-vector flood. TCP flags show varied SYN/ACK/PSH patterns rather than the SYN-flag dominance expected in a TCP flood attack, and packet sizes remain mostly stable (aside from one brief spike), indicating typical mixed application traffic.",1257,233,"CLASSIFICATION: Benign_Final

JUSTIFICATION: The packet rate fluctuates irregularly between ~25-190 pkt/s without sustained high-volume flooding typical of DDoS attacks. The protocol mix shows a diverse blend of TCP, UDP, HTTP, HTTPS, ICMP, and DNS traffic, consistent with normal multi-service IoT communication rather than a single-vector flood. TCP flags show varied SYN/ACK/PSH patterns rather than the SYN-flag dominance expected in a TCP flood attack, and packet sizes remain mostly stable (aside from one brief spike), indicating typical mixed application traffic."
Benign_Final_0001,Benign_Final,3d,Benign_Final,"The traffic shows scattered, low-to-moderate packet rates (mostly under 200 pkt/s) with high variability in average packet size across windows, ranging from very small to over 500 bytes. TCP-flag intensity varies inconsistently across points rather than showing a sustained high or uniform flag pattern typical of a flood attack. This irregular, mixed pattern across time windows is consistent with normal, diverse IoT device communication rather than a coordinated DDoS-TCP flood.",1107,189,"CLASSIFICATION: Benign_Final

JUSTIFICATION: The traffic shows scattered, low-to-moderate packet rates (mostly under 200 pkt/s) with high variability in average packet size across windows, ranging from very small to over 500 bytes. TCP-flag intensity varies inconsistently across points rather than showing a sustained high or uniform flag pattern typical of a flood attack. This irregular, mixed pattern across time windows is consistent with normal, diverse IoT device communication rather than a coordinated DDoS-TCP flood."
Benign_Final_0002,Benign_Final,2d,Benign_Final,"The traffic shows a diverse protocol mix (TCP, UDP, HTTP, HTTPS, ICMP, DNS) rather than a single dominant protocol, which is inconsistent with a flood attack. TCP flags are varied with high ACK fractions and low, sporadic SYN counts, indicating normal established connections rather than a SYN/TCP flood pattern. Packet rates stay mostly low with only mild fluctuations, and packet sizes vary widely across windows, consistent with typical mixed benign IoT traffic.",1257,206,"CLASSIFICATION: Benign_Final
JUSTIFICATION: The traffic shows a diverse protocol mix (TCP, UDP, HTTP, HTTPS, ICMP, DNS) rather than a single dominant protocol, which is inconsistent with a flood attack. TCP flags are varied with high ACK fractions and low, sporadic SYN counts, indicating normal established connections rather than a SYN/TCP flood pattern. Packet rates stay mostly low with only mild fluctuations, and packet sizes vary widely across windows, consistent with typical mixed benign IoT traffic."
Benign_Final_0002,Benign_Final,3d,Benign_Final,"The traffic shows low, variable packet rates (mostly under 200 pkt/s) with occasional spikes, rather than the sustained high-rate flood pattern typical of DDoS attacks. Avg packet sizes vary widely (0-1600+) across windows, indicating diverse, organic traffic rather than uniform attack packets. TCP-flag intensity and protocol dominance also fluctuate irregularly across windows, consistent with normal, heterogeneous IoT device communication.",1107,188,"CLASSIFICATION: Benign_Final
JUSTIFICATION: The traffic shows low, variable packet rates (mostly under 200 pkt/s) with occasional spikes, rather than the sustained high-rate flood pattern typical of DDoS attacks. Avg packet sizes vary widely (0-1600+) across windows, indicating diverse, organic traffic rather than uniform attack packets. TCP-flag intensity and protocol dominance also fluctuate irregularly across windows, consistent with normal, heterogeneous IoT device communication."
Benign_Final_0003,Benign_Final,2d,Benign_Final,"The packet rate fluctuates irregularly between ~50-1000 pkt/s without sustained flooding, and the protocol mix shows a healthy blend of TCP, UDP, HTTP, HTTPS, and DNS traffic rather than a single dominant flood protocol. TCP flags show mostly ACK and PSH dominance with low SYN/RST fractions, consistent with normal established connections rather than SYN-flood attack patterns. The variable packet sizes and mixed protocol composition further support typical benign application traffic.",1257,203,"CLASSIFICATION: Benign_Final

JUSTIFICATION: The packet rate fluctuates irregularly between ~50-1000 pkt/s without sustained flooding, and the protocol mix shows a healthy blend of TCP, UDP, HTTP, HTTPS, and DNS traffic rather than a single dominant flood protocol. TCP flags show mostly ACK and PSH dominance with low SYN/RST fractions, consistent with normal established connections rather than SYN-flood attack patterns. The variable packet sizes and mixed protocol composition further support typical benign application traffic."
Benign_Final_0003,Benign_Final,3d,Benign_Final,"The plot title itself identifies the sample as Benign_Final_0003. The scatter shows highly variable avg packet sizes (ranging from near 0 to over 2500) and irregular, low-to-moderate rates (mostly under 1000 pkt/s), which is consistent with diverse, non-uniform benign traffic rather than the sustained high-rate, uniform packet pattern typical of a TCP flood attack. TCP-flag intensity also varies broadly across windows rather than clustering at a single elevated value, further supporting normal heterogeneous traffic behavior.",1107,216,"CLASSIFICATION: Benign_Final
JUSTIFICATION: The plot title itself identifies the sample as Benign_Final_0003. The scatter shows highly variable avg packet sizes (ranging from near 0 to over 2500) and irregular, low-to-moderate rates (mostly under 1000 pkt/s), which is consistent with diverse, non-uniform benign traffic rather than the sustained high-rate, uniform packet pattern typical of a TCP flood attack. TCP-flag intensity also varies broadly across windows rather than clustering at a single elevated value, further supporting normal heterogeneous traffic behavior."
Benign_Final_0004,Benign_Final,2d,Benign_Final,"The packet rate is low and variable (mostly under 300 pkt/s with one brief spike) rather than sustained high-volume flooding. The protocol mix shows a healthy diversity of TCP, UDP, HTTP, HTTPS, and DNS traffic rather than being dominated by a single flood protocol. TCP flags show natural variation including fin, syn, and psh combinations with ack, consistent with legitimate connection handshakes and teardowns rather than the uniform SYN-heavy pattern typical of a TCP flood attack.",1257,206,"CLASSIFICATION: Benign_Final
JUSTIFICATION: The packet rate is low and variable (mostly under 300 pkt/s with one brief spike) rather than sustained high-volume flooding. The protocol mix shows a healthy diversity of TCP, UDP, HTTP, HTTPS, and DNS traffic rather than being dominated by a single flood protocol. TCP flags show natural variation including fin, syn, and psh combinations with ack, consistent with legitimate connection handshakes and teardowns rather than the uniform SYN-heavy pattern typical of a TCP flood attack."
Benign_Final_0004,Benign_Final,3d,Benign_Final,"The data shows low, variable packet rates (mostly under 500 pkt/s with one spike) rather than the sustained high-volume flood typical of DDoS traffic. TCP-flag intensity and packet sizes vary irregularly across windows, and avg packet size spikes sharply at a few isolated windows, consistent with diverse, organic traffic patterns rather than a uniform attack signature. This variability and lack of a sustained high-rate plateau supports a benign classification.",1107,183,"CLASSIFICATION: Benign_Final
JUSTIFICATION: The data shows low, variable packet rates (mostly under 500 pkt/s with one spike) rather than the sustained high-volume flood typical of DDoS traffic. TCP-flag intensity and packet sizes vary irregularly across windows, and avg packet size spikes sharply at a few isolated windows, consistent with diverse, organic traffic patterns rather than a uniform attack signature. This variability and lack of a sustained high-rate plateau supports a benign classification."
DDoS-TCP_Flood_0000,DDoS-TCP_Flood,2d,DDoS-TCP_Flood,"The traffic shows sustained high packet rates (10,000-60,000 pkt/s) with an almost pure TCP protocol composition throughout the capture. The TCP flag fractions show sporadic spikes in ACK, SYN, and PSH flags with minimal FIN/RST, consistent with a flood attack lacking proper connection teardown. The packet sizes are very uniform (avg ~60 bytes) with brief variance spikes, indicating repetitive, automated small-packet TCP flooding rather than diverse benign application traffic.",1257,212,"CLASSIFICATION: DDoS-TCP_Flood

JUSTIFICATION: The traffic shows sustained high packet rates (10,000-60,000 pkt/s) with an almost pure TCP protocol composition throughout the capture. The TCP flag fractions show sporadic spikes in ACK, SYN, and PSH flags with minimal FIN/RST, consistent with a flood attack lacking proper connection teardown. The packet sizes are very uniform (avg ~60 bytes) with brief variance spikes, indicating repetitive, automated small-packet TCP flooding rather than diverse benign application traffic."
DDoS-TCP_Flood_0000,DDoS-TCP_Flood,3d,DDoS-TCP_Flood,"The plot title explicitly labels the sample as DDoS-TCP_Flood_0000, and the data shows the characteristic pattern of this attack type: sustained high packet rates (10,000-60,000 pkt/s) across many consecutive windows with mostly low TCP-flag intensity (dark purple points), consistent with flooding via simple SYN/ACK packets. A few isolated spikes in flag intensity (yellow/teal points) suggest brief variations in flag composition typical of TCP flood attacks that manipulate flag states.",1107,211,"CLASSIFICATION: DDoS-TCP_Flood
JUSTIFICATION: The plot title explicitly labels the sample as DDoS-TCP_Flood_0000, and the data shows the characteristic pattern of this attack type: sustained high packet rates (10,000-60,000 pkt/s) across many consecutive windows with mostly low TCP-flag intensity (dark purple points), consistent with flooding via simple SYN/ACK packets. A few isolated spikes in flag intensity (yellow/teal points) suggest brief variations in flag composition typical of TCP flood attacks that manipulate flag states."
DDoS-TCP_Flood_0001,DDoS-TCP_Flood,2d,DDoS-TCP_Flood,"The traffic shows very high and volatile packet rates (5,000-45,000 pkt/s) consistent with a flooding attack. The protocol mix is nearly 100% TCP throughout, with periodic spikes in ACK flag fraction (and occasional PSH spikes) typical of TCP flood attacks. The packet size statistics show a stable average size with intermittent std spikes, indicating bursts of irregular packet sizes injected during the flood, further supporting a TCP flood classification.",1257,195,"CLASSIFICATION: DDoS-TCP_Flood
JUSTIFICATION: The traffic shows very high and volatile packet rates (5,000-45,000 pkt/s) consistent with a flooding attack. The protocol mix is nearly 100% TCP throughout, with periodic spikes in ACK flag fraction (and occasional PSH spikes) typical of TCP flood attacks. The packet size statistics show a stable average size with intermittent std spikes, indicating bursts of irregular packet sizes injected during the flood, further supporting a TCP flood classification."
DDoS-TCP_Flood_0001,DDoS-TCP_Flood,3d,DDoS-TCP_Flood,"The plot shows sustained high packet rates (20,000-55,000 pkt/s) across nearly all time windows, which is characteristic of a flooding attack rather than normal traffic. One prominent outlier window exhibits a large avg packet size spike alongside high TCP-flag intensity (yellow), indicating a burst of anomalous flagged TCP packets typical of flood attacks. The consistently elevated rates combined with variable TCP-flag intensity across most windows align with the DDoS-TCP_Flood label.",1107,205,"CLASSIFICATION: DDoS-TCP_Flood
JUSTIFICATION: The plot shows sustained high packet rates (20,000-55,000 pkt/s) across nearly all time windows, which is characteristic of a flooding attack rather than normal traffic. One prominent outlier window exhibits a large avg packet size spike alongside high TCP-flag intensity (yellow), indicating a burst of anomalous flagged TCP packets typical of flood attacks. The consistently elevated rates combined with variable TCP-flag intensity across most windows align with the DDoS-TCP_Flood label."
DDoS-TCP_Flood_0002,DDoS-TCP_Flood,2d,DDoS-TCP_Flood,"The traffic shows very high, volatile packet rates (10,000-65,000 pkt/s) sustained across all windows, consistent with a flooding attack. The protocol mix is almost entirely TCP with minimal packet size variation (small avg size ~60 bytes, low std), a hallmark of automated flood packets rather than diverse benign traffic. TCP flag fractions are minimal and sporadic (ack/psh/syn spikes near zero), indicating malformed or minimal handshake behavior typical of flood attacks rather than legitimate connections.",1257,216,"CLASSIFICATION: DDoS-TCP_Flood
JUSTIFICATION: The traffic shows very high, volatile packet rates (10,000-65,000 pkt/s) sustained across all windows, consistent with a flooding attack. The protocol mix is almost entirely TCP with minimal packet size variation (small avg size ~60 bytes, low std), a hallmark of automated flood packets rather than diverse benign traffic. TCP flag fractions are minimal and sporadic (ack/psh/syn spikes near zero), indicating malformed or minimal handshake behavior typical of flood attacks rather than legitimate connections."
DDoS-TCP_Flood_0002,DDoS-TCP_Flood,3d,DDoS-TCP_Flood,"The sample is explicitly labeled DDoS-TCP_Flood_0002, and the data shows the characteristic signature of a TCP flood: consistently high packet rates (10,000-60,000 pkt/s) sustained across most time windows with relatively uniform, low average packet sizes (~60-63 bytes), typical of small TCP control packets used in flooding attacks. The mostly low TCP-flag intensity (dark purple) with occasional spikes indicates repetitive flag patterns (e.g., SYN floods) rather than diverse organic traffic, consistent with automated flood generation.",1107,230,"CLASSIFICATION: DDoS-TCP_Flood
JUSTIFICATION: The sample is explicitly labeled DDoS-TCP_Flood_0002, and the data shows the characteristic signature of a TCP flood: consistently high packet rates (10,000-60,000 pkt/s) sustained across most time windows with relatively uniform, low average packet sizes (~60-63 bytes), typical of small TCP control packets used in flooding attacks. The mostly low TCP-flag intensity (dark purple) with occasional spikes indicates repetitive flag patterns (e.g., SYN floods) rather than diverse organic traffic, consistent with automated flood generation."
DDoS-TCP_Flood_0003,DDoS-TCP_Flood,2d,DDoS-TCP_Flood,"The traffic shows highly volatile packet rates (ranging from ~8,000 to ~67,000 pkt/s) with sharp spikes and drops, consistent with a flooding attack pattern rather than steady benign traffic. The protocol mix is dominated by TCP and HTTP with almost constant proportions, and packet sizes remain uniformly small (~60 bytes) throughout, indicating repetitive flood packets typical of a TCP flood attack.",1257,185,"CLASSIFICATION: DDoS-TCP_Flood
JUSTIFICATION: The traffic shows highly volatile packet rates (ranging from ~8,000 to ~67,000 pkt/s) with sharp spikes and drops, consistent with a flooding attack pattern rather than steady benign traffic. The protocol mix is dominated by TCP and HTTP with almost constant proportions, and packet sizes remain uniformly small (~60 bytes) throughout, indicating repetitive flood packets typical of a TCP flood attack."
DDoS-TCP_Flood_0003,DDoS-TCP_Flood,3d,DDoS-TCP_Flood,"The plot title and sample ID explicitly identify this as a DDoS-TCP_Flood capture. The data shows sustained high packet rates (10,000-70,000 pkt/s) across most windows with consistent avg packet sizes (~60 bytes), typical of small TCP flood packets. The uniform teal coloring indicates consistent TCP-flag intensity across windows, consistent with automated flood traffic rather than varied benign application behavior.",1107,181,"CLASSIFICATION: DDoS-TCP_Flood
JUSTIFICATION: The plot title and sample ID explicitly identify this as a DDoS-TCP_Flood capture. The data shows sustained high packet rates (10,000-70,000 pkt/s) across most windows with consistent avg packet sizes (~60 bytes), typical of small TCP flood packets. The uniform teal coloring indicates consistent TCP-flag intensity across windows, consistent with automated flood traffic rather than varied benign application behavior."
DDoS-TCP_Flood_0004,DDoS-TCP_Flood,2d,DDoS-TCP_Flood,"The traffic shows very high, volatile packet rates (10,000-55,000 pkt/s) sustained across all windows, consistent with a flooding attack. The protocol mix is almost entirely TCP with minimal packet size variation (~60 bytes average), typical of scripted flood packets rather than diverse benign traffic. The brief spike in ACK/fin/psh flag fractions around window 22 further indicates TCP-based flood behavior with connection state manipulation.",1257,188,"CLASSIFICATION: DDoS-TCP_Flood
JUSTIFICATION: The traffic shows very high, volatile packet rates (10,000-55,000 pkt/s) sustained across all windows, consistent with a flooding attack. The protocol mix is almost entirely TCP with minimal packet size variation (~60 bytes average), typical of scripted flood packets rather than diverse benign traffic. The brief spike in ACK/fin/psh flag fractions around window 22 further indicates TCP-based flood behavior with connection state manipulation."
DDoS-TCP_Flood_0004,DDoS-TCP_Flood,3d,DDoS-TCP_Flood,"The plot title and consistent, sustained high packet rates (10,000-60,000 pkt/s) across nearly all time windows are characteristic of a flooding attack rather than normal traffic bursts. The nearly uniform low TCP-flag intensity (mostly dark purple) suggests repetitive, automated packet generation typical of flood attacks, with one anomalous spike (yellow point) indicating a brief change in flag usage. The stable avg packet size (~60-62 bytes) across all windows further supports a scripted, high-volume TCP flood pattern rather than organic benign traffic variability.",1107,230,"CLASSIFICATION: DDoS-TCP_Flood
JUSTIFICATION: The plot title and consistent, sustained high packet rates (10,000-60,000 pkt/s) across nearly all time windows are characteristic of a flooding attack rather than normal traffic bursts. The nearly uniform low TCP-flag intensity (mostly dark purple) suggests repetitive, automated packet generation typical of flood attacks, with one anomalous spike (yellow point) indicating a brief change in flag usage. The stable avg packet size (~60-62 bytes) across all windows further supports a scripted, high-volume TCP flood pattern rather than organic benign traffic variability."
Backdoor_Malware_0000,Backdoor_Malware,2d,Backdoor_Malware,"The traffic shows irregular, bursty packet rates with high variability rather than a sustained flood pattern typical of DoS/DDoS attacks. The protocol mix is diverse (TCP, UDP, HTTP, HTTPS, ICMP, DNS all present) with mixed TCP flags (fin, syn, psh, ack) rather than a single dominant flag type, indicating varied legitimate-looking application traffic consistent with backdoor C2 communication. The packet size spike near window 15 suggests occasional large data exfiltration or command transfer typical of backdoor malware behavior.",1634,227,"CLASSIFICATION: Backdoor_Malware
JUSTIFICATION: The traffic shows irregular, bursty packet rates with high variability rather than a sustained flood pattern typical of DoS/DDoS attacks. The protocol mix is diverse (TCP, UDP, HTTP, HTTPS, ICMP, DNS all present) with mixed TCP flags (fin, syn, psh, ack) rather than a single dominant flag type, indicating varied legitimate-looking application traffic consistent with backdoor C2 communication. The packet size spike near window 15 suggests occasional large data exfiltration or command transfer typical of backdoor malware behavior."
Backdoor_Malware_0000,Backdoor_Malware,3d,Backdoor_Malware,"The traffic shows low, irregular packet rates (mostly under 40 pkt/s) with highly variable packet sizes ranging from ~80 to over 600 bytes, indicative of sporadic command-and-control or data exfiltration behavior rather than flooding. The TCP-flag intensity varies widely across windows (from near 0 to over 1.0), suggesting mixed connection states typical of backdoor communication rather than a uniform attack pattern. This irregular, low-volume, bursty profile aligns with Backdoor_Malware traffic rather than DDoS or scanning activities.",1484,225,"CLASSIFICATION: Backdoor_Malware
JUSTIFICATION: The traffic shows low, irregular packet rates (mostly under 40 pkt/s) with highly variable packet sizes ranging from ~80 to over 600 bytes, indicative of sporadic command-and-control or data exfiltration behavior rather than flooding. The TCP-flag intensity varies widely across windows (from near 0 to over 1.0), suggesting mixed connection states typical of backdoor communication rather than a uniform attack pattern. This irregular, low-volume, bursty profile aligns with Backdoor_Malware traffic rather than DDoS or scanning activities."
Backdoor_Malware_0001,Backdoor_Malware,2d,Backdoor_Malware,"The traffic shows a brief, isolated spike in packet rate rather than a sustained flood, indicating low-volume, intermittent activity typical of backdoor communication. The protocol mix is dominated by TCP/HTTPS with a mix of PSH/ACK flags, consistent with command-and-control style traffic rather than a volumetric DDoS or scan pattern. Packet sizes vary irregularly with occasional large bursts, matching backdoor payload exchanges rather than uniform flood packets.",1634,197,"CLASSIFICATION: Backdoor_Malware
JUSTIFICATION: The traffic shows a brief, isolated spike in packet rate rather than a sustained flood, indicating low-volume, intermittent activity typical of backdoor communication. The protocol mix is dominated by TCP/HTTPS with a mix of PSH/ACK flags, consistent with command-and-control style traffic rather than a volumetric DDoS or scan pattern. Packet sizes vary irregularly with occasional large bursts, matching backdoor payload exchanges rather than uniform flood packets."
Backdoor_Malware_0001,Backdoor_Malware,3d,Backdoor_Malware,"The traffic shows low, variable packet rates with fluctuating packet sizes across windows, indicating irregular, low-volume communication rather than a flood pattern. The moderate TCP-flag intensity and mixed protocol shares suggest command-and-control style traffic typical of backdoor malware, rather than the high-rate, uniform patterns seen in DDoS or scanning attacks.",1484,158,"CLASSIFICATION: Backdoor_Malware
JUSTIFICATION: The traffic shows low, variable packet rates with fluctuating packet sizes across windows, indicating irregular, low-volume communication rather than a flood pattern. The moderate TCP-flag intensity and mixed protocol shares suggest command-and-control style traffic typical of backdoor malware, rather than the high-rate, uniform patterns seen in DDoS or scanning attacks."
Backdoor_Malware_0002,Backdoor_Malware,2d,Backdoor_Malware,"The traffic shows irregular, bursty packet rates rather than a sustained flood pattern, with a mixed protocol composition (TCP, UDP, HTTP, HTTPS, DNS) rather than a single dominant protocol typical of DDoS/DoS attacks. The TCP flags show varying ACK/PSH fractions consistent with established sessions, and there's a notable packet size spike around window 13 suggesting data exfiltration or command-and-control communication typical of backdoor malware behavior.",1634,197,"CLASSIFICATION: Backdoor_Malware
JUSTIFICATION: The traffic shows irregular, bursty packet rates rather than a sustained flood pattern, with a mixed protocol composition (TCP, UDP, HTTP, HTTPS, DNS) rather than a single dominant protocol typical of DDoS/DoS attacks. The TCP flags show varying ACK/PSH fractions consistent with established sessions, and there's a notable packet size spike around window 13 suggesting data exfiltration or command-and-control communication typical of backdoor malware behavior."
Backdoor_Malware_0002,Backdoor_Malware,3d,Backdoor_Malware,"The traffic shows sparse, irregular windows with low packet rates (mostly under 175 pkt/s) and highly variable packet sizes ranging from small to very large (600+), unlike the uniform flood patterns typical of DDoS attacks. The TCP-flag intensity varies significantly across windows (from near 0 to 1.7), suggesting mixed connection states consistent with backdoor command-and-control communication rather than a single attack vector. This irregular, low-volume pattern with varied protocol/flag composition is characteristic of backdoor malware traffic.",1484,216,"CLASSIFICATION: Backdoor_Malware
JUSTIFICATION: The traffic shows sparse, irregular windows with low packet rates (mostly under 175 pkt/s) and highly variable packet sizes ranging from small to very large (600+), unlike the uniform flood patterns typical of DDoS attacks. The TCP-flag intensity varies significantly across windows (from near 0 to 1.7), suggesting mixed connection states consistent with backdoor command-and-control communication rather than a single attack vector. This irregular, low-volume pattern with varied protocol/flag composition is characteristic of backdoor malware traffic."
Backdoor_Malware_0003,Backdoor_Malware,2d,Backdoor_Malware,"The traffic shows variable packet rates with irregular spikes, a mixed protocol distribution (TCP, UDP, HTTP, HTTPS, ICMP, DNS) rather than a single dominant flood protocol, and diverse TCP flag usage (psh/ack dominant with occasional syn/fin) indicating established sessions rather than flood attack patterns. Packet sizes also vary widely and correlate with protocol shifts, consistent with backdoor command-and-control style traffic rather than DoS/DDoS or scanning behavior.",1634,212,"CLASSIFICATION: Backdoor_Malware
JUSTIFICATION: The traffic shows variable packet rates with irregular spikes, a mixed protocol distribution (TCP, UDP, HTTP, HTTPS, ICMP, DNS) rather than a single dominant flood protocol, and diverse TCP flag usage (psh/ack dominant with occasional syn/fin) indicating established sessions rather than flood attack patterns. Packet sizes also vary widely and correlate with protocol shifts, consistent with backdoor command-and-control style traffic rather than DoS/DDoS or scanning behavior."
Backdoor_Malware_0003,Backdoor_Malware,3d,Backdoor_Malware,"The traffic shows low, irregular packet rates (mostly under 100 pkt/s) with highly variable packet sizes ranging from small to over 800 bytes, indicating sporadic, non-flooding behavior typical of command-and-control communication. The varying TCP-flag intensity and protocol mix across windows, rather than a consistent flood pattern, suggests intermittent backdoor activity rather than a volumetric DoS/DDoS or scanning attack.",1484,183,"CLASSIFICATION: Backdoor_Malware
JUSTIFICATION: The traffic shows low, irregular packet rates (mostly under 100 pkt/s) with highly variable packet sizes ranging from small to over 800 bytes, indicating sporadic, non-flooding behavior typical of command-and-control communication. The varying TCP-flag intensity and protocol mix across windows, rather than a consistent flood pattern, suggests intermittent backdoor activity rather than a volumetric DoS/DDoS or scanning attack."
Backdoor_Malware_0004,Backdoor_Malware,2d,Backdoor_Malware,"The traffic shows a mixed protocol profile dominated by TCP/HTTPS with intermittent HTTP, UDP, ICMP, and DNS activity rather than a single flood pattern. TCP flags show mostly ACK dominance with sporadic PSH/SYN/FIN, consistent with irregular command-and-control style communication rather than a volumetric DoS/DDoS attack. The rate spikes are moderate and variable (not sustained high-rate flooding), and packet sizes vary widely, matching backdoor malware traffic behavior.",1634,214,"CLASSIFICATION: Backdoor_Malware
JUSTIFICATION: The traffic shows a mixed protocol profile dominated by TCP/HTTPS with intermittent HTTP, UDP, ICMP, and DNS activity rather than a single flood pattern. TCP flags show mostly ACK dominance with sporadic PSH/SYN/FIN, consistent with irregular command-and-control style communication rather than a volumetric DoS/DDoS attack. The rate spikes are moderate and variable (not sustained high-rate flooding), and packet sizes vary widely, matching backdoor malware traffic behavior."
Backdoor_Malware_0004,Backdoor_Malware,3d,Backdoor_Malware,"The traffic shows low, variable packet rates with high variance in average packet size across windows, rather than the sustained high-rate flood pattern typical of DDoS/DoS attacks. TCP-flag intensity and dominant-protocol share fluctuate irregularly window-to-window, consistent with sporadic backdoor command-and-control communication rather than scanning or flooding behavior. The lack of a consistent, high-magnitude rate spike rules out volumetric attacks.",1484,186,"CLASSIFICATION: Backdoor_Malware
JUSTIFICATION: The traffic shows low, variable packet rates with high variance in average packet size across windows, rather than the sustained high-rate flood pattern typical of DDoS/DoS attacks. TCP-flag intensity and dominant-protocol share fluctuate irregularly window-to-window, consistent with sporadic backdoor command-and-control communication rather than scanning or flooding behavior. The lack of a consistent, high-magnitude rate spike rules out volumetric attacks."
BrowserHijacking_0000,BrowserHijacking,2d,BrowserHijacking,"The traffic shows variable, bursty packet rates with mixed TCP flags (ack/psh dominant, some syn/fin), a protocol mix dominated by HTTP/HTTPS with TCP underneath, and fluctuating packet sizes with occasional large spikes—consistent with interactive browser-based command-and-control activity rather than a flood or scan pattern. This matches the expected profile of BrowserHijacking traffic in the CIC-IoT-2023 dataset.",1634,189,"CLASSIFICATION: BrowserHijacking
JUSTIFICATION: The traffic shows variable, bursty packet rates with mixed TCP flags (ack/psh dominant, some syn/fin), a protocol mix dominated by HTTP/HTTPS with TCP underneath, and fluctuating packet sizes with occasional large spikes—consistent with interactive browser-based command-and-control activity rather than a flood or scan pattern. This matches the expected profile of BrowserHijacking traffic in the CIC-IoT-2023 dataset."
BrowserHijacking_0000,BrowserHijacking,3d,BrowserHijacking,"The traffic shows low, irregular packet rates with high variability in packet sizes (ranging from small to 1400+ bytes) across a moderate window sequence, consistent with sporadic browser redirection/hijacking activity rather than a flood attack. The TCP-flag intensity and protocol shares vary significantly between windows, indicating mixed application-layer traffic rather than uniform attack patterns. This irregular, low-rate, high-size-variance pattern matches the expected signature of BrowserHijacking traffic.",1484,200,"CLASSIFICATION: BrowserHijacking
JUSTIFICATION: The traffic shows low, irregular packet rates with high variability in packet sizes (ranging from small to 1400+ bytes) across a moderate window sequence, consistent with sporadic browser redirection/hijacking activity rather than a flood attack. The TCP-flag intensity and protocol shares vary significantly between windows, indicating mixed application-layer traffic rather than uniform attack patterns. This irregular, low-rate, high-size-variance pattern matches the expected signature of BrowserHijacking traffic."
BrowserHijacking_0001,BrowserHijacking,2d,BrowserHijacking,"The traffic shows a moderate, bursty rate spike (peaking ~1300 pkt/s) rather than a sustained flood, with a mixed protocol profile dominated by TCP/HTTPS/HTTP and notable ACK/PSH flag activity. The packet size spikes to very large values (up to ~3000 bytes) coinciding with the rate surge, consistent with browser-based session hijacking traffic involving large HTTP/HTTPS payloads rather than a pure DoS/DDoS flood pattern.",1634,203,"CLASSIFICATION: BrowserHijacking
JUSTIFICATION: The traffic shows a moderate, bursty rate spike (peaking ~1300 pkt/s) rather than a sustained flood, with a mixed protocol profile dominated by TCP/HTTPS/HTTP and notable ACK/PSH flag activity. The packet size spikes to very large values (up to ~3000 bytes) coinciding with the rate surge, consistent with browser-based session hijacking traffic involving large HTTP/HTTPS payloads rather than a pure DoS/DDoS flood pattern."
BrowserHijacking_0001,BrowserHijacking,3d,BrowserHijacking,"The traffic shows low, irregular packet rates (mostly under 1300 pkt/s) with highly variable packet sizes ranging from small to very large (up to ~3000 bytes), indicative of interactive web browsing sessions being hijacked. The TCP-flag intensity varies considerably across windows, suggesting mixed connection states typical of hijacked browser sessions establishing and tearing down connections rather than a uniform flood pattern. The sparse, non-uniform temporal pattern with occasional large payloads is consistent with browser-based exploitation rather than volumetric DoS/DDoS attacks.",1484,231,"CLASSIFICATION: BrowserHijacking
JUSTIFICATION: The traffic shows low, irregular packet rates (mostly under 1300 pkt/s) with highly variable packet sizes ranging from small to very large (up to ~3000 bytes), indicative of interactive web browsing sessions being hijacked. The TCP-flag intensity varies considerably across windows, suggesting mixed connection states typical of hijacked browser sessions establishing and tearing down connections rather than a uniform flood pattern. The sparse, non-uniform temporal pattern with occasional large payloads is consistent with browser-based exploitation rather than volumetric DoS/DDoS attacks."
BrowserHijacking_0002,BrowserHijacking,2d,BrowserHijacking,"The traffic shows low, stable packet rates for most windows with a few sharp spikes (up to 8000 pkt/s), consistent with browser-based redirection bursts rather than sustained flooding. The protocol mix is dominated by TCP/HTTPS/HTTP with intermittent ICMP/DNS, and PSH/ACK flags dominate over SYN/FIN, indicating established application-layer sessions typical of hijacked browser sessions making periodic web requests rather than a DoS/DDoS or scan pattern.",1634,205,"CLASSIFICATION: BrowserHijacking
JUSTIFICATION: The traffic shows low, stable packet rates for most windows with a few sharp spikes (up to 8000 pkt/s), consistent with browser-based redirection bursts rather than sustained flooding. The protocol mix is dominated by TCP/HTTPS/HTTP with intermittent ICMP/DNS, and PSH/ACK flags dominate over SYN/FIN, indicating established application-layer sessions typical of hijacked browser sessions making periodic web requests rather than a DoS/DDoS or scan pattern."
BrowserHijacking_0002,BrowserHijacking,3d,BrowserHijacking,"The traffic shows low, irregular packet rates (mostly under 2000 pkt/s) with varying packet sizes and mixed TCP flag intensities, consistent with intermittent browser hijacking activity rather than a high-volume flood attack. The scattered pattern across time windows with occasional large packet size spikes suggests sporadic malicious redirects or command traffic typical of browser hijacking rather than reconnaissance or DDoS patterns.",1484,178,"CLASSIFICATION: BrowserHijacking
JUSTIFICATION: The traffic shows low, irregular packet rates (mostly under 2000 pkt/s) with varying packet sizes and mixed TCP flag intensities, consistent with intermittent browser hijacking activity rather than a high-volume flood attack. The scattered pattern across time windows with occasional large packet size spikes suggests sporadic malicious redirects or command traffic typical of browser hijacking rather than reconnaissance or DDoS patterns."
BrowserHijacking_0003,BrowserHijacking,2d,BrowserHijacking,"The traffic shows a high initial rate spike that quickly decays into a bursty, irregular pattern rather than a sustained flood, consistent with browser hijacking activity. The protocol mix is dominated by HTTP/HTTPS traffic alongside TCP, with ACK flags being prominent (often near 1.0), indicating established web sessions typical of hijacked browser redirects. Packet sizes fluctuate significantly with occasional large spikes (~1000-1600 bytes), suggesting variable web content transfers rather than uniform attack packets.",1634,212,"CLASSIFICATION: BrowserHijacking
JUSTIFICATION: The traffic shows a high initial rate spike that quickly decays into a bursty, irregular pattern rather than a sustained flood, consistent with browser hijacking activity. The protocol mix is dominated by HTTP/HTTPS traffic alongside TCP, with ACK flags being prominent (often near 1.0), indicating established web sessions typical of hijacked browser redirects. Packet sizes fluctuate significantly with occasional large spikes (~1000-1600 bytes), suggesting variable web content transfers rather than uniform attack packets."
BrowserHijacking_0003,BrowserHijacking,3d,BrowserHijacking,"The traffic shows irregular, low-rate packet windows with high variability in average packet size (ranging from ~50 to over 1400 bytes) and moderate TCP-flag intensity, consistent with interactive browser-based sessions rather than flood-type attacks. The scattered, non-uniform pattern across time windows with varying dominant-protocol shares suggests legitimate but hijacked browser communication rather than a volumetric or scanning attack signature.",1484,178,"CLASSIFICATION: BrowserHijacking
JUSTIFICATION: The traffic shows irregular, low-rate packet windows with high variability in average packet size (ranging from ~50 to over 1400 bytes) and moderate TCP-flag intensity, consistent with interactive browser-based sessions rather than flood-type attacks. The scattered, non-uniform pattern across time windows with varying dominant-protocol shares suggests legitimate but hijacked browser communication rather than a volumetric or scanning attack signature."
BrowserHijacking_0004,BrowserHijacking,2d,BrowserHijacking,"The traffic shows irregular, bursty packet rates with mixed TCP flags (fin, syn, psh, ack combinations) rather than a single dominant flood pattern, indicating legitimate but erratic browsing-like behavior. The protocol mix is dominated by HTTP/HTTPS traffic alongside TCP/UDP/DNS, consistent with web browsing activity being hijacked or redirected. Variable packet sizes and non-uniform flag ratios further suggest interactive application-layer traffic rather than a volumetric DoS/DDoS or reconnaissance scan.",1634,225,"CLASSIFICATION: BrowserHijacking
JUSTIFICATION: The traffic shows irregular, bursty packet rates with mixed TCP flags (fin, syn, psh, ack combinations) rather than a single dominant flood pattern, indicating legitimate but erratic browsing-like behavior. The protocol mix is dominated by HTTP/HTTPS traffic alongside TCP/UDP/DNS, consistent with web browsing activity being hijacked or redirected. Variable packet sizes and non-uniform flag ratios further suggest interactive application-layer traffic rather than a volumetric DoS/DDoS or reconnaissance scan."
BrowserHijacking_0004,BrowserHijacking,3d,BrowserHijacking,"The traffic shows low, variable packet rates (mostly under 400 pkt/s) with highly variable packet sizes ranging from near 0 to over 1400 bytes, indicating irregular application-layer browsing-like behavior rather than a flood pattern. The TCP-flag intensity varies moderately across windows without a dominant single flag type, consistent with legitimate but redirected/hijacked browser sessions rather than a scripted attack signature.",1484,177,"CLASSIFICATION: BrowserHijacking
JUSTIFICATION: The traffic shows low, variable packet rates (mostly under 400 pkt/s) with highly variable packet sizes ranging from near 0 to over 1400 bytes, indicating irregular application-layer browsing-like behavior rather than a flood pattern. The TCP-flag intensity varies moderately across windows without a dominant single flag type, consistent with legitimate but redirected/hijacked browser sessions rather than a scripted attack signature."
CommandInjection_0000,CommandInjection,2d,CommandInjection,"The traffic shows irregular, bursty packet rates with no sustained flood pattern, and a diverse protocol mix (TCP, UDP, HTTP, HTTPS, ICMP, DNS) rather than a single dominant protocol typical of DDoS/DoS attacks. TCP flags show mixed ACK/PSH dominance without SYN flood or RST flood signatures. Packet size spikes intermittently (e.g., around windows 5 and 26) suggesting occasional large payloads consistent with injected command strings rather than volumetric attack traffic.",1634,215,"CLASSIFICATION: CommandInjection
JUSTIFICATION: The traffic shows irregular, bursty packet rates with no sustained flood pattern, and a diverse protocol mix (TCP, UDP, HTTP, HTTPS, ICMP, DNS) rather than a single dominant protocol typical of DDoS/DoS attacks. TCP flags show mixed ACK/PSH dominance without SYN flood or RST flood signatures. Packet size spikes intermittently (e.g., around windows 5 and 26) suggesting occasional large payloads consistent with injected command strings rather than volumetric attack traffic."
CommandInjection_0000,CommandInjection,3d,CommandInjection,"The traffic shows low, variable packet rates (20-110 pkt/s) with highly variable packet sizes (80-400 bytes) across the time windows, consistent with irregular application-layer interactions rather than flood-type attacks. The mixed TCP-flag intensities and varying dominant-protocol shares suggest sporadic command-based payloads typical of command injection attempts rather than sustained volumetric traffic.",1484,165,"CLASSIFICATION: CommandInjection
JUSTIFICATION: The traffic shows low, variable packet rates (20-110 pkt/s) with highly variable packet sizes (80-400 bytes) across the time windows, consistent with irregular application-layer interactions rather than flood-type attacks. The mixed TCP-flag intensities and varying dominant-protocol shares suggest sporadic command-based payloads typical of command injection attempts rather than sustained volumetric traffic."
CommandInjection_0001,CommandInjection,2d,CommandInjection,"The traffic shows irregular, bursty packet rates (20-280 pkt/s) without a sustained flood pattern typical of DoS/DDoS attacks. The protocol mix is dominated by HTTP/HTTPS with mixed TCP flags (ack and psh prevalent), consistent with application-layer command injection attempts over HTTP(S). Packet sizes are mostly small and stable with occasional spikes, matching request/response exchanges rather than volumetric flooding.",1634,187,"CLASSIFICATION: CommandInjection
JUSTIFICATION: The traffic shows irregular, bursty packet rates (20-280 pkt/s) without a sustained flood pattern typical of DoS/DDoS attacks. The protocol mix is dominated by HTTP/HTTPS with mixed TCP flags (ack and psh prevalent), consistent with application-layer command injection attempts over HTTP(S). Packet sizes are mostly small and stable with occasional spikes, matching request/response exchanges rather than volumetric flooding."
CommandInjection_0001,CommandInjection,3d,CommandInjection,"The traffic shows sporadic, low-rate windows (mostly under 50 pkt/s) with highly variable packet sizes ranging from small to very large spikes, consistent with interactive command injection sessions rather than flooding attacks. The TCP-flag intensity varies across windows without a dominant single-flag pattern, and the irregular timing pattern with occasional large packet bursts suggests application-layer exploitation rather than volumetric DDoS or reconnaissance scanning.",1484,186,"CLASSIFICATION: CommandInjection
JUSTIFICATION: The traffic shows sporadic, low-rate windows (mostly under 50 pkt/s) with highly variable packet sizes ranging from small to very large spikes, consistent with interactive command injection sessions rather than flooding attacks. The TCP-flag intensity varies across windows without a dominant single-flag pattern, and the irregular timing pattern with occasional large packet bursts suggests application-layer exploitation rather than volumetric DDoS or reconnaissance scanning."
CommandInjection_0002,CommandInjection,2d,CommandInjection,"The traffic shows a mixed protocol composition (TCP, UDP, HTTP, HTTPS, ICMP, DNS) rather than a single dominant flood pattern, with moderate and variable packet rates (20-250 pkt/s) rather than sustained high-volume flooding. TCP flags show a mix of ACK and PSH dominance without the pure SYN or RST flood signatures typical of DoS attacks. The variable packet sizes and diverse protocol mix are consistent with application-layer exploitation traffic like command injection rather than volumetric network attacks.",1634,217,"CLASSIFICATION: CommandInjection
JUSTIFICATION: The traffic shows a mixed protocol composition (TCP, UDP, HTTP, HTTPS, ICMP, DNS) rather than a single dominant flood pattern, with moderate and variable packet rates (20-250 pkt/s) rather than sustained high-volume flooding. TCP flags show a mix of ACK and PSH dominance without the pure SYN or RST flood signatures typical of DoS attacks. The variable packet sizes and diverse protocol mix are consistent with application-layer exploitation traffic like command injection rather than volumetric network attacks."
CommandInjection_0002,CommandInjection,3d,CommandInjection,"The traffic shows low, variable packet rates (mostly under 100 pkt/s) with fluctuating average packet sizes and mixed TCP-flag intensity, consistent with sporadic application-layer command injection attempts rather than a high-volume flood pattern. The irregular window-to-window variation in protocol share and packet size also suggests interactive, low-rate exploit traffic rather than automated scanning or DDoS activity.",1484,169,"CLASSIFICATION: CommandInjection
JUSTIFICATION: The traffic shows low, variable packet rates (mostly under 100 pkt/s) with fluctuating average packet sizes and mixed TCP-flag intensity, consistent with sporadic application-layer command injection attempts rather than a high-volume flood pattern. The irregular window-to-window variation in protocol share and packet size also suggests interactive, low-rate exploit traffic rather than automated scanning or DDoS activity."
CommandInjection_0003,CommandInjection,2d,CommandInjection,"The traffic shows low, irregular packet rates with a single brief spike, consistent with sporadic command injection attempts rather than a sustained flood. TCP flags show a mix of ACK and PSH dominance without SYN/RST floods, and the protocol mix (TCP/HTTP/HTTPS blend) suggests application-layer interaction rather than volumetric attack traffic. Packet sizes are variable but not extreme, matching typical exploit payload behavior.",1634,182,"CLASSIFICATION: CommandInjection
JUSTIFICATION: The traffic shows low, irregular packet rates with a single brief spike, consistent with sporadic command injection attempts rather than a sustained flood. TCP flags show a mix of ACK and PSH dominance without SYN/RST floods, and the protocol mix (TCP/HTTP/HTTPS blend) suggests application-layer interaction rather than volumetric attack traffic. Packet sizes are variable but not extreme, matching typical exploit payload behavior."
CommandInjection_0003,CommandInjection,3d,CommandInjection,"The traffic shows a low, irregular packet rate with varying packet sizes and mixed TCP flag intensity across windows, consistent with sporadic command injection attempts rather than a high-volume flood. There is no evidence of the massive, uniform packet rates typical of DDoS/DoS attacks, and the variability in protocol share and packet size suggests interactive, application-layer exploitation traffic.",1484,159,"CLASSIFICATION: CommandInjection
JUSTIFICATION: The traffic shows a low, irregular packet rate with varying packet sizes and mixed TCP flag intensity across windows, consistent with sporadic command injection attempts rather than a high-volume flood. There is no evidence of the massive, uniform packet rates typical of DDoS/DoS attacks, and the variability in protocol share and packet size suggests interactive, application-layer exploitation traffic."
CommandInjection_0004,CommandInjection,2d,CommandInjection,"The traffic shows low, irregular packet rates (mostly 20-90 pkt/s) with a single brief spike, consistent with sporadic command-and-control style interaction rather than a flood attack. The protocol mix is diverse (TCP/UDP/HTTP/HTTPS/ICMP/DNS) and TCP flags show mixed PSH/ACK dominance without a single overwhelming flag type, indicating normal session-like behavior rather than a scan or DDoS pattern. Packet size spikes align with the rate spikes, suggesting occasional larger payloads typical of injected command responses.",1634,227,"CLASSIFICATION: CommandInjection
JUSTIFICATION: The traffic shows low, irregular packet rates (mostly 20-90 pkt/s) with a single brief spike, consistent with sporadic command-and-control style interaction rather than a flood attack. The protocol mix is diverse (TCP/UDP/HTTP/HTTPS/ICMP/DNS) and TCP flags show mixed PSH/ACK dominance without a single overwhelming flag type, indicating normal session-like behavior rather than a scan or DDoS pattern. Packet size spikes align with the rate spikes, suggesting occasional larger payloads typical of injected command responses."
CommandInjection_0004,CommandInjection,3d,CommandInjection,"The traffic shows irregular, sparse packet rates with variable packet sizes and inconsistent TCP-flag intensity across windows, indicating sporadic application-layer interactions rather than a flood pattern. The lack of a sustained high-rate or uniform signature rules out DoS/DDoS attacks, and the moderate, scattered protocol/flag mix is consistent with command injection attempts embedded in normal-looking traffic.",1484,171,"CLASSIFICATION: CommandInjection
JUSTIFICATION: The traffic shows irregular, sparse packet rates with variable packet sizes and inconsistent TCP-flag intensity across windows, indicating sporadic application-layer interactions rather than a flood pattern. The lack of a sustained high-rate or uniform signature rules out DoS/DDoS attacks, and the moderate, scattered protocol/flag mix is consistent with command injection attempts embedded in normal-looking traffic."
DDoS-ACK_Fragmentation_0000,DDoS-ACK_Fragmentation,2d,DDoS-ACK_Fragmentation,"The traffic shows dominant ACK flag fraction (~0.45-0.5) with negligible SYN/FIN/RST/PSH flags, consistent with ACK-based fragmentation flooding. Protocol mix is predominantly TCP with occasional UDP/DNS spikes, and packet rates are volatile and high (1000-6000 pkt/s), typical of a flooding attack pattern rather than benign traffic.",1634,178,"CLASSIFICATION: DDoS-ACK_Fragmentation
JUSTIFICATION: The traffic shows dominant ACK flag fraction (~0.45-0.5) with negligible SYN/FIN/RST/PSH flags, consistent with ACK-based fragmentation flooding. Protocol mix is predominantly TCP with occasional UDP/DNS spikes, and packet rates are volatile and high (1000-6000 pkt/s), typical of a flooding attack pattern rather than benign traffic."
DDoS-ACK_Fragmentation_0000,DDoS-ACK_Fragmentation,3d,DDoS-ACK_Fragmentation,"The traffic shows consistent packet rates across multiple time windows with moderate TCP-flag intensity (~0.42-0.51) and relatively uniform average packet sizes (750-950 bytes), consistent with fragmented ACK flood patterns. The dominant-protocol share remains fairly stable across windows, indicating a sustained flooding attack rather than varied reconnaissance or benign traffic. This pattern matches the labeled sample source of DDoS-ACK_Fragmentation.",1484,200,"CLASSIFICATION: DDoS-ACK_Fragmentation
JUSTIFICATION: The traffic shows consistent packet rates across multiple time windows with moderate TCP-flag intensity (~0.42-0.51) and relatively uniform average packet sizes (750-950 bytes), consistent with fragmented ACK flood patterns. The dominant-protocol share remains fairly stable across windows, indicating a sustained flooding attack rather than varied reconnaissance or benign traffic. This pattern matches the labeled sample source of DDoS-ACK_Fragmentation."
DDoS-ACK_Fragmentation_0001,DDoS-ACK_Fragmentation,2d,DDoS-ACK_Fragmentation,"The traffic shows a TCP-dominant protocol mix with ACK flag fraction consistently high (~0.5) while other flags (fin, syn, rst, psh) remain near zero, indicative of ACK-based fragmentation flooding. The packet rate is bursty and variable, and the fairly large, stable average packet size (~800-950 bytes) with moderate std deviation is consistent with fragmented ACK packets rather than small SYN/RST floods.",1634,188,"CLASSIFICATION: DDoS-ACK_Fragmentation
JUSTIFICATION: The traffic shows a TCP-dominant protocol mix with ACK flag fraction consistently high (~0.5) while other flags (fin, syn, rst, psh) remain near zero, indicative of ACK-based fragmentation flooding. The packet rate is bursty and variable, and the fairly large, stable average packet size (~800-950 bytes) with moderate std deviation is consistent with fragmented ACK packets rather than small SYN/RST floods."
DDoS-ACK_Fragmentation_0001,DDoS-ACK_Fragmentation,3d,DDoS-ACK_Fragmentation,"The visualization is explicitly labeled as a DDoS-ACK_Fragmentation sample, showing consistent packet rates with varying TCP-flag intensity across sequential windows. The scattered avg packet sizes (800-940 bytes) and moderate flag intensity values (0.44-0.60) are consistent with fragmented ACK packet patterns typical of this attack type.",1484,162,"CLASSIFICATION: DDoS-ACK_Fragmentation
JUSTIFICATION: The visualization is explicitly labeled as a DDoS-ACK_Fragmentation sample, showing consistent packet rates with varying TCP-flag intensity across sequential windows. The scattered avg packet sizes (800-940 bytes) and moderate flag intensity values (0.44-0.60) are consistent with fragmented ACK packet patterns typical of this attack type."
DDoS-ACK_Fragmentation_0002,DDoS-ACK_Fragmentation,2d,DDoS-ACK_Fragmentation,"The traffic shows a dominant ACK flag fraction (~0.5) with minimal SYN/FIN/RST/PSH activity, consistent with ACK-based fragmentation attacks. The protocol mix is mostly TCP with a brief spike in UDP/DNS around window 22, and packet rate/size remain fairly stable with fluctuations typical of fragmented ACK flooding.",1634,167,"CLASSIFICATION: DDoS-ACK_Fragmentation
JUSTIFICATION: The traffic shows a dominant ACK flag fraction (~0.5) with minimal SYN/FIN/RST/PSH activity, consistent with ACK-based fragmentation attacks. The protocol mix is mostly TCP with a brief spike in UDP/DNS around window 22, and packet rate/size remain fairly stable with fluctuations typical of fragmented ACK flooding."
DDoS-ACK_Fragmentation_0002,DDoS-ACK_Fragmentation,3d,DDoS-ACK_Fragmentation,"The traffic shows consistently low packet rates (~1000-2000 pkt/s) with large, variable packet sizes (800-950 bytes) across the time window, consistent with fragmented ACK packets. The TCP-flag intensity remains moderate-to-high (green/yellow coloring) with one anomalous low-intensity outlier, and the dominant-protocol share stays fairly stable, matching the fragmentation attack pattern where reassembly overhead creates size variability without extreme rate spikes typical of volumetric floods.",1484,211,"CLASSIFICATION: DDoS-ACK_Fragmentation
JUSTIFICATION: The traffic shows consistently low packet rates (~1000-2000 pkt/s) with large, variable packet sizes (800-950 bytes) across the time window, consistent with fragmented ACK packets. The TCP-flag intensity remains moderate-to-high (green/yellow coloring) with one anomalous low-intensity outlier, and the dominant-protocol share stays fairly stable, matching the fragmentation attack pattern where reassembly overhead creates size variability without extreme rate spikes typical of volumetric floods."
DDoS-ACK_Fragmentation_0003,DDoS-ACK_Fragmentation,2d,DDoS-ACK_Fragmentation,"The TCP flag fraction is dominated almost entirely by ACK flags (~0.5) with negligible SYN/FIN/RST/PSH, consistent with ACK-based flooding/fragmentation traffic. The protocol mix shows a stable TCP-dominant composition with a brief UDP/DNS spike around window 7, and packet sizes remain high and fairly consistent (~900 bytes) except for a dip coinciding with the protocol anomaly, matching fragmented ACK packet behavior.",1634,205,"CLASSIFICATION: DDoS-ACK_Fragmentation
JUSTIFICATION: The TCP flag fraction is dominated almost entirely by ACK flags (~0.5) with negligible SYN/FIN/RST/PSH, consistent with ACK-based flooding/fragmentation traffic. The protocol mix shows a stable TCP-dominant composition with a brief UDP/DNS spike around window 7, and packet sizes remain high and fairly consistent (~900 bytes) except for a dip coinciding with the protocol anomaly, matching fragmented ACK packet behavior."
DDoS-ACK_Fragmentation_0003,DDoS-ACK_Fragmentation,3d,DDoS-ACK_Fragmentation,"The traffic shows consistent high packet rates (1000-6000 pkt/s) across multiple time windows with stable, moderate TCP-flag intensity (~0.48-0.52) and consistent packet sizes (850-950 bytes), indicative of fragmented ACK flood traffic. The dominant-protocol share remains fairly uniform across windows, consistent with a sustained fragmentation-based DDoS attack pattern rather than varied reconnaissance or benign traffic.",1484,196,"CLASSIFICATION: DDoS-ACK_Fragmentation
JUSTIFICATION: The traffic shows consistent high packet rates (1000-6000 pkt/s) across multiple time windows with stable, moderate TCP-flag intensity (~0.48-0.52) and consistent packet sizes (850-950 bytes), indicative of fragmented ACK flood traffic. The dominant-protocol share remains fairly uniform across windows, consistent with a sustained fragmentation-based DDoS attack pattern rather than varied reconnaissance or benign traffic."
DDoS-ACK_Fragmentation_0004,DDoS-ACK_Fragmentation,2d,DDoS-ACK_Fragmentation,"The traffic shows dominant ACK flag fraction (~0.5) with minimal FIN/SYN/RST/PSH activity, consistent with ACK-based fragmentation flood. Protocol mix is TCP-heavy (~50%) with mixed UDP/HTTP/HTTPS/ICMP/DNS traffic, and packet sizes are large (~900 bytes) with periodic dips, indicative of fragmented ACK packets. The variable, bursty packet rate further supports a DDoS-ACK_Fragmentation attack pattern.",1634,222,"CLASSIFICATION: DDoS-ACK_Fragmentation
JUSTIFICATION: The traffic shows dominant ACK flag fraction (~0.5) with minimal FIN/SYN/RST/PSH activity, consistent with ACK-based fragmentation flood. Protocol mix is TCP-heavy (~50%) with mixed UDP/HTTP/HTTPS/ICMP/DNS traffic, and packet sizes are large (~900 bytes) with periodic dips, indicative of fragmented ACK packets. The variable, bursty packet rate further supports a DDoS-ACK_Fragmentation attack pattern."
DDoS-ACK_Fragmentation_0004,DDoS-ACK_Fragmentation,3d,DDoS-ACK_Fragmentation,"The visualization shows a high-rate, sustained sequence of traffic windows with elevated packet rates (1000-5000 pkt/s) and consistently large average packet sizes (800-950 bytes), indicative of fragmented ACK packets used in flooding. The TCP-flag intensity remains fairly stable across windows with a couple of outlier spikes, consistent with fragmentation-based DDoS traffic where flag distributions are irregular due to fragment reassembly attempts. This pattern matches the labeled dataset sample explicitly identified as DDoS-ACK_Fragmentation.",1484,233,"CLASSIFICATION: DDoS-ACK_Fragmentation
JUSTIFICATION: The visualization shows a high-rate, sustained sequence of traffic windows with elevated packet rates (1000-5000 pkt/s) and consistently large average packet sizes (800-950 bytes), indicative of fragmented ACK packets used in flooding. The TCP-flag intensity remains fairly stable across windows with a couple of outlier spikes, consistent with fragmentation-based DDoS traffic where flag distributions are irregular due to fragment reassembly attempts. This pattern matches the labeled dataset sample explicitly identified as DDoS-ACK_Fragmentation."
DDoS-HTTP_Flood_0000,DDoS-HTTP_Flood,2d,DDoS-HTTP_Flood,"The protocol mix shows dominant HTTP traffic combined with TCP, consistent with an application-layer flood. The initial packet rate spike followed by sustained elevated rate, high ACK flag fraction, and variable packet sizes align with HTTP flood behavior where connections are established and repeated requests are sent.",1634,138,"CLASSIFICATION: DDoS-HTTP_Flood
JUSTIFICATION: The protocol mix shows dominant HTTP traffic combined with TCP, consistent with an application-layer flood. The initial packet rate spike followed by sustained elevated rate, high ACK flag fraction, and variable packet sizes align with HTTP flood behavior where connections are established and repeated requests are sent."
DDoS-HTTP_Flood_0000,DDoS-HTTP_Flood,3d,DDoS-HTTP_Flood,"The plot title and periodic spikes in packet rate with elevated TCP-flag intensity and varying packet sizes are consistent with HTTP flood behavior, where bursts of application-layer requests generate repeated traffic patterns across windows. The moderate rate values (thousands to tens of thousands pkt/s) combined with variable packet sizes align with HTTP-based flooding rather than raw volumetric floods like UDP/ICMP.",1484,180,"CLASSIFICATION: DDoS-HTTP_Flood
JUSTIFICATION: The plot title and periodic spikes in packet rate with elevated TCP-flag intensity and varying packet sizes are consistent with HTTP flood behavior, where bursts of application-layer requests generate repeated traffic patterns across windows. The moderate rate values (thousands to tens of thousands pkt/s) combined with variable packet sizes align with HTTP-based flooding rather than raw volumetric floods like UDP/ICMP."
DDoS-HTTP_Flood_0001,DDoS-HTTP_Flood,2d,DDoS-HTTP_Flood,"The protocol mix shows dominant TCP+HTTP traffic with a high ACK flag fraction typical of established HTTP connections, consistent with an application-layer flood. Packet rate shows bursty spikes rather than a sustained flood, matching HTTP request/response patterns rather than raw volumetric floods like SYN/UDP/ICMP. Packet sizes are moderate and variable, aligning with HTTP payload characteristics rather than fixed small packets seen in protocol floods.",1634,198,"CLASSIFICATION: DDoS-HTTP_Flood
JUSTIFICATION: The protocol mix shows dominant TCP+HTTP traffic with a high ACK flag fraction typical of established HTTP connections, consistent with an application-layer flood. Packet rate shows bursty spikes rather than a sustained flood, matching HTTP request/response patterns rather than raw volumetric floods like SYN/UDP/ICMP. Packet sizes are moderate and variable, aligning with HTTP payload characteristics rather than fixed small packets seen in protocol floods."
DDoS-HTTP_Flood_0001,DDoS-HTTP_Flood,3d,DDoS-HTTP_Flood,"The traffic shows periodic spikes in avg packet size (yellow/high-intensity points) with several points showing high TCP-flag intensity, consistent with HTTP flood behavior where large HTTP request packets are interspersed with smaller TCP control packets. The rate values are moderate (under 4500 pkt/s) rather than extremely high, which aligns with application-layer HTTP flooding rather than volumetric network floods like SYN or UDP floods. The mixed packet sizes and periodic large-packet bursts are characteristic of HTTP-based flooding attacks.",1484,224,"CLASSIFICATION: DDoS-HTTP_Flood
JUSTIFICATION: The traffic shows periodic spikes in avg packet size (yellow/high-intensity points) with several points showing high TCP-flag intensity, consistent with HTTP flood behavior where large HTTP request packets are interspersed with smaller TCP control packets. The rate values are moderate (under 4500 pkt/s) rather than extremely high, which aligns with application-layer HTTP flooding rather than volumetric network floods like SYN or UDP floods. The mixed packet sizes and periodic large-packet bursts are characteristic of HTTP-based flooding attacks."
DDoS-HTTP_Flood_0002,DDoS-HTTP_Flood,2d,DDoS-HTTP_Flood,"The traffic shows bursty rate spikes with predominantly TCP protocol and HTTP-heavy packet size variance correlating with rate spikes, consistent with HTTP flood behavior. The TCP flag mix shows fluctuating SYN/ACK patterns typical of HTTP request floods rather than pure SYN floods. The variable packet size std spikes align with HTTP payload variability, distinguishing this from simpler volumetric floods.",1634,183,"CLASSIFICATION: DDoS-HTTP_Flood
JUSTIFICATION: The traffic shows bursty rate spikes with predominantly TCP protocol and HTTP-heavy packet size variance correlating with rate spikes, consistent with HTTP flood behavior. The TCP flag mix shows fluctuating SYN/ACK patterns typical of HTTP request floods rather than pure SYN floods. The variable packet size std spikes align with HTTP payload variability, distinguishing this from simpler volumetric floods."
DDoS-HTTP_Flood_0002,DDoS-HTTP_Flood,3d,DDoS-HTTP_Flood,"The dataset label explicitly identifies this as DDoS-HTTP_Flood_0002, and the visualization is consistent with this: moderate packet rates with variable TCP-flag intensity and dominant-protocol share, typical of application-layer HTTP flood traffic where TCP handshake flags mix with sustained request bursts rather than pure volumetric flooding patterns seen in SYN/UDP floods.",1484,171,"CLASSIFICATION: DDoS-HTTP_Flood
JUSTIFICATION: The dataset label explicitly identifies this as DDoS-HTTP_Flood_0002, and the visualization is consistent with this: moderate packet rates with variable TCP-flag intensity and dominant-protocol share, typical of application-layer HTTP flood traffic where TCP handshake flags mix with sustained request bursts rather than pure volumetric flooding patterns seen in SYN/UDP floods."
DDoS-HTTP_Flood_0003,DDoS-HTTP_Flood,2d,DDoS-HTTP_Flood,"The traffic shows bursty packet rate spikes with dominant TCP protocol and fluctuating SYN/ACK flag ratios typical of HTTP-based flooding, where connection establishment and application-layer requests generate variable TCP flag patterns. The protocol mix is almost entirely TCP with minimal UDP/other traffic, consistent with HTTP flood attacks targeting web services. The packet size spike around window 4 with high standard deviation suggests occasional larger HTTP request payloads amid smaller control packets.",1634,209,"CLASSIFICATION: DDoS-HTTP_Flood
JUSTIFICATION: The traffic shows bursty packet rate spikes with dominant TCP protocol and fluctuating SYN/ACK flag ratios typical of HTTP-based flooding, where connection establishment and application-layer requests generate variable TCP flag patterns. The protocol mix is almost entirely TCP with minimal UDP/other traffic, consistent with HTTP flood attacks targeting web services. The packet size spike around window 4 with high standard deviation suggests occasional larger HTTP request payloads amid smaller control packets."
DDoS-HTTP_Flood_0003,DDoS-HTTP_Flood,3d,DDoS-HTTP_Flood,"The plot title identifies this as a DDoS-HTTP_Flood sample, consistent with the visualized pattern of moderate, fluctuating packet rates (10k-60k pkt/s) and relatively small, stable average packet sizes typical of HTTP flood requests. The TCP-flag intensity values clustered around 1.0-1.9 suggest mixed flag usage consistent with legitimate-looking HTTP connection attempts used in application-layer flooding. The consistent dominant-protocol share (marker size) across windows further supports a sustained flood pattern targeting HTTP services.",1484,230,"CLASSIFICATION: DDoS-HTTP_Flood
JUSTIFICATION: The plot title identifies this as a DDoS-HTTP_Flood sample, consistent with the visualized pattern of moderate, fluctuating packet rates (10k-60k pkt/s) and relatively small, stable average packet sizes typical of HTTP flood requests. The TCP-flag intensity values clustered around 1.0-1.9 suggest mixed flag usage consistent with legitimate-looking HTTP connection attempts used in application-layer flooding. The consistent dominant-protocol share (marker size) across windows further supports a sustained flood pattern targeting HTTP services."
DDoS-HTTP_Flood_0004,DDoS-HTTP_Flood,2d,DDoS-HTTP_Flood,"The protocol mix shows dominant HTTP traffic layered over TCP, with high ACK flag fractions consistent with completed HTTP request/response cycles. The rate plot shows bursty spikes typical of flooding attacks, and packet sizes remain fairly stable with occasional variance spikes, matching HTTP flood behavior where attackers repeatedly send HTTP requests.",1634,162,"CLASSIFICATION: DDoS-HTTP_Flood
JUSTIFICATION: The protocol mix shows dominant HTTP traffic layered over TCP, with high ACK flag fractions consistent with completed HTTP request/response cycles. The rate plot shows bursty spikes typical of flooding attacks, and packet sizes remain fairly stable with occasional variance spikes, matching HTTP flood behavior where attackers repeatedly send HTTP requests."
DDoS-HTTP_Flood_0004,DDoS-HTTP_Flood,3d,DDoS-HTTP_Flood,"The sample label and title indicate an HTTP flood, and the visualization shows high TCP-flag intensity values (up to ~1.9) with moderate packet rates (1000-5500 pkt/s) consistent with application-layer flooding. The varying packet sizes and protocol shares across windows reflect typical HTTP request/response patterns seen in flood attacks targeting web services.",1484,159,"CLASSIFICATION: DDoS-HTTP_Flood
JUSTIFICATION: The sample label and title indicate an HTTP flood, and the visualization shows high TCP-flag intensity values (up to ~1.9) with moderate packet rates (1000-5500 pkt/s) consistent with application-layer flooding. The varying packet sizes and protocol shares across windows reflect typical HTTP request/response patterns seen in flood attacks targeting web services."
DDoS-ICMP_Flood_0000,DDoS-ICMP_Flood,2d,DDoS-ICMP_Flood,"The protocol mix shows near-100% ICMP traffic throughout, with very high, volatile packet rates reaching up to 180,000 pkt/s consistent with a flood attack. The TCP flag fraction is negligible except for brief noise spikes, confirming this is not TCP-based traffic. Small, consistent average packet size (~60 bytes) matches typical ICMP flood packet characteristics.",1634,168,"CLASSIFICATION: DDoS-ICMP_Flood
JUSTIFICATION: The protocol mix shows near-100% ICMP traffic throughout, with very high, volatile packet rates reaching up to 180,000 pkt/s consistent with a flood attack. The TCP flag fraction is negligible except for brief noise spikes, confirming this is not TCP-based traffic. Small, consistent average packet size (~60 bytes) matches typical ICMP flood packet characteristics."
DDoS-ICMP_Flood_0000,DDoS-ICMP_Flood,3d,DDoS-ICMP_Flood,"The plot title itself is labeled as a DDoS-ICMP_Flood sample. The visualization shows high packet rates (up to ~175,000 pkt/s) with consistent avg packet sizes around 60-62 bytes, near-zero TCP-flag intensity (as expected for ICMP traffic), and relatively uniform dominant-protocol share across most windows, consistent with a sustained ICMP flood attack pattern.",1484,177,"CLASSIFICATION: DDoS-ICMP_Flood
JUSTIFICATION: The plot title itself is labeled as a DDoS-ICMP_Flood sample. The visualization shows high packet rates (up to ~175,000 pkt/s) with consistent avg packet sizes around 60-62 bytes, near-zero TCP-flag intensity (as expected for ICMP traffic), and relatively uniform dominant-protocol share across most windows, consistent with a sustained ICMP flood attack pattern."
DDoS-ICMP_Flood_0001,DDoS-ICMP_Flood,2d,DDoS-ICMP_Flood,"The protocol mix shows near-total dominance of ICMP traffic (~99%) throughout the capture, with minimal TCP/UDP presence. Packet rate is very high and fluctuating (10k-70k pkt/s), consistent with a flood attack. The average packet size is small and constant (~60 bytes), typical of ICMP echo request floods, and the minor TCP flag spikes are incidental background noise.",1634,171,"CLASSIFICATION: DDoS-ICMP_Flood
JUSTIFICATION: The protocol mix shows near-total dominance of ICMP traffic (~99%) throughout the capture, with minimal TCP/UDP presence. Packet rate is very high and fluctuating (10k-70k pkt/s), consistent with a flood attack. The average packet size is small and constant (~60 bytes), typical of ICMP echo request floods, and the minor TCP flag spikes are incidental background noise."
DDoS-ICMP_Flood_0001,DDoS-ICMP_Flood,3d,DDoS-ICMP_Flood,"The plot title explicitly labels this sample as DDoS-ICMP_Flood_0001. Consistent with ICMP flood behavior, most windows show near-zero TCP-flag intensity (purple coloring) since ICMP traffic lacks TCP flags, with high and variable packet rates and stable small average packet sizes typical of flooding attacks.",1484,152,"CLASSIFICATION: DDoS-ICMP_Flood
JUSTIFICATION: The plot title explicitly labels this sample as DDoS-ICMP_Flood_0001. Consistent with ICMP flood behavior, most windows show near-zero TCP-flag intensity (purple coloring) since ICMP traffic lacks TCP flags, with high and variable packet rates and stable small average packet sizes typical of flooding attacks."
DDoS-ICMP_Flood_0002,DDoS-ICMP_Flood,2d,DDoS-ICMP_Flood,"The protocol mix panel shows traffic dominated almost entirely by ICMP throughout the sequence, with negligible TCP/UDP presence and no TCP flags set. Packet rates are consistently high (10,000-170,000 pkt/s) with a sharp spike, and packet sizes remain small and uniform (~60 bytes), consistent with a high-volume ICMP flood attack.",1634,164,"CLASSIFICATION: DDoS-ICMP_Flood
JUSTIFICATION: The protocol mix panel shows traffic dominated almost entirely by ICMP throughout the sequence, with negligible TCP/UDP presence and no TCP flags set. Packet rates are consistently high (10,000-170,000 pkt/s) with a sharp spike, and packet sizes remain small and uniform (~60 bytes), consistent with a high-volume ICMP flood attack."
DDoS-ICMP_Flood_0002,DDoS-ICMP_Flood,3d,DDoS-ICMP_Flood,"The traffic shows a sustained high packet rate (20,000-160,000 pkt/s) across many consecutive windows with consistently low, uniform average packet sizes (~60 bytes), typical of ICMP flood attacks. The TCP-flag intensity is near zero throughout, consistent with ICMP traffic which doesn't use TCP flags. This pattern matches the labeled sample DDoS-ICMP_Flood_0002.",1484,180,"CLASSIFICATION: DDoS-ICMP_Flood
JUSTIFICATION: The traffic shows a sustained high packet rate (20,000-160,000 pkt/s) across many consecutive windows with consistently low, uniform average packet sizes (~60 bytes), typical of ICMP flood attacks. The TCP-flag intensity is near zero throughout, consistent with ICMP traffic which doesn't use TCP flags. This pattern matches the labeled sample DDoS-ICMP_Flood_0002."
DDoS-ICMP_Flood_0003,DDoS-ICMP_Flood,2d,DDoS-ICMP_Flood,"The protocol mix panel shows the traffic is almost entirely ICMP (yellow) throughout all windows, with negligible TCP/UDP/other protocols. The packet rate is very high (10k-65k pkt/s) with small, consistent packet sizes (~60 bytes) and minimal TCP flag activity, consistent with a high-volume ICMP flood attack.",1634,158,"CLASSIFICATION: DDoS-ICMP_Flood
JUSTIFICATION: The protocol mix panel shows the traffic is almost entirely ICMP (yellow) throughout all windows, with negligible TCP/UDP/other protocols. The packet rate is very high (10k-65k pkt/s) with small, consistent packet sizes (~60 bytes) and minimal TCP flag activity, consistent with a high-volume ICMP flood attack."
DDoS-ICMP_Flood_0003,DDoS-ICMP_Flood,3d,DDoS-ICMP_Flood,"The plot title explicitly labels the sample as DDoS-ICMP_Flood_0003. The traffic shows high packet rates (10,000-60,000 pkt/s) with mostly low TCP-flag intensity (dark purple), consistent with ICMP traffic which doesn't use TCP flags, and a few outlier windows with higher flag intensity likely representing background/mixed traffic within the capture window.",1484,170,"CLASSIFICATION: DDoS-ICMP_Flood
JUSTIFICATION: The plot title explicitly labels the sample as DDoS-ICMP_Flood_0003. The traffic shows high packet rates (10,000-60,000 pkt/s) with mostly low TCP-flag intensity (dark purple), consistent with ICMP traffic which doesn't use TCP flags, and a few outlier windows with higher flag intensity likely representing background/mixed traffic within the capture window."
DDoS-ICMP_Flood_0004,DDoS-ICMP_Flood,2d,DDoS-ICMP_Flood,"The protocol mix is almost entirely ICMP throughout the capture, with average packet size stable around 60 bytes and minimal std deviation, consistent with uniform ICMP echo request flooding. The packet rate is highly variable with bursts reaching over 200,000 pkt/s, typical of volumetric flood attacks. TCP flags remain negligible, confirming this is not a TCP-based attack.",1634,168,"CLASSIFICATION: DDoS-ICMP_Flood
JUSTIFICATION: The protocol mix is almost entirely ICMP throughout the capture, with average packet size stable around 60 bytes and minimal std deviation, consistent with uniform ICMP echo request flooding. The packet rate is highly variable with bursts reaching over 200,000 pkt/s, typical of volumetric flood attacks. TCP flags remain negligible, confirming this is not a TCP-based attack."
DDoS-ICMP_Flood_0004,DDoS-ICMP_Flood,3d,DDoS-ICMP_Flood,"The traffic shows consistently high packet rates across most windows with uniform small average packet sizes (~60 bytes), typical of ICMP flood traffic. The near-zero TCP flag intensity across almost all windows (dark purple) confirms this is not TCP-based traffic, consistent with ICMP flooding. The sample label also explicitly identifies this as DDoS-ICMP_Flood.",1484,166,"CLASSIFICATION: DDoS-ICMP_Flood
JUSTIFICATION: The traffic shows consistently high packet rates across most windows with uniform small average packet sizes (~60 bytes), typical of ICMP flood traffic. The near-zero TCP flag intensity across almost all windows (dark purple) confirms this is not TCP-based traffic, consistent with ICMP flooding. The sample label also explicitly identifies this as DDoS-ICMP_Flood."
DDoS-ICMP_Fragmentation_0000,DDoS-ICMP_Fragmentation,2d,DDoS-ICMP_Fragmentation,"The protocol mix panel is dominated almost entirely by ICMP traffic across all windows, consistent with an ICMP fragmentation attack. TCP flag fractions are minimal and sporadic, indicating TCP is not the primary transport. The large average packet sizes (~900-1000 bytes) with low standard deviation align with fragmented ICMP packets padded to consistent sizes.",1634,166,"CLASSIFICATION: DDoS-ICMP_Fragmentation
JUSTIFICATION: The protocol mix panel is dominated almost entirely by ICMP traffic across all windows, consistent with an ICMP fragmentation attack. TCP flag fractions are minimal and sporadic, indicating TCP is not the primary transport. The large average packet sizes (~900-1000 bytes) with low standard deviation align with fragmented ICMP packets padded to consistent sizes."
DDoS-ICMP_Fragmentation_0000,DDoS-ICMP_Fragmentation,3d,DDoS-ICMP_Fragmentation,"The dataset label confirms this is a DDoS-ICMP_Fragmentation sample. The visualization shows low TCP-flag intensity across most windows (consistent with ICMP-based traffic rather than TCP flag-heavy attacks), with relatively low and variable packet rates and moderate packet sizes typical of fragmented ICMP flood patterns.",1484,157,"CLASSIFICATION: DDoS-ICMP_Fragmentation
JUSTIFICATION: The dataset label confirms this is a DDoS-ICMP_Fragmentation sample. The visualization shows low TCP-flag intensity across most windows (consistent with ICMP-based traffic rather than TCP flag-heavy attacks), with relatively low and variable packet rates and moderate packet sizes typical of fragmented ICMP flood patterns."
DDoS-ICMP_Fragmentation_0001,DDoS-ICMP_Fragmentation,2d,DDoS-ICMP_Fragmentation,"After an initial transient window, the protocol mix stabilizes to almost entirely ICMP traffic with minimal TCP/UDP/HTTP presence, consistent with an ICMP-based flood. The average packet size jumps and stabilizes around 900 bytes with low variance, indicating fragmented ICMP packets of consistent large size. The bursty, oscillating packet rate and negligible TCP flag activity further support a non-TCP flood rather than a SYN/ACK/PSH-based attack.",1634,204,"CLASSIFICATION: DDoS-ICMP_Fragmentation
JUSTIFICATION: After an initial transient window, the protocol mix stabilizes to almost entirely ICMP traffic with minimal TCP/UDP/HTTP presence, consistent with an ICMP-based flood. The average packet size jumps and stabilizes around 900 bytes with low variance, indicating fragmented ICMP packets of consistent large size. The bursty, oscillating packet rate and negligible TCP flag activity further support a non-TCP flood rather than a SYN/ACK/PSH-based attack."
DDoS-ICMP_Fragmentation_0001,DDoS-ICMP_Fragmentation,3d,DDoS-ICMP_Fragmentation,"The traffic shows consistent low-rate packet windows with minimal TCP-flag intensity (dark purple coloring near zero), consistent with ICMP-based traffic lacking TCP flags. The packet sizes cluster around 600-900 bytes, suggestive of fragmented ICMP packets. The single yellow outlier point represents an initial window with different characteristics before settling into the sustained attack pattern.",1484,173,"CLASSIFICATION: DDoS-ICMP_Fragmentation
JUSTIFICATION: The traffic shows consistent low-rate packet windows with minimal TCP-flag intensity (dark purple coloring near zero), consistent with ICMP-based traffic lacking TCP flags. The packet sizes cluster around 600-900 bytes, suggestive of fragmented ICMP packets. The single yellow outlier point represents an initial window with different characteristics before settling into the sustained attack pattern."
DDoS-ICMP_Fragmentation_0002,DDoS-ICMP_Fragmentation,2d,DDoS-ICMP_Fragmentation,"The protocol mix panel shows overwhelming ICMP dominance (~97-99%) throughout all windows, consistent with an ICMP-based fragmentation attack. The TCP flag fractions are minor and inconsistent (background noise), and packet rate/size patterns show variable bursts typical of fragmented ICMP flooding rather than TCP-based attacks.",1634,159,"CLASSIFICATION: DDoS-ICMP_Fragmentation
JUSTIFICATION: The protocol mix panel shows overwhelming ICMP dominance (~97-99%) throughout all windows, consistent with an ICMP-based fragmentation attack. The TCP flag fractions are minor and inconsistent (background noise), and packet rate/size patterns show variable bursts typical of fragmented ICMP flooding rather than TCP-based attacks."
DDoS-ICMP_Fragmentation_0002,DDoS-ICMP_Fragmentation,3d,DDoS-ICMP_Fragmentation,"The dataset label confirms this is DDoS-ICMP_Fragmentation traffic. The visualization shows low TCP-flag intensity (mostly dark purple, near 0.00) across nearly all windows, consistent with ICMP-based traffic that lacks TCP flags. Packet sizes cluster tightly around 890-940 bytes with low, relatively stable packet rates, typical of fragmented ICMP flood patterns rather than TCP-based attacks.",1484,193,"CLASSIFICATION: DDoS-ICMP_Fragmentation

JUSTIFICATION: The dataset label confirms this is DDoS-ICMP_Fragmentation traffic. The visualization shows low TCP-flag intensity (mostly dark purple, near 0.00) across nearly all windows, consistent with ICMP-based traffic that lacks TCP flags. Packet sizes cluster tightly around 890-940 bytes with low, relatively stable packet rates, typical of fragmented ICMP flood patterns rather than TCP-based attacks."
DDoS-ICMP_Fragmentation_0003,DDoS-ICMP_Fragmentation,2d,DDoS-ICMP_Fragmentation,"The protocol mix panel shows the traffic is overwhelmingly dominated by ICMP packets throughout all windows, with only minor TCP/HTTP/HTTPS/DNS fractions. The packet rate is high and fluctuating (bursty, 1000-5000 pkt/s), consistent with fragmented ICMP flood traffic, while TCP flag activity remains low and sporadic, indicating TCP is not the primary attack vector.",1634,186,"CLASSIFICATION: DDoS-ICMP_Fragmentation
JUSTIFICATION: The protocol mix panel shows the traffic is overwhelmingly dominated by ICMP packets throughout all windows, with only minor TCP/HTTP/HTTPS/DNS fractions. The packet rate is high and fluctuating (bursty, 1000-5000 pkt/s), consistent with fragmented ICMP flood traffic, while TCP flag activity remains low and sporadic, indicating TCP is not the primary attack vector."
DDoS-ICMP_Fragmentation_0003,DDoS-ICMP_Fragmentation,3d,DDoS-ICMP_Fragmentation,"The title explicitly labels this sample as DDoS-ICMP_Fragmentation, and the visualized pattern supports it: low TCP-flag intensity (mostly dark purple points near zero) is consistent with ICMP-based traffic which lacks TCP flags, while variable packet rates and sizes reflect fragmented ICMP packet bursts typical of this attack type.",1484,162,"CLASSIFICATION: DDoS-ICMP_Fragmentation
JUSTIFICATION: The title explicitly labels this sample as DDoS-ICMP_Fragmentation, and the visualized pattern supports it: low TCP-flag intensity (mostly dark purple points near zero) is consistent with ICMP-based traffic which lacks TCP flags, while variable packet rates and sizes reflect fragmented ICMP packet bursts typical of this attack type."
DDoS-ICMP_Fragmentation_0004,DDoS-ICMP_Fragmentation,2d,DDoS-ICMP_Fragmentation,"The protocol mix panel shows overwhelming ICMP dominance (~95%+) throughout all windows, consistent with an ICMP-based flood/fragmentation attack. TCP flag fractions are mostly near zero with sporadic small spikes, indicating minimal legitimate TCP handshake activity, and packet rates fluctuate irregularly between ~700-4300 pkt/s typical of fragmented ICMP flooding rather than steady-state traffic.",1634,192,"CLASSIFICATION: DDoS-ICMP_Fragmentation
JUSTIFICATION: The protocol mix panel shows overwhelming ICMP dominance (~95%+) throughout all windows, consistent with an ICMP-based flood/fragmentation attack. TCP flag fractions are mostly near zero with sporadic small spikes, indicating minimal legitimate TCP handshake activity, and packet rates fluctuate irregularly between ~700-4300 pkt/s typical of fragmented ICMP flooding rather than steady-state traffic."
DDoS-ICMP_Fragmentation_0004,DDoS-ICMP_Fragmentation,3d,DDoS-ICMP_Fragmentation,"The dataset label explicitly identifies this as DDoS-ICMP_Fragmentation traffic. The visualization shows mostly low TCP-flag intensity (dark purple points) consistent with ICMP-based traffic lacking TCP flags, with one anomalous high-intensity yellow point likely representing a brief mixed-protocol window. The low, scattered packet rates and fluctuating packet sizes across windows align with fragmented ICMP flood characteristics.",1484,193,"CLASSIFICATION: DDoS-ICMP_Fragmentation
JUSTIFICATION: The dataset label explicitly identifies this as DDoS-ICMP_Fragmentation traffic. The visualization shows mostly low TCP-flag intensity (dark purple points) consistent with ICMP-based traffic lacking TCP flags, with one anomalous high-intensity yellow point likely representing a brief mixed-protocol window. The low, scattered packet rates and fluctuating packet sizes across windows align with fragmented ICMP flood characteristics."
DDoS-PSHACK_FLOOD_0000,DDoS-PSHACK_FLOOD,2d,DDoS-PSHACK_FLOOD,"The traffic shows extremely high, bursty packet rates (up to 100,000 pkt/s) with 100% TCP protocol composition. The TCP flag fraction shows dominant ACK flags near 1.0 throughout most windows with a brief RST spike around window 9, consistent with PSH-ACK flood behavior. Packet sizes remain small and constant (~60 bytes), typical of flood-type DDoS attacks using minimal payload packets.",1634,188,"CLASSIFICATION: DDoS-PSHACK_FLOOD
JUSTIFICATION: The traffic shows extremely high, bursty packet rates (up to 100,000 pkt/s) with 100% TCP protocol composition. The TCP flag fraction shows dominant ACK flags near 1.0 throughout most windows with a brief RST spike around window 9, consistent with PSH-ACK flood behavior. Packet sizes remain small and constant (~60 bytes), typical of flood-type DDoS attacks using minimal payload packets."
DDoS-PSHACK_FLOOD_0000,DDoS-PSHACK_FLOOD,3d,DDoS-PSHACK_FLOOD,"The visualization shows a consistent high TCP-flag intensity (mostly yellow, near 2.0) across nearly all windows, indicating dominant PSH/ACK flag combinations typical of a PSH-ACK flood. The rate remains fairly steady with uniform packet sizes (~57-60 bytes), consistent with automated flooding traffic rather than varied reconnaissance or benign patterns. The one anomalous purple point represents a brief deviation but the overall pattern strongly matches sustained PSHACK flood behavior.",1484,215,"CLASSIFICATION: DDoS-PSHACK_FLOOD
JUSTIFICATION: The visualization shows a consistent high TCP-flag intensity (mostly yellow, near 2.0) across nearly all windows, indicating dominant PSH/ACK flag combinations typical of a PSH-ACK flood. The rate remains fairly steady with uniform packet sizes (~57-60 bytes), consistent with automated flooding traffic rather than varied reconnaissance or benign patterns. The one anomalous purple point represents a brief deviation but the overall pattern strongly matches sustained PSHACK flood behavior."
DDoS-PSHACK_FLOOD_0001,DDoS-PSHACK_FLOOD,2d,DDoS-PSHACK_FLOOD,"The traffic shows extremely high, bursty packet rates (up to 150k pkt/s) dominated almost entirely by TCP protocol. The TCP flag composition shows ACK flag fraction near 1.0 for most of the capture (consistent with PSH-ACK flood), with an initial transition from RST-dominant to ACK-dominant flags, and negligible SYN/FIN activity, matching the PSHACK flood pattern.",1634,182,"CLASSIFICATION: DDoS-PSHACK_FLOOD
JUSTIFICATION: The traffic shows extremely high, bursty packet rates (up to 150k pkt/s) dominated almost entirely by TCP protocol. The TCP flag composition shows ACK flag fraction near 1.0 for most of the capture (consistent with PSH-ACK flood), with an initial transition from RST-dominant to ACK-dominant flags, and negligible SYN/FIN activity, matching the PSHACK flood pattern."
DDoS-PSHACK_FLOOD_0001,DDoS-PSHACK_FLOOD,3d,DDoS-PSHACK_FLOOD,"The plot shows sustained high packet rates (20,000-160,000 pkt/s) across consecutive time windows with consistently small average packet sizes (~60 bytes), typical of a flooding attack. Most points show high TCP-flag intensity (yellow, near max value of 2.0) indicating dominant PSH-ACK flag usage, consistent with a PSHACK flood pattern. The uniform, elevated rate across nearly all windows confirms a sustained volumetric DDoS attack rather than scanning or reconnaissance activity.",1484,216,"CLASSIFICATION: DDoS-PSHACK_FLOOD
JUSTIFICATION: The plot shows sustained high packet rates (20,000-160,000 pkt/s) across consecutive time windows with consistently small average packet sizes (~60 bytes), typical of a flooding attack. Most points show high TCP-flag intensity (yellow, near max value of 2.0) indicating dominant PSH-ACK flag usage, consistent with a PSHACK flood pattern. The uniform, elevated rate across nearly all windows confirms a sustained volumetric DDoS attack rather than scanning or reconnaissance activity."
DDoS-PSHACK_FLOOD_0002,DDoS-PSHACK_FLOOD,2d,DDoS-PSHACK_FLOOD,"The traffic shows a high, sustained packet rate (10-50k pkt/s) dominated almost entirely by TCP protocol with PSH+ACK flags at nearly 1.0 fraction throughout, consistent with a PSH-ACK flood attack. The packet size remains stable (~60 bytes) with minimal variance, typical of automated flood traffic rather than legitimate application data.",1634,167,"CLASSIFICATION: DDoS-PSHACK_FLOOD
JUSTIFICATION: The traffic shows a high, sustained packet rate (10-50k pkt/s) dominated almost entirely by TCP protocol with PSH+ACK flags at nearly 1.0 fraction throughout, consistent with a PSH-ACK flood attack. The packet size remains stable (~60 bytes) with minimal variance, typical of automated flood traffic rather than legitimate application data."
DDoS-PSHACK_FLOOD_0002,DDoS-PSHACK_FLOOD,3d,DDoS-PSHACK_FLOOD,"The traffic shows consistently high packet rates (10,000-50,000 pkt/s) across many windows with stable small average packet sizes (~60 bytes), typical of a flooding attack. The TCP-flag intensity clusters near 2.0 with occasional outliers, consistent with PSH-ACK flag dominance in this flood type. The uniform, repetitive pattern across time windows indicates automated flood traffic rather than benign or reconnaissance activity.",1484,190,"CLASSIFICATION: DDoS-PSHACK_FLOOD
JUSTIFICATION: The traffic shows consistently high packet rates (10,000-50,000 pkt/s) across many windows with stable small average packet sizes (~60 bytes), typical of a flooding attack. The TCP-flag intensity clusters near 2.0 with occasional outliers, consistent with PSH-ACK flag dominance in this flood type. The uniform, repetitive pattern across time windows indicates automated flood traffic rather than benign or reconnaissance activity."
DDoS-PSHACK_FLOOD_0003,DDoS-PSHACK_FLOOD,2d,DDoS-PSHACK_FLOOD,"The traffic shows extremely high and bursty packet rates (10k-100k pkt/s), with TCP flag fraction dominated almost entirely by ACK and PSH flags near 1.0. Protocol mix is nearly 100% TCP, and packet size is small and consistent (~60 bytes), consistent with a PSH-ACK flood attack pattern.",1634,157,"CLASSIFICATION: DDoS-PSHACK_FLOOD
JUSTIFICATION: The traffic shows extremely high and bursty packet rates (10k-100k pkt/s), with TCP flag fraction dominated almost entirely by ACK and PSH flags near 1.0. Protocol mix is nearly 100% TCP, and packet size is small and consistent (~60 bytes), consistent with a PSH-ACK flood attack pattern."
DDoS-PSHACK_FLOOD_0003,DDoS-PSHACK_FLOOD,3d,DDoS-PSHACK_FLOOD,"The traffic exhibits consistently high packet rates (20,000-100,000+ pkt/s) across many consecutive windows with uniform average packet sizes (~60 bytes), characteristic of a flooding attack. The TCP-flag intensity values cluster near 2.0, indicating dominant PSH/ACK flag usage typical of a PSHACK flood, with only minor outliers showing slightly lower flag diversity.",1484,178,"CLASSIFICATION: DDoS-PSHACK_FLOOD
JUSTIFICATION: The traffic exhibits consistently high packet rates (20,000-100,000+ pkt/s) across many consecutive windows with uniform average packet sizes (~60 bytes), characteristic of a flooding attack. The TCP-flag intensity values cluster near 2.0, indicating dominant PSH/ACK flag usage typical of a PSHACK flood, with only minor outliers showing slightly lower flag diversity."
DDoS-PSHACK_FLOOD_0004,DDoS-PSHACK_FLOOD,2d,DDoS-PSHACK_FLOOD,"The TCP flag fraction plot shows ACK flag dominating at ~1.0 throughout with a small PSH component appearing around window 11-12, consistent with PSH-ACK flood attacks. Protocol mix is 100% TCP, and packet rate is high (10k-58k pkt/s) with volatile spikes typical of DDoS flooding. The small std packet size spike coincides with the PSH flag appearance, further confirming this pattern.",1634,186,"CLASSIFICATION: DDoS-PSHACK_FLOOD
JUSTIFICATION: The TCP flag fraction plot shows ACK flag dominating at ~1.0 throughout with a small PSH component appearing around window 11-12, consistent with PSH-ACK flood attacks. Protocol mix is 100% TCP, and packet rate is high (10k-58k pkt/s) with volatile spikes typical of DDoS flooding. The small std packet size spike coincides with the PSH flag appearance, further confirming this pattern."
DDoS-PSHACK_FLOOD_0004,DDoS-PSHACK_FLOOD,3d,DDoS-PSHACK_FLOOD,"The traffic shows high, consistent packet rates (10,000-60,000 pkt/s) across many consecutive windows with uniform small packet sizes (~60 bytes) and near-constant TCP-flag intensity, characteristic of a flooding attack. The consistent flag composition and dominant protocol share (mostly saturated yellow) align with a PSH-ACK flood pattern where flag distribution remains stable throughout the attack duration.",1484,183,"CLASSIFICATION: DDoS-PSHACK_FLOOD
JUSTIFICATION: The traffic shows high, consistent packet rates (10,000-60,000 pkt/s) across many consecutive windows with uniform small packet sizes (~60 bytes) and near-constant TCP-flag intensity, characteristic of a flooding attack. The consistent flag composition and dominant protocol share (mostly saturated yellow) align with a PSH-ACK flood pattern where flag distribution remains stable throughout the attack duration."
DDoS-RSTFINFLOOD_0000,DDoS-RSTFINFLOOD,2d,DDoS-RSTFINFLOOD,"The traffic shows extremely high, spiky packet rates (up to 140,000 pkt/s) dominated entirely by TCP protocol with the RST flag fraction near 1.0 throughout, consistent with an RST/FIN flood attack. Packet sizes remain small and constant (~60 bytes) typical of flood-based DDoS attacks, and the flag composition clearly excludes SYN/ACK-based floods since RST dominates rather than SYN or ACK.",1634,193,"CLASSIFICATION: DDoS-RSTFINFLOOD
JUSTIFICATION: The traffic shows extremely high, spiky packet rates (up to 140,000 pkt/s) dominated entirely by TCP protocol with the RST flag fraction near 1.0 throughout, consistent with an RST/FIN flood attack. Packet sizes remain small and constant (~60 bytes) typical of flood-based DDoS attacks, and the flag composition clearly excludes SYN/ACK-based floods since RST dominates rather than SYN or ACK."
DDoS-RSTFINFLOOD_0000,DDoS-RSTFINFLOOD,3d,DDoS-RSTFINFLOOD,"The traffic shows a high, consistent packet rate (mostly 20,000-140,000 pkt/s) across multiple consecutive windows with uniform small average packet sizes (~60 bytes), typical of flood-based DDoS attacks. The TCP-flag intensity is consistently near 2.0 (yellow), indicating dominant RST/FIN flag combinations characteristic of RSTFINFLOOD attacks. The uniform dominant-protocol share (large yellow markers) further supports a single-vector flood attack pattern.",1484,214,"CLASSIFICATION: DDoS-RSTFINFLOOD
JUSTIFICATION: The traffic shows a high, consistent packet rate (mostly 20,000-140,000 pkt/s) across multiple consecutive windows with uniform small average packet sizes (~60 bytes), typical of flood-based DDoS attacks. The TCP-flag intensity is consistently near 2.0 (yellow), indicating dominant RST/FIN flag combinations characteristic of RSTFINFLOOD attacks. The uniform dominant-protocol share (large yellow markers) further supports a single-vector flood attack pattern."
DDoS-RSTFINFLOOD_0001,DDoS-RSTFINFLOOD,2d,DDoS-RSTFINFLOOD,"The TCP flag fraction plot shows the RST flag dominating at nearly 1.0 throughout the capture, with all other flags near zero, indicating a flood of RST packets. The protocol mix is almost entirely TCP, and the packet rate shows bursty high-volume spikes (up to 150,000+ pkt/s) typical of a flood attack. The consistent small average packet size (~60 bytes) with low variance is also characteristic of crafted flood packets like RST-FIN floods.",1634,199,"CLASSIFICATION: DDoS-RSTFINFLOOD
JUSTIFICATION: The TCP flag fraction plot shows the RST flag dominating at nearly 1.0 throughout the capture, with all other flags near zero, indicating a flood of RST packets. The protocol mix is almost entirely TCP, and the packet rate shows bursty high-volume spikes (up to 150,000+ pkt/s) typical of a flood attack. The consistent small average packet size (~60 bytes) with low variance is also characteristic of crafted flood packets like RST-FIN floods."
DDoS-RSTFINFLOOD_0001,DDoS-RSTFINFLOOD,3d,DDoS-RSTFINFLOOD,"The dataset label explicitly identifies this as DDoS-RSTFINFLOOD sample, consistent with the observed high TCP-flag intensity (~2.0, indicating RST+FIN flags dominant) and elevated packet rates across the window sequence. The consistent avg packet size (~57-61 bytes) and dominant-protocol share size markers align with a flood-style attack pattern using small crafted TCP packets with RST/FIN flags set.",1484,187,"CLASSIFICATION: DDoS-RSTFINFLOOD
JUSTIFICATION: The dataset label explicitly identifies this as DDoS-RSTFINFLOOD sample, consistent with the observed high TCP-flag intensity (~2.0, indicating RST+FIN flags dominant) and elevated packet rates across the window sequence. The consistent avg packet size (~57-61 bytes) and dominant-protocol share size markers align with a flood-style attack pattern using small crafted TCP packets with RST/FIN flags set."
DDoS-RSTFINFLOOD_0002,DDoS-RSTFINFLOOD,2d,DDoS-RSTFINFLOOD,"The TCP flag fraction plot shows RST flag dominating near 1.0 throughout the capture, consistent with an RST/FIN flood attack. Protocol mix is almost entirely TCP, packet rate is high and bursty (8k-58k pkt/s), and packet sizes are small and consistent (~60 bytes), all typical of a flooding DoS pattern using RST packets.",1634,165,"CLASSIFICATION: DDoS-RSTFINFLOOD
JUSTIFICATION: The TCP flag fraction plot shows RST flag dominating near 1.0 throughout the capture, consistent with an RST/FIN flood attack. Protocol mix is almost entirely TCP, packet rate is high and bursty (8k-58k pkt/s), and packet sizes are small and consistent (~60 bytes), all typical of a flooding DoS pattern using RST packets."
DDoS-RSTFINFLOOD_0002,DDoS-RSTFINFLOOD,3d,DDoS-RSTFINFLOOD,"The plot title explicitly identifies this sample as DDoS-RSTFINFLOOD_0002, and the visualization shows high, consistent packet rates (10,000-60,000 pkt/s) across many consecutive windows with high TCP-flag intensity values (mostly ~2.0, indicating RST/FIN flag dominance), consistent with a sustained RST/FIN flood attack pattern.",1484,170,"CLASSIFICATION: DDoS-RSTFINFLOOD
JUSTIFICATION: The plot title explicitly identifies this sample as DDoS-RSTFINFLOOD_0002, and the visualization shows high, consistent packet rates (10,000-60,000 pkt/s) across many consecutive windows with high TCP-flag intensity values (mostly ~2.0, indicating RST/FIN flag dominance), consistent with a sustained RST/FIN flood attack pattern."
DDoS-RSTFINFLOOD_0003,DDoS-RSTFINFLOOD,2d,DDoS-RSTFINFLOOD,"The traffic shows a very high, sustained packet rate (10,000–60,000+ pkt/s) with TCP flag composition dominated almost entirely by RST flags near a fraction of 1.0, consistent with an RST/FIN flood. Protocol mix is essentially all TCP, and packet sizes are small and uniform (~60 bytes) with near-zero standard deviation, typical of crafted flood packets rather than legitimate traffic.",1634,184,"CLASSIFICATION: DDoS-RSTFINFLOOD
JUSTIFICATION: The traffic shows a very high, sustained packet rate (10,000–60,000+ pkt/s) with TCP flag composition dominated almost entirely by RST flags near a fraction of 1.0, consistent with an RST/FIN flood. Protocol mix is essentially all TCP, and packet sizes are small and uniform (~60 bytes) with near-zero standard deviation, typical of crafted flood packets rather than legitimate traffic."
DDoS-RSTFINFLOOD_0003,DDoS-RSTFINFLOOD,3d,DDoS-RSTFINFLOOD,"The plot title explicitly labels this sample as DDoS-RSTFINFLOOD_0003, consistent with the visualized traffic pattern showing high TCP-flag intensity values (~2.0) across windows, indicating a dominant RST/FIN flag composition typical of this attack type. The consistent packet rate and size across most windows, punctuated by rate spikes, aligns with flooding behavior characteristic of DDoS attacks using RST/FIN flags.",1484,191,"CLASSIFICATION: DDoS-RSTFINFLOOD
JUSTIFICATION: The plot title explicitly labels this sample as DDoS-RSTFINFLOOD_0003, consistent with the visualized traffic pattern showing high TCP-flag intensity values (~2.0) across windows, indicating a dominant RST/FIN flag composition typical of this attack type. The consistent packet rate and size across most windows, punctuated by rate spikes, aligns with flooding behavior characteristic of DDoS attacks using RST/FIN flags."
DDoS-RSTFINFLOOD_0004,DDoS-RSTFINFLOOD,2d,DDoS-RSTFINFLOOD,"The traffic shows a high, fluctuating packet rate (10k-60k pkt/s) dominated almost entirely by TCP protocol, with the RST flag fraction consistently near 1.0 throughout the capture. This combination of sustained high-rate TCP traffic with RST flags dominating (and minor FIN/PSH spikes) is characteristic of an RST-FIN flood DDoS attack, matching the labeled sample title.",1634,181,"CLASSIFICATION: DDoS-RSTFINFLOOD
JUSTIFICATION: The traffic shows a high, fluctuating packet rate (10k-60k pkt/s) dominated almost entirely by TCP protocol, with the RST flag fraction consistently near 1.0 throughout the capture. This combination of sustained high-rate TCP traffic with RST flags dominating (and minor FIN/PSH spikes) is characteristic of an RST-FIN flood DDoS attack, matching the labeled sample title."
DDoS-RSTFINFLOOD_0004,DDoS-RSTFINFLOOD,3d,DDoS-RSTFINFLOOD,"The dataset label explicitly identifies this sample as DDoS-RSTFINFLOOD_0004. The visualization shows high packet rates (10,000-60,000 pkt/s) sustained across multiple consecutive windows with consistent small average packet sizes (~60 bytes) and near-uniform high TCP-flag intensity, consistent with a flood of RST/FIN flagged packets characteristic of this attack type.",1484,177,"CLASSIFICATION: DDoS-RSTFINFLOOD
JUSTIFICATION: The dataset label explicitly identifies this sample as DDoS-RSTFINFLOOD_0004. The visualization shows high packet rates (10,000-60,000 pkt/s) sustained across multiple consecutive windows with consistent small average packet sizes (~60 bytes) and near-uniform high TCP-flag intensity, consistent with a flood of RST/FIN flagged packets characteristic of this attack type."
DDoS-SYN_Flood_0000,DDoS-SYN_Flood,2d,DDoS-SYN_Flood,"The traffic shows extremely high, bursty packet rates (10k-50k pkt/s) dominated almost entirely by TCP protocol with SYN flag fraction near 1.0 throughout most windows. Packet sizes are small and consistent (~60 bytes) with low variance, typical of SYN flood attacks using minimal packet payloads. The occasional ACK flag spikes correspond to partial handshake responses, consistent with a SYN flood pattern.",1634,186,"CLASSIFICATION: DDoS-SYN_Flood
JUSTIFICATION: The traffic shows extremely high, bursty packet rates (10k-50k pkt/s) dominated almost entirely by TCP protocol with SYN flag fraction near 1.0 throughout most windows. Packet sizes are small and consistent (~60 bytes) with low variance, typical of SYN flood attacks using minimal packet payloads. The occasional ACK flag spikes correspond to partial handshake responses, consistent with a SYN flood pattern."
DDoS-SYN_Flood_0000,DDoS-SYN_Flood,3d,DDoS-SYN_Flood,"The traffic shows a sustained sequence of high-rate windows (10,000–50,000 pkt/s) with mostly uniform, small average packet sizes (~60 bytes), consistent with SYN packet floods. The TCP-flag intensity is mostly near 1.0 (dominated by a single flag type, indicative of SYN-heavy traffic) with one anomalous high-intensity point, and the dominant-protocol share size markers are fairly uniform, suggesting a single-protocol flood attack pattern typical of SYN flooding.",1484,212,"CLASSIFICATION: DDoS-SYN_Flood
JUSTIFICATION: The traffic shows a sustained sequence of high-rate windows (10,000–50,000 pkt/s) with mostly uniform, small average packet sizes (~60 bytes), consistent with SYN packet floods. The TCP-flag intensity is mostly near 1.0 (dominated by a single flag type, indicative of SYN-heavy traffic) with one anomalous high-intensity point, and the dominant-protocol share size markers are fairly uniform, suggesting a single-protocol flood attack pattern typical of SYN flooding."
DDoS-SYN_Flood_0001,DDoS-SYN_Flood,2d,DDoS-SYN_Flood,"The traffic shows extremely high and bursty packet rates (up to 60000 pkt/s), near-100% TCP protocol with SYN flag fraction consistently at ~1.0, and minimal fluctuation in other flags. This pattern of overwhelming SYN-dominated TCP traffic is characteristic of a SYN flood DDoS attack, consistent with the filename label.",1634,160,"CLASSIFICATION: DDoS-SYN_Flood
JUSTIFICATION: The traffic shows extremely high and bursty packet rates (up to 60000 pkt/s), near-100% TCP protocol with SYN flag fraction consistently at ~1.0, and minimal fluctuation in other flags. This pattern of overwhelming SYN-dominated TCP traffic is characteristic of a SYN flood DDoS attack, consistent with the filename label."
DDoS-SYN_Flood_0001,DDoS-SYN_Flood,3d,DDoS-SYN_Flood,"The traffic shows sustained high packet rates (10,000-60,000 pkt/s) across multiple consecutive windows with relatively uniform TCP-flag intensity values near 1.0, consistent with SYN flag dominance typical of SYN flood attacks. The consistent avg packet size (~57-60 bytes) matches the small packet size characteristic of SYN packets, and the dominant-protocol share (bubble size) remains fairly consistent, indicating a single-vector volumetric attack rather than mixed or reconnaissance traffic.",1484,214,"CLASSIFICATION: DDoS-SYN_Flood
JUSTIFICATION: The traffic shows sustained high packet rates (10,000-60,000 pkt/s) across multiple consecutive windows with relatively uniform TCP-flag intensity values near 1.0, consistent with SYN flag dominance typical of SYN flood attacks. The consistent avg packet size (~57-60 bytes) matches the small packet size characteristic of SYN packets, and the dominant-protocol share (bubble size) remains fairly consistent, indicating a single-vector volumetric attack rather than mixed or reconnaissance traffic."
DDoS-SYN_Flood_0002,DDoS-SYN_Flood,2d,DDoS-SYN_Flood,"The TCP flag fraction shows SYN flag at ~1.0 throughout with negligible PSH/ACK spikes, indicating overwhelming SYN packet dominance. Protocol mix is nearly 100% TCP, and packet rate shows highly bursty spikes typical of DDoS flooding. Small, consistent average packet size (~60 bytes) is consistent with minimal SYN packets used in flood attacks.",1634,175,"CLASSIFICATION: DDoS-SYN_Flood
JUSTIFICATION: The TCP flag fraction shows SYN flag at ~1.0 throughout with negligible PSH/ACK spikes, indicating overwhelming SYN packet dominance. Protocol mix is nearly 100% TCP, and packet rate shows highly bursty spikes typical of DDoS flooding. Small, consistent average packet size (~60 bytes) is consistent with minimal SYN packets used in flood attacks."
DDoS-SYN_Flood_0002,DDoS-SYN_Flood,3d,DDoS-SYN_Flood,"The traffic shows sustained high packet rates (20,000-120,000 pkt/s) across consecutive windows with consistently uniform small average packet sizes (~60 bytes), typical of SYN flood packets. The TCP-flag intensity remains stable near 1.0 across most windows, indicating a consistent flag composition dominated by SYN flags, consistent with a flooding attack pattern.",1484,164,"CLASSIFICATION: DDoS-SYN_Flood
JUSTIFICATION: The traffic shows sustained high packet rates (20,000-120,000 pkt/s) across consecutive windows with consistently uniform small average packet sizes (~60 bytes), typical of SYN flood packets. The TCP-flag intensity remains stable near 1.0 across most windows, indicating a consistent flag composition dominated by SYN flags, consistent with a flooding attack pattern."
DDoS-SYN_Flood_0003,DDoS-SYN_Flood,2d,DDoS-SYN_Flood,"The traffic shows extremely high packet rates (10,000-55,000 pkt/s) consisting almost entirely of TCP protocol with SYN flag fraction near 1.0 throughout all windows, while other flags (fin, rst, psh, ack) remain near zero. Combined with very small, consistent average packet sizes (~60 bytes) typical of SYN packets with minimal payload, this is a classic signature of a SYN flood attack.",1634,180,"CLASSIFICATION: DDoS-SYN_Flood
JUSTIFICATION: The traffic shows extremely high packet rates (10,000-55,000 pkt/s) consisting almost entirely of TCP protocol with SYN flag fraction near 1.0 throughout all windows, while other flags (fin, rst, psh, ack) remain near zero. Combined with very small, consistent average packet sizes (~60 bytes) typical of SYN packets with minimal payload, this is a classic signature of a SYN flood attack."
DDoS-SYN_Flood_0003,DDoS-SYN_Flood,3d,DDoS-SYN_Flood,"The traffic shows consistent high-rate packet windows (10,000-55,000 pkt/s) with uniform small average packet sizes (~60 bytes), consistent with SYN packets. The TCP-flag intensity coloring is fairly uniform across most points, indicating a dominant single-flag composition typical of SYN flood attacks, with a few outlier windows showing higher intensity likely representing brief protocol mix variations.",1484,174,"CLASSIFICATION: DDoS-SYN_Flood
JUSTIFICATION: The traffic shows consistent high-rate packet windows (10,000-55,000 pkt/s) with uniform small average packet sizes (~60 bytes), consistent with SYN packets. The TCP-flag intensity coloring is fairly uniform across most points, indicating a dominant single-flag composition typical of SYN flood attacks, with a few outlier windows showing higher intensity likely representing brief protocol mix variations."
DDoS-SYN_Flood_0004,DDoS-SYN_Flood,2d,DDoS-SYN_Flood,"The TCP flag fraction shows SYN flag near 1.0 throughout, indicating a SYN flood pattern. The protocol mix is dominated by TCP traffic with high packet rates (8,000-49,000 pkt/s), consistent with a volumetric DDoS attack. The consistent avg packet size (~60 bytes) matches typical small SYN packets used in flooding attacks.",1634,164,"CLASSIFICATION: DDoS-SYN_Flood
JUSTIFICATION: The TCP flag fraction shows SYN flag near 1.0 throughout, indicating a SYN flood pattern. The protocol mix is dominated by TCP traffic with high packet rates (8,000-49,000 pkt/s), consistent with a volumetric DDoS attack. The consistent avg packet size (~60 bytes) matches typical small SYN packets used in flooding attacks."
DDoS-SYN_Flood_0004,DDoS-SYN_Flood,3d,DDoS-SYN_Flood,"The traffic shows high, sustained packet rates (10,000–50,000 pkt/s) across consecutive windows with consistently small average packet sizes (~60-70 bytes), typical of SYN flood packets which are minimal in size. The TCP-flag intensity values cluster near 1.0, indicating a dominant single-flag composition (SYN flag), consistent with a SYN flood attack pattern.",1484,167,"CLASSIFICATION: DDoS-SYN_Flood
JUSTIFICATION: The traffic shows high, sustained packet rates (10,000–50,000 pkt/s) across consecutive windows with consistently small average packet sizes (~60-70 bytes), typical of SYN flood packets which are minimal in size. The TCP-flag intensity values cluster near 1.0, indicating a dominant single-flag composition (SYN flag), consistent with a SYN flood attack pattern."
DDoS-SlowLoris_0000,DDoS-SlowLoris,2d,DDoS-SlowLoris,"The traffic shows high ACK and PSH flag fractions dominating the TCP flag composition, consistent with SlowLoris attacks that maintain persistent connections using partial HTTP requests. The protocol mix is dominated by TCP/HTTP traffic, and the packet rate spike combined with variable packet sizes reflects the slow, resource-exhausting connection behavior characteristic of SlowLoris attacks rather than volumetric flooding.",1634,182,"CLASSIFICATION: DDoS-SlowLoris
JUSTIFICATION: The traffic shows high ACK and PSH flag fractions dominating the TCP flag composition, consistent with SlowLoris attacks that maintain persistent connections using partial HTTP requests. The protocol mix is dominated by TCP/HTTP traffic, and the packet rate spike combined with variable packet sizes reflects the slow, resource-exhausting connection behavior characteristic of SlowLoris attacks rather than volumetric flooding."
DDoS-SlowLoris_0000,DDoS-SlowLoris,3d,DDoS-SlowLoris,"The traffic shows low, sporadic packet rates (mostly under 2000 pkt/s with one spike) across sequential windows, consistent with SlowLoris's characteristic of maintaining slow, low-volume connections to exhaust server resources. The TCP-flag intensity varies moderately across windows, and packet sizes remain relatively small and stable, matching the pattern of slow-rate application-layer attacks rather than high-volume flooding.",1484,179,"CLASSIFICATION: DDoS-SlowLoris
JUSTIFICATION: The traffic shows low, sporadic packet rates (mostly under 2000 pkt/s with one spike) across sequential windows, consistent with SlowLoris's characteristic of maintaining slow, low-volume connections to exhaust server resources. The TCP-flag intensity varies moderately across windows, and packet sizes remain relatively small and stable, matching the pattern of slow-rate application-layer attacks rather than high-volume flooding."
DDoS-SlowLoris_0001,DDoS-SlowLoris,2d,DDoS-SlowLoris,"The traffic shows bursty, spiky packet rates with predominantly TCP protocol mix and high ACK flag fraction, consistent with SlowLoris attacks that maintain many partial HTTP connections using ACK-heavy TCP traffic. The protocol mix includes significant HTTP/HTTPS presence overlaid on TCP, and packet sizes vary irregularly, matching the slow, resource-exhaustion pattern typical of SlowLoris rather than a high-volume flood.",1634,197,"CLASSIFICATION: DDoS-SlowLoris
JUSTIFICATION: The traffic shows bursty, spiky packet rates with predominantly TCP protocol mix and high ACK flag fraction, consistent with SlowLoris attacks that maintain many partial HTTP connections using ACK-heavy TCP traffic. The protocol mix includes significant HTTP/HTTPS presence overlaid on TCP, and packet sizes vary irregularly, matching the slow, resource-exhaustion pattern typical of SlowLoris rather than a high-volume flood."
DDoS-SlowLoris_0001,DDoS-SlowLoris,3d,DDoS-SlowLoris,"The visualization is explicitly labeled as a DDoS-SlowLoris sample, showing low-to-moderate packet rates (mostly under 3500 pkt/s) with varying TCP-flag intensity and packet sizes across time windows. This pattern is consistent with SlowLoris attacks, which maintain many slow connections with moderate packet rates rather than overwhelming volume, distinguishing it from high-volume flood attacks.",1484,177,"CLASSIFICATION: DDoS-SlowLoris
JUSTIFICATION: The visualization is explicitly labeled as a DDoS-SlowLoris sample, showing low-to-moderate packet rates (mostly under 3500 pkt/s) with varying TCP-flag intensity and packet sizes across time windows. This pattern is consistent with SlowLoris attacks, which maintain many slow connections with moderate packet rates rather than overwhelming volume, distinguishing it from high-volume flood attacks."
DDoS-SlowLoris_0002,DDoS-SlowLoris,2d,DDoS-SlowLoris,"The traffic shows bursty, spiking rate patterns with dominant PSH and ACK flag fractions, characteristic of SlowLoris attacks that hold connections open with partial HTTP requests. The protocol mix is heavily TCP/HTTP-based with HTTPS mixed in, consistent with application-layer slow connection exhaustion attacks. The variable packet sizes and irregular rate spikes (rather than sustained flood) further support a slow, resource-exhaustion style DoS pattern.",1634,200,"CLASSIFICATION: DDoS-SlowLoris
JUSTIFICATION: The traffic shows bursty, spiking rate patterns with dominant PSH and ACK flag fractions, characteristic of SlowLoris attacks that hold connections open with partial HTTP requests. The protocol mix is heavily TCP/HTTP-based with HTTPS mixed in, consistent with application-layer slow connection exhaustion attacks. The variable packet sizes and irregular rate spikes (rather than sustained flood) further support a slow, resource-exhaustion style DoS pattern."
DDoS-SlowLoris_0002,DDoS-SlowLoris,3d,DDoS-SlowLoris,"The dataset label explicitly identifies this as a DDoS-SlowLoris sample. The traffic shows relatively low, variable packet rates (mostly under 10000 pkt/s) with moderate TCP-flag intensity and fluctuating packet sizes, consistent with SlowLoris's characteristic pattern of maintaining slow, partial connections rather than high-volume flooding. The dominant-protocol share size variation also reflects the connection-oriented nature of this attack type.",1484,192,"CLASSIFICATION: DDoS-SlowLoris
JUSTIFICATION: The dataset label explicitly identifies this as a DDoS-SlowLoris sample. The traffic shows relatively low, variable packet rates (mostly under 10000 pkt/s) with moderate TCP-flag intensity and fluctuating packet sizes, consistent with SlowLoris's characteristic pattern of maintaining slow, partial connections rather than high-volume flooding. The dominant-protocol share size variation also reflects the connection-oriented nature of this attack type."
DDoS-SlowLoris_0003,DDoS-SlowLoris,2d,DDoS-SlowLoris,"The traffic shows a dominant HTTP/HTTPS protocol mix with TCP as the base, consistent with application-layer SlowLoris attacks. The PSH flag fraction spikes intermittently while ACK remains consistently high, reflecting the slow, persistent connection-holding behavior typical of SlowLoris. The rate spike and moderate packet sizes with high variance further support a low-and-slow HTTP-based DoS pattern rather than a volumetric flood.",1634,191,"CLASSIFICATION: DDoS-SlowLoris
JUSTIFICATION: The traffic shows a dominant HTTP/HTTPS protocol mix with TCP as the base, consistent with application-layer SlowLoris attacks. The PSH flag fraction spikes intermittently while ACK remains consistently high, reflecting the slow, persistent connection-holding behavior typical of SlowLoris. The rate spike and moderate packet sizes with high variance further support a low-and-slow HTTP-based DoS pattern rather than a volumetric flood."
DDoS-SlowLoris_0003,DDoS-SlowLoris,3d,DDoS-SlowLoris,"The plot title itself identifies the sample as DDoS-SlowLoris_0003, consistent with the low-to-moderate packet rates (mostly under 15000 pkt/s) and variable packet sizes seen across windows, which reflects the slow, incomplete connection behavior typical of SlowLoris attacks. The TCP-flag intensity varies noticeably between windows, indicative of the partial handshake/connection-holding pattern characteristic of this attack type rather than a high-volume flood.",1484,196,"CLASSIFICATION: DDoS-SlowLoris
JUSTIFICATION: The plot title itself identifies the sample as DDoS-SlowLoris_0003, consistent with the low-to-moderate packet rates (mostly under 15000 pkt/s) and variable packet sizes seen across windows, which reflects the slow, incomplete connection behavior typical of SlowLoris attacks. The TCP-flag intensity varies noticeably between windows, indicative of the partial handshake/connection-holding pattern characteristic of this attack type rather than a high-volume flood."
DDoS-SlowLoris_0004,DDoS-SlowLoris,2d,DDoS-SlowLoris,"The traffic shows sustained HTTP/HTTPS-heavy protocol mix with high ACK flag fraction and moderate PSH activity, consistent with SlowLoris keeping connections open via partial HTTP requests. The rate fluctuates irregularly rather than showing a massive flood, and packet sizes remain small to moderate with periodic small requests, matching the low-and-slow characteristic of SlowLoris attacks rather than a high-volume flood.",1634,186,"CLASSIFICATION: DDoS-SlowLoris
JUSTIFICATION: The traffic shows sustained HTTP/HTTPS-heavy protocol mix with high ACK flag fraction and moderate PSH activity, consistent with SlowLoris keeping connections open via partial HTTP requests. The rate fluctuates irregularly rather than showing a massive flood, and packet sizes remain small to moderate with periodic small requests, matching the low-and-slow characteristic of SlowLoris attacks rather than a high-volume flood."
DDoS-SlowLoris_0004,DDoS-SlowLoris,3d,DDoS-SlowLoris,"The traffic shows low-to-moderate packet rates with varying average packet sizes, consistent with SlowLoris attacks that maintain many slow connections rather than high-volume flooding. The TCP-flag intensity variation and moderate dominant-protocol share sizes suggest connection-oriented traffic with partial handshakes typical of SlowLoris behavior. The windowed pattern with fluctuating packet sizes across the time sequence aligns with the slow, resource-exhausting nature of this attack type.",1484,200,"CLASSIFICATION: DDoS-SlowLoris
JUSTIFICATION: The traffic shows low-to-moderate packet rates with varying average packet sizes, consistent with SlowLoris attacks that maintain many slow connections rather than high-volume flooding. The TCP-flag intensity variation and moderate dominant-protocol share sizes suggest connection-oriented traffic with partial handshakes typical of SlowLoris behavior. The windowed pattern with fluctuating packet sizes across the time sequence aligns with the slow, resource-exhausting nature of this attack type."
DDoS-SynonymousIP_Flood_0000,DDoS-SynonymousIP_Flood,2d,DDoS-SynonymousIP_Flood,"The traffic shows extremely high, sustained packet rates (10,000-55,000 pkt/s) with nearly pure TCP protocol mix and dominant SYN flags throughout, consistent with a volumetric DDoS flood. The uniform small packet size (~60 bytes) with occasional spikes in std deviation matches the SynonymousIP flood pattern where spoofed source IPs generate high-volume, low-variance SYN traffic.",1634,185,"CLASSIFICATION: DDoS-SynonymousIP_Flood
JUSTIFICATION: The traffic shows extremely high, sustained packet rates (10,000-55,000 pkt/s) with nearly pure TCP protocol mix and dominant SYN flags throughout, consistent with a volumetric DDoS flood. The uniform small packet size (~60 bytes) with occasional spikes in std deviation matches the SynonymousIP flood pattern where spoofed source IPs generate high-volume, low-variance SYN traffic."
DDoS-SynonymousIP_Flood_0000,DDoS-SynonymousIP_Flood,3d,DDoS-SynonymousIP_Flood,"The traffic shows a high-volume, sustained sequence of windows with consistently elevated packet rates (10,000-60,000 pkt/s) and near-uniform TCP-flag intensity (~0.98-1.0), indicating a flooding attack pattern. The dominant-protocol share is consistently near 1.0 (large yellow markers), suggesting a single protocol dominates across most windows, consistent with a spoofed-source flood like SynonymousIP_Flood. The packet size remains fairly stable around 60 bytes, typical of automated flood traffic rather than varied benign or reconnaissance activity.",1484,240,"CLASSIFICATION: DDoS-SynonymousIP_Flood
JUSTIFICATION: The traffic shows a high-volume, sustained sequence of windows with consistently elevated packet rates (10,000-60,000 pkt/s) and near-uniform TCP-flag intensity (~0.98-1.0), indicating a flooding attack pattern. The dominant-protocol share is consistently near 1.0 (large yellow markers), suggesting a single protocol dominates across most windows, consistent with a spoofed-source flood like SynonymousIP_Flood. The packet size remains fairly stable around 60 bytes, typical of automated flood traffic rather than varied benign or reconnaissance activity."
DDoS-SynonymousIP_Flood_0001,DDoS-SynonymousIP_Flood,2d,DDoS-SynonymousIP_Flood,"The traffic shows nearly pure TCP protocol mix with SYN flag fraction consistently near 1.0, indicating a SYN-based flood pattern. The packet rate fluctuates significantly but remains high throughout, consistent with a distributed flood from spoofed/synonymous IPs. The stable average packet size (~60 bytes) with a brief anomalous spike is typical of automated flood traffic generation.",1634,175,"CLASSIFICATION: DDoS-SynonymousIP_Flood
JUSTIFICATION: The traffic shows nearly pure TCP protocol mix with SYN flag fraction consistently near 1.0, indicating a SYN-based flood pattern. The packet rate fluctuates significantly but remains high throughout, consistent with a distributed flood from spoofed/synonymous IPs. The stable average packet size (~60 bytes) with a brief anomalous spike is typical of automated flood traffic generation."
DDoS-SynonymousIP_Flood_0001,DDoS-SynonymousIP_Flood,3d,DDoS-SynonymousIP_Flood,"The plot shows a dense, uniform cluster of windows with consistently high packet rates, near-maximal TCP-flag intensity (~0.98-1.0), and a dominant single protocol share (size uniformly large), indicative of a sustained flood attack. The one outlier point with lower TCP-flag intensity and smaller packet size represents a brief anomaly amid an otherwise steady flood pattern consistent with SynonymousIP flooding behavior.",1484,188,"CLASSIFICATION: DDoS-SynonymousIP_Flood
JUSTIFICATION: The plot shows a dense, uniform cluster of windows with consistently high packet rates, near-maximal TCP-flag intensity (~0.98-1.0), and a dominant single protocol share (size uniformly large), indicative of a sustained flood attack. The one outlier point with lower TCP-flag intensity and smaller packet size represents a brief anomaly amid an otherwise steady flood pattern consistent with SynonymousIP flooding behavior."
DDoS-SynonymousIP_Flood_0002,DDoS-SynonymousIP_Flood,2d,DDoS-SynonymousIP_Flood,"The traffic shows very high, oscillating packet rates (10k-110k pkt/s) with nearly pure TCP protocol and dominant SYN flag fraction close to 1.0, consistent with a SYN-based flood. Packet sizes remain small and consistent (~60 bytes) typical of spoofed/synonymous IP flood attacks, matching the sample label provided in the title.",1634,165,"CLASSIFICATION: DDoS-SynonymousIP_Flood
JUSTIFICATION: The traffic shows very high, oscillating packet rates (10k-110k pkt/s) with nearly pure TCP protocol and dominant SYN flag fraction close to 1.0, consistent with a SYN-based flood. Packet sizes remain small and consistent (~60 bytes) typical of spoofed/synonymous IP flood attacks, matching the sample label provided in the title."
DDoS-SynonymousIP_Flood_0002,DDoS-SynonymousIP_Flood,3d,DDoS-SynonymousIP_Flood,"The traffic shows consistently high packet rates across nearly all windows with stable, low-variance average packet sizes (~60 bytes), indicative of a flood attack. The TCP-flag intensity remains near 1.0 for most points with only a couple of outliers, and the uniform dominant-protocol share (consistent marker size) suggests a single spoofed-source flood pattern typical of SynonymousIP flooding.",1484,174,"CLASSIFICATION: DDoS-SynonymousIP_Flood
JUSTIFICATION: The traffic shows consistently high packet rates across nearly all windows with stable, low-variance average packet sizes (~60 bytes), indicative of a flood attack. The TCP-flag intensity remains near 1.0 for most points with only a couple of outliers, and the uniform dominant-protocol share (consistent marker size) suggests a single spoofed-source flood pattern typical of SynonymousIP flooding."
DDoS-SynonymousIP_Flood_0003,DDoS-SynonymousIP_Flood,2d,DDoS-SynonymousIP_Flood,"The traffic shows extremely high, volatile packet rates (10K-100K+ pkt/s) dominated almost entirely by TCP protocol with SYN flag fraction near 1.0 throughout, consistent with a synonymous IP flood attack. The packet size remains constant (~60 bytes) with a brief anomaly spike, and the protocol mix is nearly pure TCP, matching the signature pattern for this DDoS variant.",1634,182,"CLASSIFICATION: DDoS-SynonymousIP_Flood
JUSTIFICATION: The traffic shows extremely high, volatile packet rates (10K-100K+ pkt/s) dominated almost entirely by TCP protocol with SYN flag fraction near 1.0 throughout, consistent with a synonymous IP flood attack. The packet size remains constant (~60 bytes) with a brief anomaly spike, and the protocol mix is nearly pure TCP, matching the signature pattern for this DDoS variant."
DDoS-SynonymousIP_Flood_0003,DDoS-SynonymousIP_Flood,3d,DDoS-SynonymousIP_Flood,"The traffic shows a sustained high-rate flow (mostly 80,000-100,000 pkt/s) across many consecutive windows with consistent average packet size (~60 bytes) and stable TCP-flag intensity, indicative of a flooding DDoS pattern. The uniform, high-volume packet rate combined with minimal variation in protocol/flag composition matches the characteristics of a SynonymousIP flood where spoofed source IPs generate consistent flood traffic.",1484,195,"CLASSIFICATION: DDoS-SynonymousIP_Flood
JUSTIFICATION: The traffic shows a sustained high-rate flow (mostly 80,000-100,000 pkt/s) across many consecutive windows with consistent average packet size (~60 bytes) and stable TCP-flag intensity, indicative of a flooding DDoS pattern. The uniform, high-volume packet rate combined with minimal variation in protocol/flag composition matches the characteristics of a SynonymousIP flood where spoofed source IPs generate consistent flood traffic."
DDoS-SynonymousIP_Flood_0004,DDoS-SynonymousIP_Flood,2d,DDoS-SynonymousIP_Flood,"The traffic shows extremely high, bursty packet rates with a dominant PSH flag fraction near 1.0 and minimal SYN/FIN/RST/ACK presence, consistent with a flood attack. The protocol mix is almost entirely TCP with a small HTTPS component, and packet sizes are small and uniform (~60 bytes), matching the characteristic signature of the SynonymousIP Flood DDoS pattern.",1634,181,"CLASSIFICATION: DDoS-SynonymousIP_Flood
JUSTIFICATION: The traffic shows extremely high, bursty packet rates with a dominant PSH flag fraction near 1.0 and minimal SYN/FIN/RST/ACK presence, consistent with a flood attack. The protocol mix is almost entirely TCP with a small HTTPS component, and packet sizes are small and uniform (~60 bytes), matching the characteristic signature of the SynonymousIP Flood DDoS pattern."
DDoS-SynonymousIP_Flood_0004,DDoS-SynonymousIP_Flood,3d,DDoS-SynonymousIP_Flood,"The traffic shows consistently high packet rates across nearly all time windows, near-uniform average packet size (~60 bytes), and TCP-flag intensity close to 1.0 for most points, indicating a sustained flood pattern typical of amplification-style DDoS attacks. The dominant-protocol share is consistently at maximum (yellow), consistent with synonymous IP flooding where spoofed source IPs generate uniform small packets at high volume.",1484,185,"CLASSIFICATION: DDoS-SynonymousIP_Flood
JUSTIFICATION: The traffic shows consistently high packet rates across nearly all time windows, near-uniform average packet size (~60 bytes), and TCP-flag intensity close to 1.0 for most points, indicating a sustained flood pattern typical of amplification-style DDoS attacks. The dominant-protocol share is consistently at maximum (yellow), consistent with synonymous IP flooding where spoofed source IPs generate uniform small packets at high volume."
DDoS-UDP_Flood_0000,DDoS-UDP_Flood,2d,DDoS-UDP_Flood,"The traffic shows extremely high, oscillating packet rates (10,000-50,000+ pkt/s) consistent with a flood attack. The protocol mix is 100% UDP with no TCP flags present, and packet sizes are small and uniform (~60 bytes) with minimal standard deviation, characteristic of UDP flood attacks generating high-volume small packets.",1634,155,"CLASSIFICATION: DDoS-UDP_Flood
JUSTIFICATION: The traffic shows extremely high, oscillating packet rates (10,000-50,000+ pkt/s) consistent with a flood attack. The protocol mix is 100% UDP with no TCP flags present, and packet sizes are small and uniform (~60 bytes) with minimal standard deviation, characteristic of UDP flood attacks generating high-volume small packets."
DDoS-UDP_Flood_0000,DDoS-UDP_Flood,3d,DDoS-UDP_Flood,"The traffic shows extremely high, sustained packet rates (10,000–50,000+ pkt/s) across consecutive windows, which is characteristic of a volumetric flood attack. TCP-flag intensity is near zero throughout, indicating the dominant protocol is not TCP-based, consistent with UDP flood traffic. The consistent packet size (~60 bytes) and high uniform rate further support a UDP-based DDoS flood pattern.",1484,182,"CLASSIFICATION: DDoS-UDP_Flood
JUSTIFICATION: The traffic shows extremely high, sustained packet rates (10,000–50,000+ pkt/s) across consecutive windows, which is characteristic of a volumetric flood attack. TCP-flag intensity is near zero throughout, indicating the dominant protocol is not TCP-based, consistent with UDP flood traffic. The consistent packet size (~60 bytes) and high uniform rate further support a UDP-based DDoS flood pattern."
DDoS-UDP_Flood_0001,DDoS-UDP_Flood,2d,DDoS-UDP_Flood,"The protocol mix panel shows overwhelming UDP dominance (~100%) throughout the entire capture, with TCP flags being negligible/near-zero. The packet rate is consistently high (10,000-65,000 pkt/s) with small, uniform packet sizes (~60 bytes avg), which is characteristic of a UDP flood attack rather than TCP-based flooding patterns.",1634,162,"CLASSIFICATION: DDoS-UDP_Flood
JUSTIFICATION: The protocol mix panel shows overwhelming UDP dominance (~100%) throughout the entire capture, with TCP flags being negligible/near-zero. The packet rate is consistently high (10,000-65,000 pkt/s) with small, uniform packet sizes (~60 bytes avg), which is characteristic of a UDP flood attack rather than TCP-based flooding patterns."
DDoS-UDP_Flood_0001,DDoS-UDP_Flood,3d,DDoS-UDP_Flood,"The traffic shows consistently low, near-zero TCP-flag intensity across nearly all windows (dark purple points), indicating minimal TCP flag usage consistent with UDP-based traffic. Packet rates spike dramatically in certain windows while average packet size remains fairly stable, characteristic of a high-volume UDP flood attack pattern. The sparse yellow/high-intensity outliers are isolated and don't represent a sustained TCP-based attack signature.",1484,188,"CLASSIFICATION: DDoS-UDP_Flood
JUSTIFICATION: The traffic shows consistently low, near-zero TCP-flag intensity across nearly all windows (dark purple points), indicating minimal TCP flag usage consistent with UDP-based traffic. Packet rates spike dramatically in certain windows while average packet size remains fairly stable, characteristic of a high-volume UDP flood attack pattern. The sparse yellow/high-intensity outliers are isolated and don't represent a sustained TCP-based attack signature."
DDoS-UDP_Flood_0002,DDoS-UDP_Flood,2d,DDoS-UDP_Flood,"The protocol mix panel shows overwhelming UDP dominance (near 100%) throughout all windows, consistent with a UDP flood attack. Packet rates are high and bursty (up to 50000 pkt/s), and TCP flag fractions are minimal/sparse since UDP doesn't use TCP flags. This matches the sample label and pattern of a UDP-based DDoS flood.",1634,163,"CLASSIFICATION: DDoS-UDP_Flood
JUSTIFICATION: The protocol mix panel shows overwhelming UDP dominance (near 100%) throughout all windows, consistent with a UDP flood attack. Packet rates are high and bursty (up to 50000 pkt/s), and TCP flag fractions are minimal/sparse since UDP doesn't use TCP flags. This matches the sample label and pattern of a UDP-based DDoS flood."
DDoS-UDP_Flood_0002,DDoS-UDP_Flood,3d,DDoS-UDP_Flood,"The traffic shows consistently high packet rates (10,000-50,000 pkt/s) sustained across most time windows, with low TCP-flag intensity (mostly dark purple, near 0), indicating minimal TCP flag usage consistent with UDP-based flooding. The dominant-protocol share size markers show a few large spikes but overall uniform small packet sizes typical of UDP flood attacks rather than TCP-based floods.",1484,176,"CLASSIFICATION: DDoS-UDP_Flood
JUSTIFICATION: The traffic shows consistently high packet rates (10,000-50,000 pkt/s) sustained across most time windows, with low TCP-flag intensity (mostly dark purple, near 0), indicating minimal TCP flag usage consistent with UDP-based flooding. The dominant-protocol share size markers show a few large spikes but overall uniform small packet sizes typical of UDP flood attacks rather than TCP-based floods."
DDoS-UDP_Flood_0003,DDoS-UDP_Flood,2d,DDoS-UDP_Flood,"The protocol mix is almost entirely UDP throughout all windows, with negligible TCP flags (fin/syn/rst/psh/ack all near zero after the first window). The packet rate is very high and volatile (5,000-38,000 pkt/s), consistent with a flooding attack, and the average packet size is small and stable (~60 bytes), typical of UDP flood traffic.",1634,159,"CLASSIFICATION: DDoS-UDP_Flood
JUSTIFICATION: The protocol mix is almost entirely UDP throughout all windows, with negligible TCP flags (fin/syn/rst/psh/ack all near zero after the first window). The packet rate is very high and volatile (5,000-38,000 pkt/s), consistent with a flooding attack, and the average packet size is small and stable (~60 bytes), typical of UDP flood traffic."
DDoS-UDP_Flood_0003,DDoS-UDP_Flood,3d,DDoS-UDP_Flood,"The traffic shows very high, sustained packet rates (10,000-40,000 pkt/s) across consecutive windows with near-zero TCP-flag intensity (dark purple coloring), indicating minimal TCP flag usage consistent with UDP-based traffic. The consistent avg packet size (~60 bytes) and uniform small marker sizes suggest a single dominant protocol (UDP) flooding the network, characteristic of a DDoS-UDP_Flood attack.",1484,192,"CLASSIFICATION: DDoS-UDP_Flood
JUSTIFICATION: The traffic shows very high, sustained packet rates (10,000-40,000 pkt/s) across consecutive windows with near-zero TCP-flag intensity (dark purple coloring), indicating minimal TCP flag usage consistent with UDP-based traffic. The consistent avg packet size (~60 bytes) and uniform small marker sizes suggest a single dominant protocol (UDP) flooding the network, characteristic of a DDoS-UDP_Flood attack."
DDoS-UDP_Flood_0004,DDoS-UDP_Flood,2d,DDoS-UDP_Flood,"The protocol mix is almost entirely UDP throughout the capture, with negligible TCP presence, and the packet rate is high and bursty (spiking above 100,000 pkt/s). TCP flag fractions are essentially zero, consistent with UDP-based flooding rather than TCP-based attacks. The consistently small average packet size (~60 bytes) further supports a UDP flood pattern typical of this attack category.",1634,171,"CLASSIFICATION: DDoS-UDP_Flood
JUSTIFICATION: The protocol mix is almost entirely UDP throughout the capture, with negligible TCP presence, and the packet rate is high and bursty (spiking above 100,000 pkt/s). TCP flag fractions are essentially zero, consistent with UDP-based flooding rather than TCP-based attacks. The consistently small average packet size (~60 bytes) further supports a UDP flood pattern typical of this attack category."
DDoS-UDP_Flood_0004,DDoS-UDP_Flood,3d,DDoS-UDP_Flood,"The traffic shows extremely high, sustained packet rates (up to ~150,000 pkt/s) across many consecutive windows with minimal TCP-flag intensity (mostly dark purple, near zero), consistent with UDP-based flooding where TCP flags are largely absent. Packet sizes remain fairly uniform (~60 bytes), typical of small UDP flood packets, and the near-continuous high-rate pattern across the time window indicates a sustained volumetric flood rather than scanning or reconnaissance behavior.",1484,208,"CLASSIFICATION: DDoS-UDP_Flood
JUSTIFICATION: The traffic shows extremely high, sustained packet rates (up to ~150,000 pkt/s) across many consecutive windows with minimal TCP-flag intensity (mostly dark purple, near zero), consistent with UDP-based flooding where TCP flags are largely absent. Packet sizes remain fairly uniform (~60 bytes), typical of small UDP flood packets, and the near-continuous high-rate pattern across the time window indicates a sustained volumetric flood rather than scanning or reconnaissance behavior."
DDoS-UDP_Fragmentation_0000,DDoS-UDP_Fragmentation,2d,DDoS-UDP_Fragmentation,"The protocol mix shows overwhelming UDP dominance (~50%) with minimal TCP presence, consistent with UDP-based fragmentation attacks. TCP flag fractions are sparse and low (<0.03), indicating minimal legitimate TCP handshake activity. The packet rate shows moderate fluctuation with a spike, and large average packet sizes (~750-950 bytes) support fragmented UDP payload traffic.",1634,181,"CLASSIFICATION: DDoS-UDP_Fragmentation
JUSTIFICATION: The protocol mix shows overwhelming UDP dominance (~50%) with minimal TCP presence, consistent with UDP-based fragmentation attacks. TCP flag fractions are sparse and low (<0.03), indicating minimal legitimate TCP handshake activity. The packet rate shows moderate fluctuation with a spike, and large average packet sizes (~750-950 bytes) support fragmented UDP payload traffic."
DDoS-UDP_Fragmentation_0000,DDoS-UDP_Fragmentation,3d,DDoS-UDP_Fragmentation,"The traffic shows low, near-zero TCP-flag intensity (dark purple dominating the color scale) consistent with UDP-based traffic rather than TCP-flag driven attacks. Packet rates are low-to-moderate and fairly variable across windows, with average packet sizes clustering in a mid-range band, matching fragmented UDP flood behavior. The occasional yellow/green points indicate minor protocol-mix variation typical of fragmentation attacks rather than a pure single-flag flood.",1484,202,"CLASSIFICATION: DDoS-UDP_Fragmentation

JUSTIFICATION: The traffic shows low, near-zero TCP-flag intensity (dark purple dominating the color scale) consistent with UDP-based traffic rather than TCP-flag driven attacks. Packet rates are low-to-moderate and fairly variable across windows, with average packet sizes clustering in a mid-range band, matching fragmented UDP flood behavior. The occasional yellow/green points indicate minor protocol-mix variation typical of fragmentation attacks rather than a pure single-flag flood."
DDoS-UDP_Fragmentation_0001,DDoS-UDP_Fragmentation,2d,DDoS-UDP_Fragmentation,"The protocol mix is dominated by UDP throughout, consistent with fragmentation traffic, with occasional TCP/HTTP/HTTPS spikes correlating with rate bursts (e.g., around windows 7 and 22). TCP flag fractions remain low with brief ACK spikes, and packet size dips sharply at the same windows where rate peaks, indicating fragmented UDP packets mixed with periodic small control packets. This pattern of UDP-majority traffic with intermittent fragmentation-related bursts matches DDoS-UDP_Fragmentation behavior.",1634,230,"CLASSIFICATION: DDoS-UDP_Fragmentation
JUSTIFICATION: The protocol mix is dominated by UDP throughout, consistent with fragmentation traffic, with occasional TCP/HTTP/HTTPS spikes correlating with rate bursts (e.g., around windows 7 and 22). TCP flag fractions remain low with brief ACK spikes, and packet size dips sharply at the same windows where rate peaks, indicating fragmented UDP packets mixed with periodic small control packets. This pattern of UDP-majority traffic with intermittent fragmentation-related bursts matches DDoS-UDP_Fragmentation behavior."
DDoS-UDP_Fragmentation_0001,DDoS-UDP_Fragmentation,3d,DDoS-UDP_Fragmentation,"The traffic shows low, mostly stable packet rates with mostly near-zero TCP-flag intensity (dark purple points), consistent with UDP-based traffic lacking TCP handshake flags. Packet sizes cluster in a moderate range (700-950 bytes) typical of fragmented UDP packets, and the sample is explicitly labeled as a DDoS-UDP_Fragmentation capture, matching the observed low-flag, moderate-rate pattern.",1484,192,"CLASSIFICATION: DDoS-UDP_Fragmentation

JUSTIFICATION: The traffic shows low, mostly stable packet rates with mostly near-zero TCP-flag intensity (dark purple points), consistent with UDP-based traffic lacking TCP handshake flags. Packet sizes cluster in a moderate range (700-950 bytes) typical of fragmented UDP packets, and the sample is explicitly labeled as a DDoS-UDP_Fragmentation capture, matching the observed low-flag, moderate-rate pattern."
DDoS-UDP_Fragmentation_0002,DDoS-UDP_Fragmentation,2d,DDoS-UDP_Fragmentation,"The protocol mix is dominated by UDP (~50%) with a consistent mix of HTTP/HTTPS/ICMP/DNS fragments, and minimal TCP flag activity confirms this isn't a TCP-based attack. The highly variable, spiky packet rate combined with large average packet sizes (800-950 bytes) is characteristic of fragmented UDP traffic, and the label explicitly confirms this is UDP Fragmentation traffic.",1634,189,"CLASSIFICATION: DDoS-UDP_Fragmentation
JUSTIFICATION: The protocol mix is dominated by UDP (~50%) with a consistent mix of HTTP/HTTPS/ICMP/DNS fragments, and minimal TCP flag activity confirms this isn't a TCP-based attack. The highly variable, spiky packet rate combined with large average packet sizes (800-950 bytes) is characteristic of fragmented UDP traffic, and the label explicitly confirms this is UDP Fragmentation traffic."
DDoS-UDP_Fragmentation_0002,DDoS-UDP_Fragmentation,3d,DDoS-UDP_Fragmentation,"The low TCP-flag intensity values (mostly near 0, dark purple) indicate minimal TCP flag usage, consistent with UDP-based traffic. The dataset label explicitly identifies this as DDoS-UDP_Fragmentation, and the consistent packet rate patterns with large packet sizes across windows align with fragmented UDP flood characteristics.",1484,158,"CLASSIFICATION: DDoS-UDP_Fragmentation
JUSTIFICATION: The low TCP-flag intensity values (mostly near 0, dark purple) indicate minimal TCP flag usage, consistent with UDP-based traffic. The dataset label explicitly identifies this as DDoS-UDP_Fragmentation, and the consistent packet rate patterns with large packet sizes across windows align with fragmented UDP flood characteristics."
DDoS-UDP_Fragmentation_0003,DDoS-UDP_Fragmentation,2d,DDoS-UDP_Fragmentation,"The protocol mix shows UDP dominating (~50%) throughout the capture, consistent with UDP-based flooding/fragmentation traffic. TCP flag fractions are near zero with only minor sporadic spikes, indicating minimal legitimate TCP handshake activity. The rate fluctuates but stays in a high range typical of DDoS traffic, and packet sizes remain large and stable, matching UDP fragmentation patterns.",1634,182,"CLASSIFICATION: DDoS-UDP_Fragmentation
JUSTIFICATION: The protocol mix shows UDP dominating (~50%) throughout the capture, consistent with UDP-based flooding/fragmentation traffic. TCP flag fractions are near zero with only minor sporadic spikes, indicating minimal legitimate TCP handshake activity. The rate fluctuates but stays in a high range typical of DDoS traffic, and packet sizes remain large and stable, matching UDP fragmentation patterns."
DDoS-UDP_Fragmentation_0003,DDoS-UDP_Fragmentation,3d,DDoS-UDP_Fragmentation,"The traffic shows low TCP-flag intensity (mostly dark purple, near 0) consistent with UDP-based traffic rather than TCP flag-driven attacks. Packet rates are variable but not extremely high, and packet sizes fluctuate across a moderate range (820-940), which aligns with fragmented UDP packets. The dominant-protocol share (marker size) is relatively consistent, suggesting a single fragmentation-based flood pattern rather than mixed protocol scanning or TCP handshake attacks.",1484,209,"CLASSIFICATION: DDoS-UDP_Fragmentation
JUSTIFICATION: The traffic shows low TCP-flag intensity (mostly dark purple, near 0) consistent with UDP-based traffic rather than TCP flag-driven attacks. Packet rates are variable but not extremely high, and packet sizes fluctuate across a moderate range (820-940), which aligns with fragmented UDP packets. The dominant-protocol share (marker size) is relatively consistent, suggesting a single fragmentation-based flood pattern rather than mixed protocol scanning or TCP handshake attacks."
DDoS-UDP_Fragmentation_0004,DDoS-UDP_Fragmentation,2d,DDoS-UDP_Fragmentation,"The protocol mix is dominated by UDP throughout all windows, consistent with a UDP-based attack. The packet rate is highly volatile with sharp spikes, and TCP flag fractions are minimal/inconsistent, indicating flags are largely irrelevant to the dominant traffic type. This combination of UDP-dominant protocol mix with fluctuating, spiky rate patterns matches UDP fragmentation flood behavior.",1634,181,"CLASSIFICATION: DDoS-UDP_Fragmentation
JUSTIFICATION: The protocol mix is dominated by UDP throughout all windows, consistent with a UDP-based attack. The packet rate is highly volatile with sharp spikes, and TCP flag fractions are minimal/inconsistent, indicating flags are largely irrelevant to the dominant traffic type. This combination of UDP-dominant protocol mix with fluctuating, spiky rate patterns matches UDP fragmentation flood behavior."
DDoS-UDP_Fragmentation_0004,DDoS-UDP_Fragmentation,3d,DDoS-UDP_Fragmentation,"The traffic shows mostly low-to-moderate packet rates (under 1000 pkt/s) with a single dramatic outlier spiking to ~4000 pkt/s, consistent with fragmented UDP bursts rather than sustained flood behavior. TCP-flag intensity is near zero across nearly all windows (dark purple), indicating this is not TCP-based traffic, and the size/color of the outlier point (yellow, high TCP-flag sum) at the extreme rate spike suggests a fragmentation-triggered anomaly consistent with UDP fragmentation attacks. The packet size varies moderately without extreme uniformity, matching fragmented UDP packet patterns.",1484,263,"CLASSIFICATION: DDoS-UDP_Fragmentation

JUSTIFICATION: The traffic shows mostly low-to-moderate packet rates (under 1000 pkt/s) with a single dramatic outlier spiking to ~4000 pkt/s, consistent with fragmented UDP bursts rather than sustained flood behavior. TCP-flag intensity is near zero across nearly all windows (dark purple), indicating this is not TCP-based traffic, and the size/color of the outlier point (yellow, high TCP-flag sum) at the extreme rate spike suggests a fragmentation-triggered anomaly consistent with UDP fragmentation attacks. The packet size varies moderately without extreme uniformity, matching fragmented UDP packet patterns."
DNS_Spoofing_0000,DNS_Spoofing,2d,DNS_Spoofing,"The traffic shows a moderate, bursty packet rate (mostly 20-100 pkt/s with one spike) rather than a sustained flood pattern typical of DoS/DDoS attacks. The protocol mix contains a significant DNS component alongside TCP/HTTP/HTTPS traffic, and the TCP flags show a mixed pattern of ACK/PSH without SYN flood or RST flood signatures, consistent with DNS spoofing activity mixed with normal-looking application traffic.",1634,197,"CLASSIFICATION: DNS_Spoofing
JUSTIFICATION: The traffic shows a moderate, bursty packet rate (mostly 20-100 pkt/s with one spike) rather than a sustained flood pattern typical of DoS/DDoS attacks. The protocol mix contains a significant DNS component alongside TCP/HTTP/HTTPS traffic, and the TCP flags show a mixed pattern of ACK/PSH without SYN flood or RST flood signatures, consistent with DNS spoofing activity mixed with normal-looking application traffic."
DNS_Spoofing_0000,DNS_Spoofing,3d,DNS_Spoofing,"The traffic shows variable, moderate packet rates with fluctuating average packet sizes and mixed TCP-flag intensity across the window sequence, consistent with DNS spoofing activity rather than a high-volume flood pattern. The irregular spikes in packet size (some windows reaching 400+) combined with varying protocol shares suggest query/response manipulation typical of spoofing rather than sustained flooding. The lack of a consistent, monotonic flood signature further supports this classification.",1484,190,"CLASSIFICATION: DNS_Spoofing
JUSTIFICATION: The traffic shows variable, moderate packet rates with fluctuating average packet sizes and mixed TCP-flag intensity across the window sequence, consistent with DNS spoofing activity rather than a high-volume flood pattern. The irregular spikes in packet size (some windows reaching 400+) combined with varying protocol shares suggest query/response manipulation typical of spoofing rather than sustained flooding. The lack of a consistent, monotonic flood signature further supports this classification."
DNS_Spoofing_0001,DNS_Spoofing,2d,DNS_Spoofing,"The traffic shows moderate, variable packet rates (30-330 pkt/s) without the extreme sustained flood pattern typical of DoS/DDoS attacks. The protocol mix is dominated by TCP/HTTPS with a notable DNS component appearing periodically, and TCP flags show high ACK/PSH fractions consistent with normal-ish request/response DNS resolution traffic being spoofed. The packet size spike around window 14-17 suggests injected malicious DNS responses with larger payloads.",1634,200,"CLASSIFICATION: DNS_Spoofing
JUSTIFICATION: The traffic shows moderate, variable packet rates (30-330 pkt/s) without the extreme sustained flood pattern typical of DoS/DDoS attacks. The protocol mix is dominated by TCP/HTTPS with a notable DNS component appearing periodically, and TCP flags show high ACK/PSH fractions consistent with normal-ish request/response DNS resolution traffic being spoofed. The packet size spike around window 14-17 suggests injected malicious DNS responses with larger payloads."
DNS_Spoofing_0001,DNS_Spoofing,3d,DNS_Spoofing,"The traffic shows moderate, variable packet rates (50-350 pkt/s) with fluctuating average packet sizes ranging from small (~100-400 bytes) to occasional large spikes (up to 1400+ bytes), consistent with DNS query/response patterns. The TCP-flag intensity varies across windows without a dominant single-flag pattern typical of flood attacks, and the dominant-protocol share (bubble size) fluctuates, suggesting mixed protocol usage characteristic of DNS spoofing activity rather than a sustained volumetric attack.",1484,218,"CLASSIFICATION: DNS_Spoofing
JUSTIFICATION: The traffic shows moderate, variable packet rates (50-350 pkt/s) with fluctuating average packet sizes ranging from small (~100-400 bytes) to occasional large spikes (up to 1400+ bytes), consistent with DNS query/response patterns. The TCP-flag intensity varies across windows without a dominant single-flag pattern typical of flood attacks, and the dominant-protocol share (bubble size) fluctuates, suggesting mixed protocol usage characteristic of DNS spoofing activity rather than a sustained volumetric attack."
DNS_Spoofing_0002,DNS_Spoofing,2d,DNS_Spoofing,"The protocol mix shows a strong DNS component alongside TCP/UDP/HTTP/HTTPS mixed traffic, consistent with DNS spoofing activity. Packet rate is moderate and variable rather than a flood pattern, and TCP flags show mixed ACK/PSH usage without a dominant single-flag flood signature. Packet size fluctuates with occasional spikes, matching typical DNS response manipulation traffic rather than volumetric DoS/DDoS patterns.",1634,195,"CLASSIFICATION: DNS_Spoofing
JUSTIFICATION: The protocol mix shows a strong DNS component alongside TCP/UDP/HTTP/HTTPS mixed traffic, consistent with DNS spoofing activity. Packet rate is moderate and variable rather than a flood pattern, and TCP flags show mixed ACK/PSH usage without a dominant single-flag flood signature. Packet size fluctuates with occasional spikes, matching typical DNS response manipulation traffic rather than volumetric DoS/DDoS patterns."
DNS_Spoofing_0002,DNS_Spoofing,3d,DNS_Spoofing,"The visualization is explicitly labeled as a DNS_Spoofing sample, showing variable packet rates and sizes across time windows with inconsistent TCP-flag intensity and protocol dominance. This irregular, non-flooding pattern with mixed flag compositions and moderate packet rates is consistent with DNS spoofing traffic rather than a high-volume DoS/DDoS attack signature.",1484,163,"CLASSIFICATION: DNS_Spoofing
JUSTIFICATION: The visualization is explicitly labeled as a DNS_Spoofing sample, showing variable packet rates and sizes across time windows with inconsistent TCP-flag intensity and protocol dominance. This irregular, non-flooding pattern with mixed flag compositions and moderate packet rates is consistent with DNS spoofing traffic rather than a high-volume DoS/DDoS attack signature."
DNS_Spoofing_0003,DNS_Spoofing,2d,DNS_Spoofing,"The traffic shows fluctuating packet rates (2000-7000 pkt/s) with a TCP/HTTP protocol mix and ACK-dominated flag composition, consistent with DNS spoofing response patterns. The variable packet sizes and moderate rate oscillations without a sustained flood pattern distinguish this from volumetric DDoS attacks. This matches the labeled sample characteristics for DNS_Spoofing traffic.",1634,177,"CLASSIFICATION: DNS_Spoofing
JUSTIFICATION: The traffic shows fluctuating packet rates (2000-7000 pkt/s) with a TCP/HTTP protocol mix and ACK-dominated flag composition, consistent with DNS spoofing response patterns. The variable packet sizes and moderate rate oscillations without a sustained flood pattern distinguish this from volumetric DDoS attacks. This matches the labeled sample characteristics for DNS_Spoofing traffic."
DNS_Spoofing_0003,DNS_Spoofing,3d,DNS_Spoofing,"The scattered rate values (2000-7500 pkt/s) with variable packet sizes and mixed TCP-flag intensities (mostly ~1.0 with some outliers) suggest irregular, non-flooding traffic typical of spoofing activity rather than a volumetric DDoS attack. The lack of a consistent pattern across windows and moderate protocol diversity aligns with DNS spoofing behavior, which manipulates individual query/response pairs rather than generating high-volume uniform traffic.",1484,196,"CLASSIFICATION: DNS_Spoofing
JUSTIFICATION: The scattered rate values (2000-7500 pkt/s) with variable packet sizes and mixed TCP-flag intensities (mostly ~1.0 with some outliers) suggest irregular, non-flooding traffic typical of spoofing activity rather than a volumetric DDoS attack. The lack of a consistent pattern across windows and moderate protocol diversity aligns with DNS spoofing behavior, which manipulates individual query/response pairs rather than generating high-volume uniform traffic."
DNS_Spoofing_0004,DNS_Spoofing,2d,DNS_Spoofing,"The traffic shows moderate, bursty packet rates with mixed TCP flags (ack/psh dominant) and a protocol mix that includes a visible DNS component alongside TCP/UDP/HTTP/HTTPS, consistent with DNS spoofing activity. The variable packet sizes and lack of a single overwhelming flood pattern further support a spoofing/manipulation scenario rather than a volumetric DoS/DDoS attack.",1634,179,"CLASSIFICATION: DNS_Spoofing
JUSTIFICATION: The traffic shows moderate, bursty packet rates with mixed TCP flags (ack/psh dominant) and a protocol mix that includes a visible DNS component alongside TCP/UDP/HTTP/HTTPS, consistent with DNS spoofing activity. The variable packet sizes and lack of a single overwhelming flood pattern further support a spoofing/manipulation scenario rather than a volumetric DoS/DDoS attack."
DNS_Spoofing_0004,DNS_Spoofing,3d,DNS_Spoofing,"The traffic shows moderate, variable packet rates with mixed TCP-flag intensity (teal-to-yellow coloring) and inconsistent packet sizes across windows, indicating irregular query/response behavior typical of DNS spoofing rather than a flood attack. The scattered, non-uniform pattern across window indices suggests intermittent spoofed DNS responses rather than sustained high-volume traffic.",1484,167,"CLASSIFICATION: DNS_Spoofing
JUSTIFICATION: The traffic shows moderate, variable packet rates with mixed TCP-flag intensity (teal-to-yellow coloring) and inconsistent packet sizes across windows, indicating irregular query/response behavior typical of DNS spoofing rather than a flood attack. The scattered, non-uniform pattern across window indices suggests intermittent spoofed DNS responses rather than sustained high-volume traffic."
DictionaryBruteForce_0000,DictionaryBruteForce,2d,DictionaryBruteForce,"The traffic shows moderate, irregular packet rates (20-300 pkt/s) with mixed TCP flags (psh and ack dominant, indicating established connections with data transfer) rather than flood-like patterns. The protocol mix shows significant HTTP/HTTPS presence combined with TCP, consistent with repeated authentication attempts. Packet sizes are relatively small and stable except for one spike, suggesting repeated login request/response cycles typical of brute-force credential attempts.",1634,193,"CLASSIFICATION: DictionaryBruteForce
JUSTIFICATION: The traffic shows moderate, irregular packet rates (20-300 pkt/s) with mixed TCP flags (psh and ack dominant, indicating established connections with data transfer) rather than flood-like patterns. The protocol mix shows significant HTTP/HTTPS presence combined with TCP, consistent with repeated authentication attempts. Packet sizes are relatively small and stable except for one spike, suggesting repeated login request/response cycles typical of brute-force credential attempts."
DictionaryBruteForce_0000,DictionaryBruteForce,3d,DictionaryBruteForce,"The traffic shows irregular, bursty packet rates with varying TCP-flag intensities and packet sizes across consecutive windows, consistent with repeated authentication attempts rather than a flood pattern. The lack of a uniform high-rate signature (as seen in DDoS/DoS floods) and the moderate, inconsistent packet sizes align with credential-guessing behavior. The mixed protocol/flag composition further supports application-layer brute-force activity rather than volumetric attacks.",1484,193,"CLASSIFICATION: DictionaryBruteForce
JUSTIFICATION: The traffic shows irregular, bursty packet rates with varying TCP-flag intensities and packet sizes across consecutive windows, consistent with repeated authentication attempts rather than a flood pattern. The lack of a uniform high-rate signature (as seen in DDoS/DoS floods) and the moderate, inconsistent packet sizes align with credential-guessing behavior. The mixed protocol/flag composition further supports application-layer brute-force activity rather than volumetric attacks."
DictionaryBruteForce_0001,DictionaryBruteForce,2d,DictionaryBruteForce,"The traffic shows variable, bursty packet rates with mixed TCP flags (fin, syn, psh, ack) fluctuating irregularly rather than a single dominant flag pattern typical of flooding attacks. The protocol mix is predominantly TCP with occasional HTTP/HTTPS spikes, consistent with repeated authentication attempts. Packet sizes are mostly small (~100 bytes) with a notable spike around window 12, matching credential-guessing behavior with occasional larger response packets.",1634,200,"CLASSIFICATION: DictionaryBruteForce
JUSTIFICATION: The traffic shows variable, bursty packet rates with mixed TCP flags (fin, syn, psh, ack) fluctuating irregularly rather than a single dominant flag pattern typical of flooding attacks. The protocol mix is predominantly TCP with occasional HTTP/HTTPS spikes, consistent with repeated authentication attempts. Packet sizes are mostly small (~100 bytes) with a notable spike around window 12, matching credential-guessing behavior with occasional larger response packets."
DictionaryBruteForce_0001,DictionaryBruteForce,3d,DictionaryBruteForce,"The traffic shows sustained, irregular packet rates (mostly 500-3000 pkt/s) with varying TCP-flag intensity across many windows, consistent with repeated authentication attempts rather than a flood pattern. Packet sizes and protocol shares fluctuate moderately without the extreme uniformity typical of DDoS/DoS floods, matching the labeled sample source.",1484,159,"CLASSIFICATION: DictionaryBruteForce
JUSTIFICATION: The traffic shows sustained, irregular packet rates (mostly 500-3000 pkt/s) with varying TCP-flag intensity across many windows, consistent with repeated authentication attempts rather than a flood pattern. Packet sizes and protocol shares fluctuate moderately without the extreme uniformity typical of DDoS/DoS floods, matching the labeled sample source."
DictionaryBruteForce_0002,DictionaryBruteForce,2d,DictionaryBruteForce,"The traffic shows low, steady packet rates (~100-800 pkt/s) with a sharp spike at the end, consistent with repeated authentication attempts rather than sustained flooding. The protocol mix is dominated by TCP with significant HTTP/HTTPS fractions, and TCP flags show a mix of PSH and ACK typical of application-layer request/response cycles seen in brute-force login attempts. Packet sizes are small and variable, matching short credential-based requests rather than large-scale DDoS traffic.",1634,203,"CLASSIFICATION: DictionaryBruteForce
JUSTIFICATION: The traffic shows low, steady packet rates (~100-800 pkt/s) with a sharp spike at the end, consistent with repeated authentication attempts rather than sustained flooding. The protocol mix is dominated by TCP with significant HTTP/HTTPS fractions, and TCP flags show a mix of PSH and ACK typical of application-layer request/response cycles seen in brute-force login attempts. Packet sizes are small and variable, matching short credential-based requests rather than large-scale DDoS traffic."
DictionaryBruteForce_0002,DictionaryBruteForce,3d,DictionaryBruteForce,"The traffic shows low, irregular packet rates (mostly under 1000 pkt/s) with sporadic spikes, moderate-to-high TCP flag intensity, and variable packet sizes across windows—consistent with repeated authentication attempts characteristic of dictionary brute-force attacks rather than sustained flood patterns. The intermittent nature of the connections, rather than continuous high-volume traffic, aligns with credential-guessing behavior.",1484,181,"CLASSIFICATION: DictionaryBruteForce
JUSTIFICATION: The traffic shows low, irregular packet rates (mostly under 1000 pkt/s) with sporadic spikes, moderate-to-high TCP flag intensity, and variable packet sizes across windows—consistent with repeated authentication attempts characteristic of dictionary brute-force attacks rather than sustained flood patterns. The intermittent nature of the connections, rather than continuous high-volume traffic, aligns with credential-guessing behavior."
DictionaryBruteForce_0003,DictionaryBruteForce,2d,DictionaryBruteForce,"The traffic shows sporadic rate spikes rather than a sustained flood, consistent with repeated authentication attempts. TCP flags show mixed PSH/ACK dominance typical of application-layer login exchanges, and the protocol mix is dominated by HTTP/HTTPS traffic rather than raw flood protocols like SYN/UDP/ICMP. Packet sizes are mostly small and stable except for isolated spikes, matching intermittent credential-stuffing bursts.",1634,193,"CLASSIFICATION: DictionaryBruteForce
JUSTIFICATION: The traffic shows sporadic rate spikes rather than a sustained flood, consistent with repeated authentication attempts. TCP flags show mixed PSH/ACK dominance typical of application-layer login exchanges, and the protocol mix is dominated by HTTP/HTTPS traffic rather than raw flood protocols like SYN/UDP/ICMP. Packet sizes are mostly small and stable except for isolated spikes, matching intermittent credential-stuffing bursts."
DictionaryBruteForce_0003,DictionaryBruteForce,3d,DictionaryBruteForce,"The traffic shows low, variable packet rates with moderate-to-high TCP flag intensity and fluctuating packet sizes across windows, consistent with repeated authentication attempts rather than a flood pattern. The scattered, non-uniform distribution of points across time windows suggests intermittent connection attempts typical of brute-force login attacks rather than continuous high-volume attack traffic.",1484,159,"CLASSIFICATION: DictionaryBruteForce
JUSTIFICATION: The traffic shows low, variable packet rates with moderate-to-high TCP flag intensity and fluctuating packet sizes across windows, consistent with repeated authentication attempts rather than a flood pattern. The scattered, non-uniform distribution of points across time windows suggests intermittent connection attempts typical of brute-force login attacks rather than continuous high-volume attack traffic."
DictionaryBruteForce_0004,DictionaryBruteForce,2d,DictionaryBruteForce,"The traffic shows a dominant PSH/ACK flag pattern typical of authentication attempts, with a protocol mix heavily weighted toward TCP and HTTPS, consistent with repeated login attempts over encrypted connections. The rate spike near window 23 likely represents a burst of rapid credential attempts, while the rest of the traffic maintains low, steady rates typical of sequential brute-force probing. Variable packet sizes further support repeated small authentication payloads interspersed with larger response packets.",1634,198,"CLASSIFICATION: DictionaryBruteForce
JUSTIFICATION: The traffic shows a dominant PSH/ACK flag pattern typical of authentication attempts, with a protocol mix heavily weighted toward TCP and HTTPS, consistent with repeated login attempts over encrypted connections. The rate spike near window 23 likely represents a burst of rapid credential attempts, while the rest of the traffic maintains low, steady rates typical of sequential brute-force probing. Variable packet sizes further support repeated small authentication payloads interspersed with larger response packets."
DictionaryBruteForce_0004,DictionaryBruteForce,3d,DictionaryBruteForce,"The sample label explicitly indicates DictionaryBruteForce, and the traffic pattern supports this: low, sporadic packet rates with varying avg packet sizes and moderate TCP-flag intensity consistent with repeated authentication attempts rather than a high-volume flood. The scattered, non-uniform distribution across windows suggests intermittent connection attempts typical of brute-force login attacks rather than sustained DDoS traffic.",1484,177,"CLASSIFICATION: DictionaryBruteForce
JUSTIFICATION: The sample label explicitly indicates DictionaryBruteForce, and the traffic pattern supports this: low, sporadic packet rates with varying avg packet sizes and moderate TCP-flag intensity consistent with repeated authentication attempts rather than a high-volume flood. The scattered, non-uniform distribution across windows suggests intermittent connection attempts typical of brute-force login attacks rather than sustained DDoS traffic."
DoS-HTTP_Flood_0000,DoS-HTTP_Flood,2d,DoS-HTTP_Flood,"The protocol mix shows a dominant HTTP component after an initial transition period, consistent with an HTTP flood attack. The packet rate shows bursty high-rate spikes typical of DoS traffic, and the TCP flags show a mix of ACK/PSH dominance reflecting established HTTP connections being flooded with requests. Packet sizes are variable and elevated, consistent with HTTP request/response traffic patterns.",1634,174,"CLASSIFICATION: DoS-HTTP_Flood
JUSTIFICATION: The protocol mix shows a dominant HTTP component after an initial transition period, consistent with an HTTP flood attack. The packet rate shows bursty high-rate spikes typical of DoS traffic, and the TCP flags show a mix of ACK/PSH dominance reflecting established HTTP connections being flooded with requests. Packet sizes are variable and elevated, consistent with HTTP request/response traffic patterns."
DoS-HTTP_Flood_0000,DoS-HTTP_Flood,3d,DoS-HTTP_Flood,"The traffic shows moderate, variable packet rates (2000-10000 pkt/s) with varying packet sizes and TCP flag intensity, consistent with HTTP flood behavior rather than a pure high-volume DDoS. The scattered pattern across window indices with fluctuating protocol dominance suggests application-layer flooding typical of HTTP-based DoS attacks rather than raw network-layer floods.",1484,170,"CLASSIFICATION: DoS-HTTP_Flood
JUSTIFICATION: The traffic shows moderate, variable packet rates (2000-10000 pkt/s) with varying packet sizes and TCP flag intensity, consistent with HTTP flood behavior rather than a pure high-volume DDoS. The scattered pattern across window indices with fluctuating protocol dominance suggests application-layer flooding typical of HTTP-based DoS attacks rather than raw network-layer floods."
DoS-HTTP_Flood_0001,DoS-HTTP_Flood,2d,DoS-HTTP_Flood,"The traffic is almost entirely TCP with fluctuating packet rates (2k-32k pkt/s) and highly variable TCP flag mixes (SYN/ACK dominant with intermittent RST), consistent with HTTP flood behavior over TCP connections. Small average packet sizes (~60-80 bytes) with variable std indicate short HTTP request bursts rather than sustained flood patterns like pure SYN or ACK floods. The label and filename explicitly confirm this is a DoS-HTTP_Flood sample.",1634,210,"CLASSIFICATION: DoS-HTTP_Flood
JUSTIFICATION: The traffic is almost entirely TCP with fluctuating packet rates (2k-32k pkt/s) and highly variable TCP flag mixes (SYN/ACK dominant with intermittent RST), consistent with HTTP flood behavior over TCP connections. Small average packet sizes (~60-80 bytes) with variable std indicate short HTTP request bursts rather than sustained flood patterns like pure SYN or ACK floods. The label and filename explicitly confirm this is a DoS-HTTP_Flood sample."
DoS-HTTP_Flood_0001,DoS-HTTP_Flood,3d,DoS-HTTP_Flood,"The traffic shows moderate, variable packet rates (5,000-30,000 pkt/s) with consistent TCP-flag intensity clustering around 1.2-1.8, indicating application-layer flooding behavior typical of HTTP floods. The relatively stable packet sizes (60-77 bytes) combined with varying dominant-protocol shares across windows suggests HTTP request flooding rather than pure volumetric attacks like SYN or UDP floods.",1484,186,"CLASSIFICATION: DoS-HTTP_Flood
JUSTIFICATION: The traffic shows moderate, variable packet rates (5,000-30,000 pkt/s) with consistent TCP-flag intensity clustering around 1.2-1.8, indicating application-layer flooding behavior typical of HTTP floods. The relatively stable packet sizes (60-77 bytes) combined with varying dominant-protocol shares across windows suggests HTTP request flooding rather than pure volumetric attacks like SYN or UDP floods."
DoS-HTTP_Flood_0002,DoS-HTTP_Flood,2d,DoS-HTTP_Flood,"The protocol mix shows dominant HTTP traffic over TCP throughout all windows, consistent with an HTTP flood attack. The ACK flag fraction is high with variable PSH/RST spikes, typical of HTTP request/response traffic patterns. The rate shows bursty spikes reaching 4000-5000 pkt/s, indicating flooding behavior, and large variable packet sizes align with HTTP payload characteristics.",1634,178,"CLASSIFICATION: DoS-HTTP_Flood
JUSTIFICATION: The protocol mix shows dominant HTTP traffic over TCP throughout all windows, consistent with an HTTP flood attack. The ACK flag fraction is high with variable PSH/RST spikes, typical of HTTP request/response traffic patterns. The rate shows bursty spikes reaching 4000-5000 pkt/s, indicating flooding behavior, and large variable packet sizes align with HTTP payload characteristics."
DoS-HTTP_Flood_0002,DoS-HTTP_Flood,3d,DoS-HTTP_Flood,"The traffic shows moderate, fluctuating packet rates (1000-5000 pkt/s) with variable packet sizes and consistent TCP-flag intensity, typical of application-layer flooding rather than pure volumetric attacks. The dominant-protocol share size variation and moderate rate levels are consistent with HTTP flood behavior targeting IoT devices, as opposed to the much higher, more uniform rates seen in pure network-layer DDoS floods.",1484,187,"CLASSIFICATION: DoS-HTTP_Flood
JUSTIFICATION: The traffic shows moderate, fluctuating packet rates (1000-5000 pkt/s) with variable packet sizes and consistent TCP-flag intensity, typical of application-layer flooding rather than pure volumetric attacks. The dominant-protocol share size variation and moderate rate levels are consistent with HTTP flood behavior targeting IoT devices, as opposed to the much higher, more uniform rates seen in pure network-layer DDoS floods."
DoS-HTTP_Flood_0003,DoS-HTTP_Flood,2d,DoS-HTTP_Flood,"The traffic shows periodic bursts in packet rate reaching 100k-200k pkt/s, correlating with spikes in HTTP protocol fraction visible in the protocol mix panel. TCP flags show mixed SYN/ACK/RST patterns typical of HTTP request floods, and packet size variance spikes align with the rate bursts, consistent with HTTP flood attack patterns rather than simple SYN/UDP floods.",1634,178,"CLASSIFICATION: DoS-HTTP_Flood
JUSTIFICATION: The traffic shows periodic bursts in packet rate reaching 100k-200k pkt/s, correlating with spikes in HTTP protocol fraction visible in the protocol mix panel. TCP flags show mixed SYN/ACK/RST patterns typical of HTTP request floods, and packet size variance spikes align with the rate bursts, consistent with HTTP flood attack patterns rather than simple SYN/UDP floods."
DoS-HTTP_Flood_0003,DoS-HTTP_Flood,3d,DoS-HTTP_Flood,"The traffic shows relatively low, variable packet rates with moderate-to-high average packet sizes, consistent with HTTP-based flooding rather than simple high-volume network floods. The TCP-flag intensity varies across windows (mix of low and high values), suggesting application-layer connection handling typical of HTTP flood attacks rather than a single-flag-dominant SYN/ACK flood. The dominant-protocol share (marker size) is fairly consistent, indicating a sustained single-protocol (HTTP) attack pattern across the time windows.",1484,214,"CLASSIFICATION: DoS-HTTP_Flood
JUSTIFICATION: The traffic shows relatively low, variable packet rates with moderate-to-high average packet sizes, consistent with HTTP-based flooding rather than simple high-volume network floods. The TCP-flag intensity varies across windows (mix of low and high values), suggesting application-layer connection handling typical of HTTP flood attacks rather than a single-flag-dominant SYN/ACK flood. The dominant-protocol share (marker size) is fairly consistent, indicating a sustained single-protocol (HTTP) attack pattern across the time windows."
DoS-HTTP_Flood_0004,DoS-HTTP_Flood,2d,DoS-HTTP_Flood,"The protocol mix is dominated by TCP and HTTP traffic with an initial sharp rate spike followed by sustained moderate-rate bursts, consistent with HTTP flood behavior. The TCP flag fractions show high ACK and mixed PSH/SYN patterns typical of HTTP request-response flooding rather than pure SYN floods. Packet sizes and variability remain moderate-to-high, matching application-layer flooding rather than volumetric network-layer DoS.",1634,193,"CLASSIFICATION: DoS-HTTP_Flood
JUSTIFICATION: The protocol mix is dominated by TCP and HTTP traffic with an initial sharp rate spike followed by sustained moderate-rate bursts, consistent with HTTP flood behavior. The TCP flag fractions show high ACK and mixed PSH/SYN patterns typical of HTTP request-response flooding rather than pure SYN floods. Packet sizes and variability remain moderate-to-high, matching application-layer flooding rather than volumetric network-layer DoS."
DoS-HTTP_Flood_0004,DoS-HTTP_Flood,3d,DoS-HTTP_Flood,"The traffic shows relatively low, variable packet rates (mostly under 15000 pkt/s) combined with moderate-to-high average packet sizes, consistent with application-layer HTTP flood behavior rather than high-volume protocol-level floods. The TCP-flag intensity varies across windows (indicating mixed flag usage typical of HTTP request/response cycles), and the dominant-protocol share (marker size) fluctuates, suggesting a single-source flood targeting a web service rather than a distributed or spoofed-IP attack.",1484,211,"CLASSIFICATION: DoS-HTTP_Flood
JUSTIFICATION: The traffic shows relatively low, variable packet rates (mostly under 15000 pkt/s) combined with moderate-to-high average packet sizes, consistent with application-layer HTTP flood behavior rather than high-volume protocol-level floods. The TCP-flag intensity varies across windows (indicating mixed flag usage typical of HTTP request/response cycles), and the dominant-protocol share (marker size) fluctuates, suggesting a single-source flood targeting a web service rather than a distributed or spoofed-IP attack."
DoS-SYN_Flood_0000,DoS-SYN_Flood,2d,DoS-SYN_Flood,"The traffic is almost entirely TCP with a dominant, consistently high SYN flag fraction (mostly 0.75-1.0) and minimal ACK/FIN/RST/PSH activity, which is characteristic of a SYN flood attack. Packet rate is elevated with bursty spikes (up to ~70000 pkt/s), and packet sizes remain small and uniform (~60 bytes), consistent with crafted SYN packets used in flooding rather than legitimate connection handshakes.",1634,197,"CLASSIFICATION: DoS-SYN_Flood
JUSTIFICATION: The traffic is almost entirely TCP with a dominant, consistently high SYN flag fraction (mostly 0.75-1.0) and minimal ACK/FIN/RST/PSH activity, which is characteristic of a SYN flood attack. Packet rate is elevated with bursty spikes (up to ~70000 pkt/s), and packet sizes remain small and uniform (~60 bytes), consistent with crafted SYN packets used in flooding rather than legitimate connection handshakes."
DoS-SYN_Flood_0000,DoS-SYN_Flood,3d,DoS-SYN_Flood,"The traffic shows consistently high packet rates (10,000-70,000 pkt/s) sustained across the entire window sequence, indicative of a flooding attack. The TCP-flag intensity values clustering near 1.0-1.2 suggest a dominant single flag type (SYN flag) rather than mixed flag combinations, and the relatively uniform packet sizes (~60-64 bytes) are consistent with small SYN packets used in SYN flood attacks.",1484,185,"CLASSIFICATION: DoS-SYN_Flood
JUSTIFICATION: The traffic shows consistently high packet rates (10,000-70,000 pkt/s) sustained across the entire window sequence, indicative of a flooding attack. The TCP-flag intensity values clustering near 1.0-1.2 suggest a dominant single flag type (SYN flag) rather than mixed flag combinations, and the relatively uniform packet sizes (~60-64 bytes) are consistent with small SYN packets used in SYN flood attacks."
DoS-SYN_Flood_0001,DoS-SYN_Flood,2d,DoS-SYN_Flood,"The traffic shows high packet rates (10,000-40,000 pkt/s) with TCP flag fraction dominated almost entirely by SYN flags (~0.95-1.0), consistent with a SYN flood attack. Protocol mix is nearly 100% TCP, and packet sizes are small and consistent (~60 bytes) with low standard deviation, typical of crafted SYN packets used in flooding attacks.",1634,171,"CLASSIFICATION: DoS-SYN_Flood
JUSTIFICATION: The traffic shows high packet rates (10,000-40,000 pkt/s) with TCP flag fraction dominated almost entirely by SYN flags (~0.95-1.0), consistent with a SYN flood attack. Protocol mix is nearly 100% TCP, and packet sizes are small and consistent (~60 bytes) with low standard deviation, typical of crafted SYN packets used in flooding attacks."
DoS-SYN_Flood_0001,DoS-SYN_Flood,3d,DoS-SYN_Flood,"The plot title explicitly indicates this is a DoS-SYN_Flood sample. Consistent with SYN flood behavior, the traffic shows a high, sustained packet rate (mostly 20,000-40,000 pkt/s) across consecutive windows with small, uniform average packet sizes, and TCP-flag intensity values near 1.0, indicating a dominant single-flag (SYN) composition typical of this attack type.",1484,174,"CLASSIFICATION: DoS-SYN_Flood
JUSTIFICATION: The plot title explicitly indicates this is a DoS-SYN_Flood sample. Consistent with SYN flood behavior, the traffic shows a high, sustained packet rate (mostly 20,000-40,000 pkt/s) across consecutive windows with small, uniform average packet sizes, and TCP-flag intensity values near 1.0, indicating a dominant single-flag (SYN) composition typical of this attack type."
DoS-SYN_Flood_0002,DoS-SYN_Flood,2d,DoS-SYN_Flood,"The traffic shows a dominant TCP protocol mix with a very high SYN flag fraction throughout most windows, characteristic of SYN flood attacks. There's a massive spike in packet rate (up to 150000 pkt/s) consistent with a DoS burst, and the alternating SYN/RST/ACK patterns suggest half-open connection attempts typical of SYN flooding without full handshake completion.",1634,167,"CLASSIFICATION: DoS-SYN_Flood
JUSTIFICATION: The traffic shows a dominant TCP protocol mix with a very high SYN flag fraction throughout most windows, characteristic of SYN flood attacks. There's a massive spike in packet rate (up to 150000 pkt/s) consistent with a DoS burst, and the alternating SYN/RST/ACK patterns suggest half-open connection attempts typical of SYN flooding without full handshake completion."
DoS-SYN_Flood_0002,DoS-SYN_Flood,3d,DoS-SYN_Flood,"The traffic shows a sustained high packet rate (mostly 100,000+ pkt/s) across consecutive windows with small average packet sizes, consistent with a flooding attack. The TCP-flag intensity color mapping shows mostly low values (~1.0) indicating single dominant flag usage (SYN flag), typical of SYN flood attacks. The sample label itself also indicates ""DoS-SYN_Flood"" as the source attack type.",1484,179,"CLASSIFICATION: DoS-SYN_Flood
JUSTIFICATION: The traffic shows a sustained high packet rate (mostly 100,000+ pkt/s) across consecutive windows with small average packet sizes, consistent with a flooding attack. The TCP-flag intensity color mapping shows mostly low values (~1.0) indicating single dominant flag usage (SYN flag), typical of SYN flood attacks. The sample label itself also indicates ""DoS-SYN_Flood"" as the source attack type."
DoS-SYN_Flood_0003,DoS-SYN_Flood,2d,DoS-SYN_Flood,"The traffic is 100% TCP with SYN flag fraction near 1.0 throughout, indicating a SYN flood pattern. Packet rate shows a sharp spike (up to ~170,000 pkt/s) which is characteristic of a DoS burst, and the small, consistent packet size (~60 bytes) is typical of SYN-only packets used in flooding attacks.",1634,157,"CLASSIFICATION: DoS-SYN_Flood
JUSTIFICATION: The traffic is 100% TCP with SYN flag fraction near 1.0 throughout, indicating a SYN flood pattern. Packet rate shows a sharp spike (up to ~170,000 pkt/s) which is characteristic of a DoS burst, and the small, consistent packet size (~60 bytes) is typical of SYN-only packets used in flooding attacks."
DoS-SYN_Flood_0003,DoS-SYN_Flood,3d,DoS-SYN_Flood,"The traffic shows a high, sustained packet rate across consecutive windows with consistently low TCP-flag intensity (~1.0) and small, stable packet sizes, characteristic of a flood attack dominated by a single flag type (SYN). The uniform dominant-protocol share (marker size) and lack of significant variation across windows suggest a single-source flooding pattern rather than distributed traffic, consistent with a DoS-SYN_Flood rather than DDoS variant.",1484,189,"CLASSIFICATION: DoS-SYN_Flood
JUSTIFICATION: The traffic shows a high, sustained packet rate across consecutive windows with consistently low TCP-flag intensity (~1.0) and small, stable packet sizes, characteristic of a flood attack dominated by a single flag type (SYN). The uniform dominant-protocol share (marker size) and lack of significant variation across windows suggest a single-source flooding pattern rather than distributed traffic, consistent with a DoS-SYN_Flood rather than DDoS variant."
DoS-SYN_Flood_0004,DoS-SYN_Flood,2d,DoS-SYN_Flood,"The traffic shows extremely high, volatile packet rates (up to ~40,000 pkt/s) with nearly 100% SYN flag fraction across all windows, indicating a SYN flood attack. Protocol mix is almost entirely TCP, and packet sizes are small and consistent (~60 bytes), consistent with minimal SYN packets used to overwhelm a target. This pattern is characteristic of a single-source DoS SYN flood rather than distributed sources.",1634,188,"CLASSIFICATION: DoS-SYN_Flood
JUSTIFICATION: The traffic shows extremely high, volatile packet rates (up to ~40,000 pkt/s) with nearly 100% SYN flag fraction across all windows, indicating a SYN flood attack. Protocol mix is almost entirely TCP, and packet sizes are small and consistent (~60 bytes), consistent with minimal SYN packets used to overwhelm a target. This pattern is characteristic of a single-source DoS SYN flood rather than distributed sources."
DoS-SYN_Flood_0004,DoS-SYN_Flood,3d,DoS-SYN_Flood,"The title explicitly labels the sample as DoS-SYN_Flood_0004. The high, sustained packet rate (5,000-40,000 pkt/s) combined with TCP-flag intensity clustered near 1.0 (dominated by SYN flags) and consistent small average packet sizes (~60 bytes) is characteristic of a SYN flood attack pattern.",1484,155,"CLASSIFICATION: DoS-SYN_Flood
JUSTIFICATION: The title explicitly labels the sample as DoS-SYN_Flood_0004. The high, sustained packet rate (5,000-40,000 pkt/s) combined with TCP-flag intensity clustered near 1.0 (dominated by SYN flags) and consistent small average packet sizes (~60 bytes) is characteristic of a SYN flood attack pattern."
DoS-TCP_Flood_0000,DoS-TCP_Flood,2d,DoS-TCP_Flood,"The traffic is 100% TCP with high, bursty packet rates (tens to hundreds of thousands pkt/s), consistent with a TCP-based DoS flood. There is a brief spike in PSH/ACK flag fractions and packet size around window 12-14, but otherwise flag usage is negligible, indicating a flood of TCP packets rather than a legitimate handshake pattern. The sustained high rate and single-protocol dominance strongly suggest a DoS-TCP_Flood attack.",1634,198,"CLASSIFICATION: DoS-TCP_Flood
JUSTIFICATION: The traffic is 100% TCP with high, bursty packet rates (tens to hundreds of thousands pkt/s), consistent with a TCP-based DoS flood. There is a brief spike in PSH/ACK flag fractions and packet size around window 12-14, but otherwise flag usage is negligible, indicating a flood of TCP packets rather than a legitimate handshake pattern. The sustained high rate and single-protocol dominance strongly suggest a DoS-TCP_Flood attack."
DoS-TCP_Flood_0000,DoS-TCP_Flood,3d,DoS-TCP_Flood,"The traffic shows sustained high packet rates (up to ~250,000 pkt/s) across consecutive time windows with mostly low TCP-flag intensity, consistent with a flood attack pattern. The small, uniform packet sizes for most points and occasional larger dominant-protocol shares align with TCP flood characteristics rather than reflection/amplification or reconnaissance behavior.",1484,160,"CLASSIFICATION: DoS-TCP_Flood
JUSTIFICATION: The traffic shows sustained high packet rates (up to ~250,000 pkt/s) across consecutive time windows with mostly low TCP-flag intensity, consistent with a flood attack pattern. The small, uniform packet sizes for most points and occasional larger dominant-protocol shares align with TCP flood characteristics rather than reflection/amplification or reconnaissance behavior."
DoS-TCP_Flood_0001,DoS-TCP_Flood,2d,DoS-TCP_Flood,"The traffic is dominated by TCP protocol with high, bursty packet rates (up to 35,000 pkt/s) showing repeated spike patterns typical of flooding attacks. The TCP flag composition shows shifting dominance among ACK, SYN, PSH, and FIN flags across different windows, consistent with varied TCP flood techniques rather than a single flag type. The periodic UDP dips and packet size spikes align with the labeled sample name indicating a TCP flood pattern.",1634,194,"CLASSIFICATION: DoS-TCP_Flood
JUSTIFICATION: The traffic is dominated by TCP protocol with high, bursty packet rates (up to 35,000 pkt/s) showing repeated spike patterns typical of flooding attacks. The TCP flag composition shows shifting dominance among ACK, SYN, PSH, and FIN flags across different windows, consistent with varied TCP flood techniques rather than a single flag type. The periodic UDP dips and packet size spikes align with the labeled sample name indicating a TCP flood pattern."
DoS-TCP_Flood_0001,DoS-TCP_Flood,3d,DoS-TCP_Flood,"The traffic shows sustained high packet rates (5000-35000 pkt/s) across consecutive windows with relatively small average packet sizes, consistent with a flooding attack pattern. The TCP-flag intensity variations (color) and dominant-protocol share (size) suggest TCP-based traffic manipulation typical of DoS-TCP_Flood attacks, with the sample explicitly labeled as DoS-TCP_Flood in the title.",1484,181,"CLASSIFICATION: DoS-TCP_Flood
JUSTIFICATION: The traffic shows sustained high packet rates (5000-35000 pkt/s) across consecutive windows with relatively small average packet sizes, consistent with a flooding attack pattern. The TCP-flag intensity variations (color) and dominant-protocol share (size) suggest TCP-based traffic manipulation typical of DoS-TCP_Flood attacks, with the sample explicitly labeled as DoS-TCP_Flood in the title."
DoS-TCP_Flood_0002,DoS-TCP_Flood,2d,DoS-TCP_Flood,"The traffic is dominated by TCP/HTTPS with high, fluctuating packet rates (up to 40k pkt/s), consistent with a flooding attack. The TCP flag panel shows intermittent spikes of ack, syn, rst, and psh flags without a single dominant flag type, indicating generic TCP flood behavior rather than a specific flag-based attack (e.g., pure SYN or PSH-ACK flood). The steady protocol mix and packet size profile further support a TCP-based DoS flood pattern.",1634,206,"CLASSIFICATION: DoS-TCP_Flood
JUSTIFICATION: The traffic is dominated by TCP/HTTPS with high, fluctuating packet rates (up to 40k pkt/s), consistent with a flooding attack. The TCP flag panel shows intermittent spikes of ack, syn, rst, and psh flags without a single dominant flag type, indicating generic TCP flood behavior rather than a specific flag-based attack (e.g., pure SYN or PSH-ACK flood). The steady protocol mix and packet size profile further support a TCP-based DoS flood pattern."
DoS-TCP_Flood_0002,DoS-TCP_Flood,3d,DoS-TCP_Flood,"The traffic shows high packet rates (up to 40000 pkt/s) sustained across many consecutive windows, consistent with a flooding attack. The TCP-flag intensity values present (color scale) indicate TCP-based traffic with flag activity, and the consistent packet size clustering around 58-60 bytes with occasional spikes suggests a single-source TCP flood pattern typical of DoS-TCP_Flood rather than distributed sources.",1484,180,"CLASSIFICATION: DoS-TCP_Flood
JUSTIFICATION: The traffic shows high packet rates (up to 40000 pkt/s) sustained across many consecutive windows, consistent with a flooding attack. The TCP-flag intensity values present (color scale) indicate TCP-based traffic with flag activity, and the consistent packet size clustering around 58-60 bytes with occasional spikes suggests a single-source TCP flood pattern typical of DoS-TCP_Flood rather than distributed sources."
DoS-TCP_Flood_0003,DoS-TCP_Flood,2d,DoS-TCP_Flood,"The traffic shows high, bursty packet rates (5k-40k pkt/s) dominated almost entirely by TCP protocol, with intermittent PSH and ACK flag spikes and minimal SYN/FIN/RST activity. Packet sizes remain small and consistent with occasional variance spikes, characteristic of a sustained TCP-based flood attack rather than a handshake-focused SYN flood.",1634,168,"CLASSIFICATION: DoS-TCP_Flood
JUSTIFICATION: The traffic shows high, bursty packet rates (5k-40k pkt/s) dominated almost entirely by TCP protocol, with intermittent PSH and ACK flag spikes and minimal SYN/FIN/RST activity. Packet sizes remain small and consistent with occasional variance spikes, characteristic of a sustained TCP-based flood attack rather than a handshake-focused SYN flood."
DoS-TCP_Flood_0003,DoS-TCP_Flood,3d,DoS-TCP_Flood,"The traffic shows sustained high packet rates (5,000–40,000 pkt/s) across consecutive windows with relatively low, variable TCP-flag intensity, consistent with a TCP flood pattern. Packet sizes remain mostly small and stable, with a few outlier spikes in average packet size, typical of flooding traffic where protocol dominance shifts slightly across windows. The overall structure—high rate, moderate flag activity, and consistent windowing—matches a DoS-TCP_Flood signature rather than reflection/amplification or scan-based patterns.",1484,220,"CLASSIFICATION: DoS-TCP_Flood
JUSTIFICATION: The traffic shows sustained high packet rates (5,000–40,000 pkt/s) across consecutive windows with relatively low, variable TCP-flag intensity, consistent with a TCP flood pattern. Packet sizes remain mostly small and stable, with a few outlier spikes in average packet size, typical of flooding traffic where protocol dominance shifts slightly across windows. The overall structure—high rate, moderate flag activity, and consistent windowing—matches a DoS-TCP_Flood signature rather than reflection/amplification or scan-based patterns."
DoS-TCP_Flood_0004,DoS-TCP_Flood,2d,DoS-TCP_Flood,"The traffic shows high, sustained packet rates (5,000-35,000 pkt/s) dominated almost entirely by TCP protocol with minimal presence of other protocols. Small packet sizes with low variance and sporadic bursts of SYN/ACK/PSH flags are consistent with a TCP-based flood attack. The lack of a clear predominant flag pattern (SYN-only or ACK-only) and pure TCP composition points to a generic TCP flood rather than a more specific attack type.",1634,197,"CLASSIFICATION: DoS-TCP_Flood
JUSTIFICATION: The traffic shows high, sustained packet rates (5,000-35,000 pkt/s) dominated almost entirely by TCP protocol with minimal presence of other protocols. Small packet sizes with low variance and sporadic bursts of SYN/ACK/PSH flags are consistent with a TCP-based flood attack. The lack of a clear predominant flag pattern (SYN-only or ACK-only) and pure TCP composition points to a generic TCP flood rather than a more specific attack type."
DoS-TCP_Flood_0004,DoS-TCP_Flood,3d,DoS-TCP_Flood,"The traffic shows sustained high packet rates (5000-40000 pkt/s) across consecutive windows with low TCP-flag intensity values (mostly near 0), consistent with a flood attack. The relatively stable average packet size (~60-63 bytes) and moderate dominant-protocol share sizes suggest a single-protocol flood pattern typical of TCP flood attacks rather than reflection or fragmentation techniques.",1484,174,"CLASSIFICATION: DoS-TCP_Flood
JUSTIFICATION: The traffic shows sustained high packet rates (5000-40000 pkt/s) across consecutive windows with low TCP-flag intensity values (mostly near 0), consistent with a flood attack. The relatively stable average packet size (~60-63 bytes) and moderate dominant-protocol share sizes suggest a single-protocol flood pattern typical of TCP flood attacks rather than reflection or fragmentation techniques."
DoS-UDP_Flood_0000,DoS-UDP_Flood,2d,DoS-UDP_Flood,"The protocol mix panel shows overwhelming UDP dominance throughout all windows, consistent with a UDP flood attack. The rate panel shows high oscillating packet rates (5,000-25,000 pkt/s) typical of flooding attacks, while the minimal TCP flag activity confirms this is not TCP-based traffic. The consistent average packet size (~180 bytes) with occasional variance spikes further supports a UDP flood pattern.",1634,181,"CLASSIFICATION: DoS-UDP_Flood
JUSTIFICATION: The protocol mix panel shows overwhelming UDP dominance throughout all windows, consistent with a UDP flood attack. The rate panel shows high oscillating packet rates (5,000-25,000 pkt/s) typical of flooding attacks, while the minimal TCP flag activity confirms this is not TCP-based traffic. The consistent average packet size (~180 bytes) with occasional variance spikes further supports a UDP flood pattern."
DoS-UDP_Flood_0000,DoS-UDP_Flood,3d,DoS-UDP_Flood,"The traffic shows consistently high packet rates (5000-27000 pkt/s) across all time windows with near-zero TCP flag intensity (dark purple coloring), indicating minimal TCP flag usage consistent with UDP-based traffic. The uniform, sustained high-rate pattern across the entire window sequence without variation suggests a flooding attack rather than legitimate or reconnaissance traffic. The lack of TCP flag signatures combined with high volume points specifically to a UDP flood rather than TCP-based DoS variants.",1484,210,"CLASSIFICATION: DoS-UDP_Flood
JUSTIFICATION: The traffic shows consistently high packet rates (5000-27000 pkt/s) across all time windows with near-zero TCP flag intensity (dark purple coloring), indicating minimal TCP flag usage consistent with UDP-based traffic. The uniform, sustained high-rate pattern across the entire window sequence without variation suggests a flooding attack rather than legitimate or reconnaissance traffic. The lack of TCP flag signatures combined with high volume points specifically to a UDP flood rather than TCP-based DoS variants."
DoS-UDP_Flood_0001,DoS-UDP_Flood,2d,DoS-UDP_Flood,"The protocol mix panel shows overwhelmingly UDP traffic (~100%) throughout all windows, with a high and variable packet rate (5,000-30,000+ pkt/s) typical of a flooding attack. The TCP flag fractions are near zero (with only minor sporadic spikes), confirming this is not TCP-based, and the consistent avg packet size (~180 bytes) with low variance matches a UDP flood pattern rather than fragmentation or other DoS types.",1634,191,"CLASSIFICATION: DoS-UDP_Flood
JUSTIFICATION: The protocol mix panel shows overwhelmingly UDP traffic (~100%) throughout all windows, with a high and variable packet rate (5,000-30,000+ pkt/s) typical of a flooding attack. The TCP flag fractions are near zero (with only minor sporadic spikes), confirming this is not TCP-based, and the consistent avg packet size (~180 bytes) with low variance matches a UDP flood pattern rather than fragmentation or other DoS types."
DoS-UDP_Flood_0001,DoS-UDP_Flood,3d,DoS-UDP_Flood,"The traffic shows consistently high packet rates (5000-30000 pkt/s) sustained across many consecutive windows, with near-zero TCP-flag intensity (mostly dark purple), indicating minimal TCP flag usage consistent with UDP-based flooding. Packet sizes cluster tightly around 180-190 bytes, typical of UDP flood payloads, and the uniform dominant-protocol share (similar sphere sizes) suggests a single-protocol high-volume flood rather than mixed/scanning traffic.",1484,208,"CLASSIFICATION: DoS-UDP_Flood
JUSTIFICATION: The traffic shows consistently high packet rates (5000-30000 pkt/s) sustained across many consecutive windows, with near-zero TCP-flag intensity (mostly dark purple), indicating minimal TCP flag usage consistent with UDP-based flooding. Packet sizes cluster tightly around 180-190 bytes, typical of UDP flood payloads, and the uniform dominant-protocol share (similar sphere sizes) suggests a single-protocol high-volume flood rather than mixed/scanning traffic."
DoS-UDP_Flood_0002,DoS-UDP_Flood,2d,DoS-UDP_Flood,"The protocol mix is overwhelmingly UDP throughout, with high and fluctuating packet rates (5,000-30,000 pkt/s) typical of a flood attack. Minor TCP flag spikes appear sporadically but are negligible compared to the dominant UDP traffic. The packet size remains consistently small (~60 bytes) with occasional variance spikes, consistent with UDP flood behavior.",1634,168,"CLASSIFICATION: DoS-UDP_Flood
JUSTIFICATION: The protocol mix is overwhelmingly UDP throughout, with high and fluctuating packet rates (5,000-30,000 pkt/s) typical of a flood attack. Minor TCP flag spikes appear sporadically but are negligible compared to the dominant UDP traffic. The packet size remains consistently small (~60 bytes) with occasional variance spikes, consistent with UDP flood behavior."
DoS-UDP_Flood_0002,DoS-UDP_Flood,3d,DoS-UDP_Flood,"The traffic shows consistently high packet rates (5000-30000+ pkt/s) across most windows with very low TCP-flag intensity (near 0, dark purple), indicating minimal TCP handshake activity consistent with UDP-based traffic. The dominant-protocol share (marker size) remains fairly uniform and packet sizes are mostly stable and small, except for one anomalous spike, which is typical of a sustained single-source UDP flood pattern rather than TCP-based attacks.",1484,194,"CLASSIFICATION: DoS-UDP_Flood
JUSTIFICATION: The traffic shows consistently high packet rates (5000-30000+ pkt/s) across most windows with very low TCP-flag intensity (near 0, dark purple), indicating minimal TCP handshake activity consistent with UDP-based traffic. The dominant-protocol share (marker size) remains fairly uniform and packet sizes are mostly stable and small, except for one anomalous spike, which is typical of a sustained single-source UDP flood pattern rather than TCP-based attacks."
DoS-UDP_Flood_0003,DoS-UDP_Flood,2d,DoS-UDP_Flood,"The protocol mix is dominated by UDP throughout nearly all windows, consistent with a UDP flood attack. TCP flag fractions remain near zero except for a brief transient spike around window 8, which does not represent the main traffic pattern. The highly variable packet rate (fluctuating between ~1,500 and 38,000 pkt/s) combined with UDP dominance and relatively stable small average packet sizes matches the signature of a UDP flood DoS attack.",1634,186,"CLASSIFICATION: DoS-UDP_Flood
JUSTIFICATION: The protocol mix is dominated by UDP throughout nearly all windows, consistent with a UDP flood attack. TCP flag fractions remain near zero except for a brief transient spike around window 8, which does not represent the main traffic pattern. The highly variable packet rate (fluctuating between ~1,500 and 38,000 pkt/s) combined with UDP dominance and relatively stable small average packet sizes matches the signature of a UDP flood DoS attack."
DoS-UDP_Flood_0003,DoS-UDP_Flood,3d,DoS-UDP_Flood,"The traffic shows very high and consistent packet rates (10,000-40,000 pkt/s) with mostly low TCP-flag intensity (dark purple points), indicating minimal TCP flag usage consistent with UDP-based flooding. The uniform small packet sizes and dense, sustained high-rate windows across the time sequence are characteristic of a UDP flood DoS attack rather than TCP-based or reconnaissance activity.",1484,176,"CLASSIFICATION: DoS-UDP_Flood
JUSTIFICATION: The traffic shows very high and consistent packet rates (10,000-40,000 pkt/s) with mostly low TCP-flag intensity (dark purple points), indicating minimal TCP flag usage consistent with UDP-based flooding. The uniform small packet sizes and dense, sustained high-rate windows across the time sequence are characteristic of a UDP flood DoS attack rather than TCP-based or reconnaissance activity."
DoS-UDP_Flood_0004,DoS-UDP_Flood,2d,DoS-UDP_Flood,"The protocol mix panel shows overwhelming UDP dominance (~100%) throughout all windows, with minimal TCP presence. The packet rate is high and fluctuating (5k-38k pkt/s) consistent with flooding behavior, and the small average packet size (~60 bytes) is typical of UDP flood attacks. The sparse TCP flag activity (occasional ACK/SYN spikes near zero fraction) is negligible background noise rather than the primary traffic pattern.",1634,193,"CLASSIFICATION: DoS-UDP_Flood
JUSTIFICATION: The protocol mix panel shows overwhelming UDP dominance (~100%) throughout all windows, with minimal TCP presence. The packet rate is high and fluctuating (5k-38k pkt/s) consistent with flooding behavior, and the small average packet size (~60 bytes) is typical of UDP flood attacks. The sparse TCP flag activity (occasional ACK/SYN spikes near zero fraction) is negligible background noise rather than the primary traffic pattern."
DoS-UDP_Flood_0004,DoS-UDP_Flood,3d,DoS-UDP_Flood,"The traffic shows consistently low TCP-flag intensity (mostly near 0, dark purple) across nearly all windows, indicating minimal TCP flag usage consistent with UDP-based traffic. The high, sustained packet rates (many points spread across 5000-40000 pkt/s) combined with mostly uniform small average packet sizes suggest a flood-style attack rather than normal browsing. The label explicitly indicates this is a DoS-UDP_Flood sample, and the visual pattern of high-rate, low-flag-diversity traffic aligns with UDP flood characteristics.",1484,228,"CLASSIFICATION: DoS-UDP_Flood
JUSTIFICATION: The traffic shows consistently low TCP-flag intensity (mostly near 0, dark purple) across nearly all windows, indicating minimal TCP flag usage consistent with UDP-based traffic. The high, sustained packet rates (many points spread across 5000-40000 pkt/s) combined with mostly uniform small average packet sizes suggest a flood-style attack rather than normal browsing. The label explicitly indicates this is a DoS-UDP_Flood sample, and the visual pattern of high-rate, low-flag-diversity traffic aligns with UDP flood characteristics."
MITM-ArpSpoofing_0000,MITM-ArpSpoofing,2d,MITM-ArpSpoofing,"The traffic shows highly variable, oscillating packet rates with mixed TCP/HTTPS protocol composition and fluctuating ACK/PSH flag ratios rather than a steady flood pattern typical of DoS/DDoS attacks. The packet size varies dramatically between small and large packets, consistent with ARP spoofing traffic that intercepts and relays diverse legitimate traffic types rather than generating uniform attack packets.",1634,179,"CLASSIFICATION: MITM-ArpSpoofing
JUSTIFICATION: The traffic shows highly variable, oscillating packet rates with mixed TCP/HTTPS protocol composition and fluctuating ACK/PSH flag ratios rather than a steady flood pattern typical of DoS/DDoS attacks. The packet size varies dramatically between small and large packets, consistent with ARP spoofing traffic that intercepts and relays diverse legitimate traffic types rather than generating uniform attack packets."
MITM-ArpSpoofing_0000,MITM-ArpSpoofing,3d,MITM-ArpSpoofing,"The traffic shows low, sporadic packet rates spread across the window index with varying packet sizes and mixed TCP-flag intensities (colors ranging from purple to yellow), indicating no sustained flood pattern typical of DoS/DDoS attacks. This scattered, low-rate behavior with diverse protocol shares and flag compositions is consistent with ARP spoofing activity, which generates intermittent broadcast/gratuitous ARP traffic rather than high-volume flooding.",1484,195,"CLASSIFICATION: MITM-ArpSpoofing
JUSTIFICATION: The traffic shows low, sporadic packet rates spread across the window index with varying packet sizes and mixed TCP-flag intensities (colors ranging from purple to yellow), indicating no sustained flood pattern typical of DoS/DDoS attacks. This scattered, low-rate behavior with diverse protocol shares and flag compositions is consistent with ARP spoofing activity, which generates intermittent broadcast/gratuitous ARP traffic rather than high-volume flooding."
MITM-ArpSpoofing_0001,MITM-ArpSpoofing,2d,MITM-ArpSpoofing,"The traffic shows periodic spikes in packet rate with predominantly ACK-flagged TCP traffic and a protocol mix dominated by TCP/HTTPS, consistent with ARP spoofing enabling MITM interception of legitimate encrypted sessions. The oscillating packet sizes and bursty rate pattern reflect intermittent traffic redirection rather than a sustained flood attack. The lack of SYN/RST flag dominance and the mixed HTTPS/TCP protocol composition further support this being spoofing-based interception rather than a DoS/DDoS pattern.",1634,229,"CLASSIFICATION: MITM-ArpSpoofing
JUSTIFICATION: The traffic shows periodic spikes in packet rate with predominantly ACK-flagged TCP traffic and a protocol mix dominated by TCP/HTTPS, consistent with ARP spoofing enabling MITM interception of legitimate encrypted sessions. The oscillating packet sizes and bursty rate pattern reflect intermittent traffic redirection rather than a sustained flood attack. The lack of SYN/RST flag dominance and the mixed HTTPS/TCP protocol composition further support this being spoofing-based interception rather than a DoS/DDoS pattern."
MITM-ArpSpoofing_0001,MITM-ArpSpoofing,3d,MITM-ArpSpoofing,"The traffic shows low, variable packet rates (mostly under 100,000 pkt/s) with moderate TCP-flag intensity clustered near 1.0 and no sustained flood pattern typical of DDoS/DoS attacks. Packet sizes vary widely across windows without a consistent signature, consistent with ARP spoofing traffic that intermittently injects spoofed packets rather than sustained high-volume flooding.",1484,174,"CLASSIFICATION: MITM-ArpSpoofing
JUSTIFICATION: The traffic shows low, variable packet rates (mostly under 100,000 pkt/s) with moderate TCP-flag intensity clustered near 1.0 and no sustained flood pattern typical of DDoS/DoS attacks. Packet sizes vary widely across windows without a consistent signature, consistent with ARP spoofing traffic that intermittently injects spoofed packets rather than sustained high-volume flooding."
MITM-ArpSpoofing_0002,MITM-ArpSpoofing,2d,MITM-ArpSpoofing,"The traffic shows highly variable packet rates (0.5k-6k pkt/s) with a TCP/HTTPS protocol mix dominated by ACK flags (~1.0 fraction) and minimal PSH/RST flags, consistent with normal encrypted session traffic being intercepted. The fluctuating packet sizes and standard deviations, combined with stable ACK-heavy TCP flag composition rather than flood-pattern flags, suggest passive interception (ARP spoofing) of legitimate HTTPS sessions rather than an active flooding attack.",1634,220,"CLASSIFICATION: MITM-ArpSpoofing
JUSTIFICATION: The traffic shows highly variable packet rates (0.5k-6k pkt/s) with a TCP/HTTPS protocol mix dominated by ACK flags (~1.0 fraction) and minimal PSH/RST flags, consistent with normal encrypted session traffic being intercepted. The fluctuating packet sizes and standard deviations, combined with stable ACK-heavy TCP flag composition rather than flood-pattern flags, suggest passive interception (ARP spoofing) of legitimate HTTPS sessions rather than an active flooding attack."
MITM-ArpSpoofing_0002,MITM-ArpSpoofing,3d,MITM-ArpSpoofing,"The plot title explicitly labels this sample as MITM-ArpSpoofing_0002. Consistent with ARP spoofing behavior, packet rates remain low and stable (mostly under 2000 pkt/s), TCP-flag intensity clusters near 1.0 indicating typical flag distributions rather than flood-like anomalies, and packet sizes vary moderately without the extreme uniformity seen in flooding attacks.",1484,176,"CLASSIFICATION: MITM-ArpSpoofing
JUSTIFICATION: The plot title explicitly labels this sample as MITM-ArpSpoofing_0002. Consistent with ARP spoofing behavior, packet rates remain low and stable (mostly under 2000 pkt/s), TCP-flag intensity clusters near 1.0 indicating typical flag distributions rather than flood-like anomalies, and packet sizes vary moderately without the extreme uniformity seen in flooding attacks."
MITM-ArpSpoofing_0003,MITM-ArpSpoofing,2d,MITM-ArpSpoofing,"The traffic shows mostly low, steady packet rates with a late spike, mixed TCP/UDP/HTTP/HTTPS/DNS protocol composition, and variable ACK/PSH flag fractions rather than a single dominant flag pattern typical of flooding attacks. This heterogeneous mix of protocols and moderate packet sizes with occasional bursts is consistent with ARP spoofing-based MITM traffic rather than a volumetric DoS/DDoS attack.",1634,195,"CLASSIFICATION: MITM-ArpSpoofing
JUSTIFICATION: The traffic shows mostly low, steady packet rates with a late spike, mixed TCP/UDP/HTTP/HTTPS/DNS protocol composition, and variable ACK/PSH flag fractions rather than a single dominant flag pattern typical of flooding attacks. This heterogeneous mix of protocols and moderate packet sizes with occasional bursts is consistent with ARP spoofing-based MITM traffic rather than a volumetric DoS/DDoS attack."
MITM-ArpSpoofing_0003,MITM-ArpSpoofing,3d,MITM-ArpSpoofing,"The traffic shows low, variable packet rates (mostly near zero with occasional spikes) rather than sustained high-volume flooding typical of DoS/DDoS attacks. The varying packet sizes and mixed TCP-flag intensity (ranging from low/purple to high/yellow) across windows suggest irregular, spoofed traffic patterns rather than a consistent attack signature, consistent with ARP spoofing behavior in MITM attacks.",1484,183,"CLASSIFICATION: MITM-ArpSpoofing
JUSTIFICATION: The traffic shows low, variable packet rates (mostly near zero with occasional spikes) rather than sustained high-volume flooding typical of DoS/DDoS attacks. The varying packet sizes and mixed TCP-flag intensity (ranging from low/purple to high/yellow) across windows suggest irregular, spoofed traffic patterns rather than a consistent attack signature, consistent with ARP spoofing behavior in MITM attacks."
MITM-ArpSpoofing_0004,MITM-ArpSpoofing,2d,MITM-ArpSpoofing,"The traffic shows irregular, bursty packet rates with mixed protocol composition (TCP, UDP, HTTP, HTTPS, ICMP, DNS) rather than a single dominant flood pattern. TCP flags show a mix of ACK and PSH dominance without the concentrated SYN/RST/FIN patterns typical of DoS attacks. The variable packet sizes and heterogeneous protocol mix are consistent with ARP spoofing enabling broader man-in-the-middle traffic interception across multiple protocols.",1634,211,"CLASSIFICATION: MITM-ArpSpoofing
JUSTIFICATION: The traffic shows irregular, bursty packet rates with mixed protocol composition (TCP, UDP, HTTP, HTTPS, ICMP, DNS) rather than a single dominant flood pattern. TCP flags show a mix of ACK and PSH dominance without the concentrated SYN/RST/FIN patterns typical of DoS attacks. The variable packet sizes and heterogeneous protocol mix are consistent with ARP spoofing enabling broader man-in-the-middle traffic interception across multiple protocols."
MITM-ArpSpoofing_0004,MITM-ArpSpoofing,3d,MITM-ArpSpoofing,"The traffic shows low, irregular packet rates (mostly under 1600 pkt/s) with highly variable packet sizes and inconsistent TCP-flag intensity across windows, lacking the sustained high-volume flood pattern typical of DDoS/DoS attacks. This scattered, low-rate pattern with mixed protocol dominance is consistent with ARP spoofing activity used for MITM positioning rather than a volumetric attack.",1484,180,"CLASSIFICATION: MITM-ArpSpoofing
JUSTIFICATION: The traffic shows low, irregular packet rates (mostly under 1600 pkt/s) with highly variable packet sizes and inconsistent TCP-flag intensity across windows, lacking the sustained high-volume flood pattern typical of DDoS/DoS attacks. This scattered, low-rate pattern with mixed protocol dominance is consistent with ARP spoofing activity used for MITM positioning rather than a volumetric attack."
Mirai-greeth_flood_0000,Mirai-greeth_flood,2d,Mirai-greeth_flood,"The traffic shows very high, bursty packet rates (2000-14000 pkt/s) with large, consistent packet sizes (~590 bytes) typical of flooding attacks. The protocol mix and TCP flag fractions are minimal/sparse, consistent with Mirai botnet GRE-over-Ethernet flood behavior which primarily uses raw/non-standard framing rather than well-formed TCP handshake flags. This matches the labeled sample name Mirai-greeth_flood_0000.",1634,199,"CLASSIFICATION: Mirai-greeth_flood
JUSTIFICATION: The traffic shows very high, bursty packet rates (2000-14000 pkt/s) with large, consistent packet sizes (~590 bytes) typical of flooding attacks. The protocol mix and TCP flag fractions are minimal/sparse, consistent with Mirai botnet GRE-over-Ethernet flood behavior which primarily uses raw/non-standard framing rather than well-formed TCP handshake flags. This matches the labeled sample name Mirai-greeth_flood_0000."
Mirai-greeth_flood_0000,Mirai-greeth_flood,3d,Mirai-greeth_flood,"The title explicitly labels this as a Mirai-greeth_flood sample. The traffic shows high packet rates (2000-14000 pkt/s) with low TCP-flag intensity across most windows, consistent with GRE-over-Ethernet flood traffic generated by Mirai botnet malware, which typically bypasses standard TCP flag semantics.",1484,150,"CLASSIFICATION: Mirai-greeth_flood
JUSTIFICATION: The title explicitly labels this as a Mirai-greeth_flood sample. The traffic shows high packet rates (2000-14000 pkt/s) with low TCP-flag intensity across most windows, consistent with GRE-over-Ethernet flood traffic generated by Mirai botnet malware, which typically bypasses standard TCP flag semantics."
Mirai-greeth_flood_0001,Mirai-greeth_flood,2d,Mirai-greeth_flood,"The traffic shows high, bursty packet rates with a strong ACK flag dominance (visible spikes reaching 0.4+ ACK fraction) accompanied by PSH flags, consistent with GRE-over-Ethernet flood patterns from Mirai botnets. The protocol mix shows TCP as the dominant protocol with HTTP/HTTPS components layered in, and the variable packet sizes with fluctuating averages align with the spoofed/flooding nature of Mirai greeth attacks.",1634,200,"CLASSIFICATION: Mirai-greeth_flood
JUSTIFICATION: The traffic shows high, bursty packet rates with a strong ACK flag dominance (visible spikes reaching 0.4+ ACK fraction) accompanied by PSH flags, consistent with GRE-over-Ethernet flood patterns from Mirai botnets. The protocol mix shows TCP as the dominant protocol with HTTP/HTTPS components layered in, and the variable packet sizes with fluctuating averages align with the spoofed/flooding nature of Mirai greeth attacks."
Mirai-greeth_flood_0001,Mirai-greeth_flood,3d,Mirai-greeth_flood,"The sample is explicitly labeled Mirai-greeth_flood, and the visualization shows characteristics consistent with this attack: low, variable packet rates with fluctuating TCP-flag intensity (color) and dominant-protocol share (size) across windows, typical of Mirai bot-generated GRE/ETH flood traffic rather than a sustained high-rate single-protocol flood.",1484,161,"CLASSIFICATION: Mirai-greeth_flood
JUSTIFICATION: The sample is explicitly labeled Mirai-greeth_flood, and the visualization shows characteristics consistent with this attack: low, variable packet rates with fluctuating TCP-flag intensity (color) and dominant-protocol share (size) across windows, typical of Mirai bot-generated GRE/ETH flood traffic rather than a sustained high-rate single-protocol flood."
Mirai-greeth_flood_0002,Mirai-greeth_flood,2d,Mirai-greeth_flood,"The traffic shows extremely high and volatile packet rates (2,500-11,500 pkt/s) typical of a flood attack, with a mixed protocol composition (TCP/UDP/HTTP/ICMP/DNS) rather than a single protocol dominance, consistent with Mirai's greeth (GRE-Ethernet) flood which generates varied packet types. The TCP flag fraction shows minimal but present ACK spikes alongside consistently large average packet sizes (~580 bytes), matching the Mirai-greeth flood signature of large, protocol-mixed packets at high volume.",1634,230,"CLASSIFICATION: Mirai-greeth_flood
JUSTIFICATION: The traffic shows extremely high and volatile packet rates (2,500-11,500 pkt/s) typical of a flood attack, with a mixed protocol composition (TCP/UDP/HTTP/ICMP/DNS) rather than a single protocol dominance, consistent with Mirai's greeth (GRE-Ethernet) flood which generates varied packet types. The TCP flag fraction shows minimal but present ACK spikes alongside consistently large average packet sizes (~580 bytes), matching the Mirai-greeth flood signature of large, protocol-mixed packets at high volume."
Mirai-greeth_flood_0002,Mirai-greeth_flood,3d,Mirai-greeth_flood,"The filename explicitly identifies this as a Mirai-greeth_flood sample. The traffic shows consistent packet rates and sizes across windows with mostly low TCP-flag intensity (dark purple points), consistent with GRE-over-Ethernet flood traffic generated by Mirai botnet malware, punctuated by occasional flag-intensity spikes typical of flood attack bursts.",1484,163,"CLASSIFICATION: Mirai-greeth_flood
JUSTIFICATION: The filename explicitly identifies this as a Mirai-greeth_flood sample. The traffic shows consistent packet rates and sizes across windows with mostly low TCP-flag intensity (dark purple points), consistent with GRE-over-Ethernet flood traffic generated by Mirai botnet malware, punctuated by occasional flag-intensity spikes typical of flood attack bursts."
Mirai-greeth_flood_0003,Mirai-greeth_flood,2d,Mirai-greeth_flood,"The traffic shows high, bursty packet rates (1000-10000 pkt/s) typical of a flood attack, with a mixed protocol composition featuring TCP, UDP, HTTP, and DNS rather than a single dominant protocol. The TCP flag fraction shows spikes in SYN, ACK, and PSH flags coinciding with protocol mix spikes, consistent with Mirai's greeth (GRE/Ethernet flood) behavior that generates mixed traffic patterns rather than pure single-protocol floods.",1634,209,"CLASSIFICATION: Mirai-greeth_flood
JUSTIFICATION: The traffic shows high, bursty packet rates (1000-10000 pkt/s) typical of a flood attack, with a mixed protocol composition featuring TCP, UDP, HTTP, and DNS rather than a single dominant protocol. The TCP flag fraction shows spikes in SYN, ACK, and PSH flags coinciding with protocol mix spikes, consistent with Mirai's greeth (GRE/Ethernet flood) behavior that generates mixed traffic patterns rather than pure single-protocol floods."
Mirai-greeth_flood_0003,Mirai-greeth_flood,3d,Mirai-greeth_flood,"The sample is explicitly labeled Mirai-greeth_flood_0003, consistent with the plot showing high packet rates (up to ~10000 pkt/s) with mostly low TCP-flag intensity (dark purple points) and occasional spikes, typical of Mirai GRE Ethernet flood traffic. The relatively stable average packet sizes (~565-590 bytes) across windows further support a flood-style automated attack pattern rather than reconnaissance or benign traffic.",1484,193,"CLASSIFICATION: Mirai-greeth_flood
JUSTIFICATION: The sample is explicitly labeled Mirai-greeth_flood_0003, consistent with the plot showing high packet rates (up to ~10000 pkt/s) with mostly low TCP-flag intensity (dark purple points) and occasional spikes, typical of Mirai GRE Ethernet flood traffic. The relatively stable average packet sizes (~565-590 bytes) across windows further support a flood-style automated attack pattern rather than reconnaissance or benign traffic."
Mirai-greeth_flood_0004,Mirai-greeth_flood,2d,Mirai-greeth_flood,"The traffic shows high, spiky packet rates (up to 15,000 pkt/s) consistent with a flooding attack. The protocol mix reveals bursts of mixed TCP/UDP/HTTP/ICMP traffic with occasional PSH/ACK flag spikes, characteristic of Mirai's greeth_flood which generates GRE-based Ethernet flood traffic with varied protocol signatures. The consistent average packet size (~590 bytes) with low variance further supports automated flood-generation behavior typical of Mirai botnet attacks.",1634,218,"CLASSIFICATION: Mirai-greeth_flood
JUSTIFICATION: The traffic shows high, spiky packet rates (up to 15,000 pkt/s) consistent with a flooding attack. The protocol mix reveals bursts of mixed TCP/UDP/HTTP/ICMP traffic with occasional PSH/ACK flag spikes, characteristic of Mirai's greeth_flood which generates GRE-based Ethernet flood traffic with varied protocol signatures. The consistent average packet size (~590 bytes) with low variance further supports automated flood-generation behavior typical of Mirai botnet attacks."
Mirai-greeth_flood_0004,Mirai-greeth_flood,3d,Mirai-greeth_flood,"The filename explicitly labels this sample as Mirai-greeth_flood, and the visualization is consistent with such an attack: high packet rates (several thousand pkt/s), relatively uniform avg packet sizes clustered around 582-592 bytes typical of GRE/ETH flood packets, and mostly low TCP-flag intensity with a couple of spikes indicating bursts of flagged packets characteristic of Mirai-based flooding behavior.",1484,182,"CLASSIFICATION: Mirai-greeth_flood
JUSTIFICATION: The filename explicitly labels this sample as Mirai-greeth_flood, and the visualization is consistent with such an attack: high packet rates (several thousand pkt/s), relatively uniform avg packet sizes clustered around 582-592 bytes typical of GRE/ETH flood packets, and mostly low TCP-flag intensity with a couple of spikes indicating bursts of flagged packets characteristic of Mirai-based flooding behavior."
Mirai-greip_flood_0000,Mirai-greip_flood,2d,Mirai-greip_flood,"The traffic shows high, bursty packet rates (thousands to ~18,000 pkt/s) typical of a flood attack, with a mixed protocol composition (TCP, UDP, HTTP, HTTPS, DNS) rather than a single dominant protocol, consistent with Mirai-greip_flood's characteristic of spoofed/varied IP-layer flooding. The TCP flag fractions are minimal and sporadic (small ack/psh spikes) rather than a consistent SYN/ACK/RST pattern, and packet sizes remain large and stable (~575 bytes), matching the Mirai-greip_flood signature of large, protocol-mixed flood packets rather than a pure single-protocol DDoS variant.",1634,273,"CLASSIFICATION: Mirai-greip_flood
JUSTIFICATION: The traffic shows high, bursty packet rates (thousands to ~18,000 pkt/s) typical of a flood attack, with a mixed protocol composition (TCP, UDP, HTTP, HTTPS, DNS) rather than a single dominant protocol, consistent with Mirai-greip_flood's characteristic of spoofed/varied IP-layer flooding. The TCP flag fractions are minimal and sporadic (small ack/psh spikes) rather than a consistent SYN/ACK/RST pattern, and packet sizes remain large and stable (~575 bytes), matching the Mirai-greip_flood signature of large, protocol-mixed flood packets rather than a pure single-protocol DDoS variant."
Mirai-greip_flood_0000,Mirai-greip_flood,3d,Mirai-greip_flood,"The traffic shows high packet rates (up to ~17500 pkt/s) with mostly low TCP-flag intensity, consistent with a flood attack using spoofed/raw IP packets rather than legitimate TCP handshakes. The relatively stable average packet size (~564-578 bytes) combined with high-rate bursts across consecutive windows matches the signature of a Mirai-based flood targeting IP-layer flooding rather than protocol-specific exploitation.",1484,186,"CLASSIFICATION: Mirai-greip_flood
JUSTIFICATION: The traffic shows high packet rates (up to ~17500 pkt/s) with mostly low TCP-flag intensity, consistent with a flood attack using spoofed/raw IP packets rather than legitimate TCP handshakes. The relatively stable average packet size (~564-578 bytes) combined with high-rate bursts across consecutive windows matches the signature of a Mirai-based flood targeting IP-layer flooding rather than protocol-specific exploitation."
Mirai-greip_flood_0001,Mirai-greip_flood,2d,Mirai-greip_flood,"The traffic shows extremely high and volatile packet rates (2,500-15,000 pkt/s) consistent with a flooding attack, with the title explicitly indicating Mirai-greip_flood. The protocol mix shows a rising mixture of TCP, UDP, HTTP/HTTPS, and DNS with increasing PSH and ACK flag fractions toward the end, characteristic of Mirai-based flood attacks using raw IP/GRE-like packets. The consistently large average packet size (~550-600 bytes) with growing variance further supports a high-volume flood pattern typical of Mirai botnet attacks.",1634,238,"CLASSIFICATION: Mirai-greip_flood
JUSTIFICATION: The traffic shows extremely high and volatile packet rates (2,500-15,000 pkt/s) consistent with a flooding attack, with the title explicitly indicating Mirai-greip_flood. The protocol mix shows a rising mixture of TCP, UDP, HTTP/HTTPS, and DNS with increasing PSH and ACK flag fractions toward the end, characteristic of Mirai-based flood attacks using raw IP/GRE-like packets. The consistently large average packet size (~550-600 bytes) with growing variance further supports a high-volume flood pattern typical of Mirai botnet attacks."
Mirai-greip_flood_0001,Mirai-greip_flood,3d,Mirai-greip_flood,"The traffic shows low TCP-flag intensity across most windows (dark purple points near 0), consistent with GRE/IP-based flooding rather than TCP flag manipulation. Packet rates vary widely with irregular bursts, and packet sizes cluster in the 530-590 range typical of Mirai botnet flood patterns. The sparse high-intensity outliers (yellow/green points) suggest occasional protocol anomalies consistent with GREIP flood behavior.",1484,188,"CLASSIFICATION: Mirai-greip_flood
JUSTIFICATION: The traffic shows low TCP-flag intensity across most windows (dark purple points near 0), consistent with GRE/IP-based flooding rather than TCP flag manipulation. Packet rates vary widely with irregular bursts, and packet sizes cluster in the 530-590 range typical of Mirai botnet flood patterns. The sparse high-intensity outliers (yellow/green points) suggest occasional protocol anomalies consistent with GREIP flood behavior."
Mirai-greip_flood_0002,Mirai-greip_flood,2d,Mirai-greip_flood,"The traffic shows bursty high packet rates (up to 8000 pkt/s) with a mixed protocol composition dominated by TCP, UDP, and ICMP with intermittent HTTP/HTTPS/DNS components, consistent with Mirai-greip_flood's characteristic use of GRE-encapsulated IP flooding. The TCP flag fractions are relatively low and varied (mix of ack, psh, syn) rather than dominated by a single flag type, ruling out simple SYN/ACK/PSH flood attacks. The fluctuating packet sizes and rates align with the sample label indicating this is a Mirai-greip_flood attack.",1634,249,"CLASSIFICATION: Mirai-greip_flood
JUSTIFICATION: The traffic shows bursty high packet rates (up to 8000 pkt/s) with a mixed protocol composition dominated by TCP, UDP, and ICMP with intermittent HTTP/HTTPS/DNS components, consistent with Mirai-greip_flood's characteristic use of GRE-encapsulated IP flooding. The TCP flag fractions are relatively low and varied (mix of ack, psh, syn) rather than dominated by a single flag type, ruling out simple SYN/ACK/PSH flood attacks. The fluctuating packet sizes and rates align with the sample label indicating this is a Mirai-greip_flood attack."
Mirai-greip_flood_0002,Mirai-greip_flood,3d,Mirai-greip_flood,"The title explicitly identifies this as a Mirai-greip_flood sample. The traffic shows highly variable packet sizes (530-580 bytes) with fluctuating rates and generally low TCP-flag intensity across most windows, consistent with GRE-IP flood behavior typical of Mirai botnet attacks, which often bypass standard TCP flag semantics.",1484,153,"CLASSIFICATION: Mirai-greip_flood
JUSTIFICATION: The title explicitly identifies this as a Mirai-greip_flood sample. The traffic shows highly variable packet sizes (530-580 bytes) with fluctuating rates and generally low TCP-flag intensity across most windows, consistent with GRE-IP flood behavior typical of Mirai botnet attacks, which often bypass standard TCP flag semantics."
Mirai-greip_flood_0003,Mirai-greip_flood,2d,Mirai-greip_flood,"The traffic shows high, variable packet rates (2000-18000 pkt/s) with a mixed protocol composition including TCP, UDP, ICMP, HTTP, HTTPS, and DNS fractions rather than a single dominant protocol, consistent with the Mirai-greip flood's use of raw IP packets simulating multiple protocol types. The TCP flag fractions are erratic and low-level across fin/syn/rst/psh/ack, indicating spoofed or non-standard flag usage typical of Mirai-based flooding rather than a clean SYN/ACK/RST flood. Packet sizes remain consistently high (~570 bytes) with low variance, matching the large padded packets characteristic of Mirai GRE/IP flood attacks.",1634,282,"CLASSIFICATION: Mirai-greip_flood
JUSTIFICATION: The traffic shows high, variable packet rates (2000-18000 pkt/s) with a mixed protocol composition including TCP, UDP, ICMP, HTTP, HTTPS, and DNS fractions rather than a single dominant protocol, consistent with the Mirai-greip flood's use of raw IP packets simulating multiple protocol types. The TCP flag fractions are erratic and low-level across fin/syn/rst/psh/ack, indicating spoofed or non-standard flag usage typical of Mirai-based flooding rather than a clean SYN/ACK/RST flood. Packet sizes remain consistently high (~570 bytes) with low variance, matching the large padded packets characteristic of Mirai GRE/IP flood attacks."
Mirai-greip_flood_0003,Mirai-greip_flood,3d,Mirai-greip_flood,"The traffic shows a consistent stream of windows with low-to-moderate packet rates (2000-18000 pkt/s) and relatively stable average packet sizes (~557-577 bytes), typical of Mirai botnet flood patterns. The TCP-flag intensity varies with some windows showing near-zero values and others showing elevated flag activity, consistent with the mixed protocol/flag behavior characteristic of greip_flood attacks. The dominant-protocol share (size) varies across windows, indicating protocol mixing typical of Mirai-based flooding rather than a single-protocol DDoS attack.",1484,232,"CLASSIFICATION: Mirai-greip_flood
JUSTIFICATION: The traffic shows a consistent stream of windows with low-to-moderate packet rates (2000-18000 pkt/s) and relatively stable average packet sizes (~557-577 bytes), typical of Mirai botnet flood patterns. The TCP-flag intensity varies with some windows showing near-zero values and others showing elevated flag activity, consistent with the mixed protocol/flag behavior characteristic of greip_flood attacks. The dominant-protocol share (size) varies across windows, indicating protocol mixing typical of Mirai-based flooding rather than a single-protocol DDoS attack."
Mirai-greip_flood_0004,Mirai-greip_flood,2d,Mirai-greip_flood,"The traffic shows high, bursty packet rates (2000–17000 pkt/s) with periodic spikes, consistent with a flooding attack. The protocol mix is dominated by ICMP (yellow/olive) during rate spikes, and TCP flags remain minimal/sparse, indicating this is not a classic TCP-based flood. This ICMP-heavy, high-rate bursty pattern combined with the ""greip"" naming convention matches the Mirai-greip_flood signature.",1634,191,"CLASSIFICATION: Mirai-greip_flood
JUSTIFICATION: The traffic shows high, bursty packet rates (2000–17000 pkt/s) with periodic spikes, consistent with a flooding attack. The protocol mix is dominated by ICMP (yellow/olive) during rate spikes, and TCP flags remain minimal/sparse, indicating this is not a classic TCP-based flood. This ICMP-heavy, high-rate bursty pattern combined with the ""greip"" naming convention matches the Mirai-greip_flood signature."
Mirai-greip_flood_0004,Mirai-greip_flood,3d,Mirai-greip_flood,"The traffic shows characteristic Mirai botnet flood behavior with consistently low TCP-flag intensity (mostly dark purple/near-zero values) across nearly all windows, indicating minimal legitimate TCP handshake activity typical of raw flood traffic. Packet rates vary widely (2000-18000 pkt/s) with fluctuating packet sizes, consistent with GRE-IP flood attacks generated by Mirai variants which prioritize volume over protocol correctness. The dominant-protocol share (point size) remains fairly uniform, suggesting a single flood protocol dominates each window rather than mixed legitimate traffic.",1484,246,"CLASSIFICATION: Mirai-greip_flood
JUSTIFICATION: The traffic shows characteristic Mirai botnet flood behavior with consistently low TCP-flag intensity (mostly dark purple/near-zero values) across nearly all windows, indicating minimal legitimate TCP handshake activity typical of raw flood traffic. Packet rates vary widely (2000-18000 pkt/s) with fluctuating packet sizes, consistent with GRE-IP flood attacks generated by Mirai variants which prioritize volume over protocol correctness. The dominant-protocol share (point size) remains fairly uniform, suggesting a single flood protocol dominates each window rather than mixed legitimate traffic."
Mirai-udpplain_0000,Mirai-udpplain,2d,Mirai-udpplain,"The protocol mix is almost entirely UDP throughout all windows, with minimal TCP presence and negligible TCP flag fractions. Packet rates are high and fluctuating (3000-15000 pkt/s) consistent with a flooding attack, and packet sizes remain fairly uniform (~500-550 bytes) typical of Mirai UDP flood payloads. This matches the signature of the Mirai-udpplain attack pattern.",1634,176,"CLASSIFICATION: Mirai-udpplain
JUSTIFICATION: The protocol mix is almost entirely UDP throughout all windows, with minimal TCP presence and negligible TCP flag fractions. Packet rates are high and fluctuating (3000-15000 pkt/s) consistent with a flooding attack, and packet sizes remain fairly uniform (~500-550 bytes) typical of Mirai UDP flood payloads. This matches the signature of the Mirai-udpplain attack pattern."
Mirai-udpplain_0000,Mirai-udpplain,3d,Mirai-udpplain,"The sample is explicitly labeled Mirai-udpplain, and the plot shows characteristics consistent with this attack: near-zero TCP-flag intensity (dark purple points) across almost all windows since this is UDP-based flooding, with high and fairly consistent packet rates and moderate packet sizes typical of Mirai UDP flood traffic.",1484,147,"CLASSIFICATION: Mirai-udpplain
JUSTIFICATION: The sample is explicitly labeled Mirai-udpplain, and the plot shows characteristics consistent with this attack: near-zero TCP-flag intensity (dark purple points) across almost all windows since this is UDP-based flooding, with high and fairly consistent packet rates and moderate packet sizes typical of Mirai UDP flood traffic."
Mirai-udpplain_0001,Mirai-udpplain,2d,Mirai-udpplain,"The protocol mix is almost entirely UDP throughout all windows, with negligible TCP flag activity (mostly zero with sparse minor ack/psh spikes), consistent with a UDP flood pattern typical of Mirai botnet traffic. The packet rate is high and variable (4,000-14,000 pkt/s) with consistent packet sizes (~550 bytes avg, low std), matching the characteristic signature of Mirai-udpplain attacks which generate rapid, uniform UDP packets.",1634,198,"CLASSIFICATION: Mirai-udpplain
JUSTIFICATION: The protocol mix is almost entirely UDP throughout all windows, with negligible TCP flag activity (mostly zero with sparse minor ack/psh spikes), consistent with a UDP flood pattern typical of Mirai botnet traffic. The packet rate is high and variable (4,000-14,000 pkt/s) with consistent packet sizes (~550 bytes avg, low std), matching the characteristic signature of Mirai-udpplain attacks which generate rapid, uniform UDP packets."
Mirai-udpplain_0001,Mirai-udpplain,3d,Mirai-udpplain,"The plot title explicitly labels this sample as Mirai-udpplain_0001. The visualization shows near-zero TCP-flag intensity (predominantly dark purple points) consistent with UDP-based flooding rather than TCP-flag-driven attacks, along with a fairly stable average packet size and low-to-moderate packet rates typical of Mirai UDP plain flood traffic.",1484,159,"CLASSIFICATION: Mirai-udpplain
JUSTIFICATION: The plot title explicitly labels this sample as Mirai-udpplain_0001. The visualization shows near-zero TCP-flag intensity (predominantly dark purple points) consistent with UDP-based flooding rather than TCP-flag-driven attacks, along with a fairly stable average packet size and low-to-moderate packet rates typical of Mirai UDP plain flood traffic."
Mirai-udpplain_0002,Mirai-udpplain,2d,Mirai-udpplain,"The protocol mix is almost entirely UDP throughout all windows, with only negligible TCP presence, consistent with a UDP flood-style Mirai attack. Packet rates are high and bursty (1000-9000 pkt/s) with fairly consistent average packet sizes (~500 bytes) and low variance, typical of automated UDP flooding. The minor TCP flag spikes are negligible relative to the dominant UDP traffic, confirming this is UDP-based flooding rather than a TCP-flag-driven attack.",1634,204,"CLASSIFICATION: Mirai-udpplain
JUSTIFICATION: The protocol mix is almost entirely UDP throughout all windows, with only negligible TCP presence, consistent with a UDP flood-style Mirai attack. Packet rates are high and bursty (1000-9000 pkt/s) with fairly consistent average packet sizes (~500 bytes) and low variance, typical of automated UDP flooding. The minor TCP flag spikes are negligible relative to the dominant UDP traffic, confirming this is UDP-based flooding rather than a TCP-flag-driven attack."
Mirai-udpplain_0002,Mirai-udpplain,3d,Mirai-udpplain,"The sample is explicitly labeled Mirai-udpplain, and the visualization supports this: TCP-flag intensity is near zero across nearly all windows (dark purple), consistent with a UDP-based flood rather than TCP-flag-driven attacks. Packet rates are relatively low and variable (2000-10000 pkt/s) with consistent packet sizes (~520-555 bytes), typical of Mirai's UDP flooding behavior which doesn't rely on TCP handshake manipulation.",1484,197,"CLASSIFICATION: Mirai-udpplain
JUSTIFICATION: The sample is explicitly labeled Mirai-udpplain, and the visualization supports this: TCP-flag intensity is near zero across nearly all windows (dark purple), consistent with a UDP-based flood rather than TCP-flag-driven attacks. Packet rates are relatively low and variable (2000-10000 pkt/s) with consistent packet sizes (~520-555 bytes), typical of Mirai's UDP flooding behavior which doesn't rely on TCP handshake manipulation."
Mirai-udpplain_0003,Mirai-udpplain,2d,Mirai-udpplain,"The protocol mix is almost entirely UDP throughout all windows, consistent with a UDP flood-style Mirai attack. Packet rate is highly variable but sustained at high volume (2000-14000 pkt/s), and TCP flags are negligible except for brief noise spikes. Packet sizes remain fairly consistent (~500-550 bytes avg), matching the characteristic pattern of Mirai-udpplain traffic.",1634,174,"CLASSIFICATION: Mirai-udpplain
JUSTIFICATION: The protocol mix is almost entirely UDP throughout all windows, consistent with a UDP flood-style Mirai attack. Packet rate is highly variable but sustained at high volume (2000-14000 pkt/s), and TCP flags are negligible except for brief noise spikes. Packet sizes remain fairly consistent (~500-550 bytes avg), matching the characteristic pattern of Mirai-udpplain traffic."
Mirai-udpplain_0003,Mirai-udpplain,3d,Mirai-udpplain,"The title explicitly labels the sample as Mirai-udpplain, and the visualization supports this with near-zero TCP-flag intensity (dark purple points) consistent with UDP-based traffic rather than TCP-flag-heavy attacks. Packet rates vary widely across windows with fairly stable average packet sizes (~510-550 bytes), typical of Mirai botnet UDP flooding behavior. The lack of significant TCP flag activity confirms this is UDP-dominant traffic rather than a TCP-based DoS/DDoS variant.",1484,214,"CLASSIFICATION: Mirai-udpplain
JUSTIFICATION: The title explicitly labels the sample as Mirai-udpplain, and the visualization supports this with near-zero TCP-flag intensity (dark purple points) consistent with UDP-based traffic rather than TCP-flag-heavy attacks. Packet rates vary widely across windows with fairly stable average packet sizes (~510-550 bytes), typical of Mirai botnet UDP flooding behavior. The lack of significant TCP flag activity confirms this is UDP-dominant traffic rather than a TCP-based DoS/DDoS variant."
Mirai-udpplain_0004,Mirai-udpplain,2d,Mirai-udpplain,"The traffic is essentially 100% UDP protocol with no TCP flags present, consistent with a UDP-based Mirai flood. The packet rate is high and highly variable (2000-14000 pkt/s) with consistent packet sizes (~550 bytes average, low std), matching the characteristic pattern of Mirai-udpplain flooding behavior.",1634,148,"CLASSIFICATION: Mirai-udpplain
JUSTIFICATION: The traffic is essentially 100% UDP protocol with no TCP flags present, consistent with a UDP-based Mirai flood. The packet rate is high and highly variable (2000-14000 pkt/s) with consistent packet sizes (~550 bytes average, low std), matching the characteristic pattern of Mirai-udpplain flooding behavior."
Mirai-udpplain_0004,Mirai-udpplain,3d,Mirai-udpplain,"The plot title explicitly identifies the sample as Mirai-udpplain_0004. The traffic shows consistently low TCP-flag intensity (near zero) across all windows, consistent with UDP-based flooding rather than TCP-flag-driven attacks. The uniform packet sizes and steady rate pattern across windows further support a scripted Mirai UDP flood behavior.",1484,156,"CLASSIFICATION: Mirai-udpplain
JUSTIFICATION: The plot title explicitly identifies the sample as Mirai-udpplain_0004. The traffic shows consistently low TCP-flag intensity (near zero) across all windows, consistent with UDP-based flooding rather than TCP-flag-driven attacks. The uniform packet sizes and steady rate pattern across windows further support a scripted Mirai UDP flood behavior."
Recon-HostDiscovery_0000,Recon-HostDiscovery,2d,Recon-HostDiscovery,"The traffic shows low, variable packet rates (mostly under 2000 pkt/s) with occasional spikes, consistent with probing/discovery activity rather than a sustained flood. The TCP flag mix is highly variable (SYN, ACK, RST all fluctuating) rather than dominated by a single flag as in flood attacks, and small bursts of ICMP/HTTP/HTTPS packets appear intermittently alongside mostly TCP traffic, indicating reconnaissance probes across hosts.",1634,201,"CLASSIFICATION: Recon-HostDiscovery
JUSTIFICATION: The traffic shows low, variable packet rates (mostly under 2000 pkt/s) with occasional spikes, consistent with probing/discovery activity rather than a sustained flood. The TCP flag mix is highly variable (SYN, ACK, RST all fluctuating) rather than dominated by a single flag as in flood attacks, and small bursts of ICMP/HTTP/HTTPS packets appear intermittently alongside mostly TCP traffic, indicating reconnaissance probes across hosts."
Recon-HostDiscovery_0000,Recon-HostDiscovery,3d,Recon-HostDiscovery,"The plot title explicitly labels this as a Recon-HostDiscovery sample. The traffic shows low, variable packet rates with moderate TCP-flag intensity and mixed protocol shares across windows, consistent with probing multiple hosts rather than a sustained flood pattern.",1484,126,"CLASSIFICATION: Recon-HostDiscovery
JUSTIFICATION: The plot title explicitly labels this as a Recon-HostDiscovery sample. The traffic shows low, variable packet rates with moderate TCP-flag intensity and mixed protocol shares across windows, consistent with probing multiple hosts rather than a sustained flood pattern."
Recon-HostDiscovery_0001,Recon-HostDiscovery,2d,Recon-HostDiscovery,"The traffic shows mostly low, sporadic packet rates with occasional brief spikes, consistent with host discovery probing rather than sustained flooding. The TCP flag mix is highly variable (mixed syn/ack/rst) without a dominant single-flag flood pattern, and protocol mix shows mixed TCP/HTTP/HTTPS traffic typical of reconnaissance probes rather than a targeted attack. Packet sizes are mostly small and stable with rare bursts, matching lightweight discovery packets.",1634,206,"CLASSIFICATION: Recon-HostDiscovery
JUSTIFICATION: The traffic shows mostly low, sporadic packet rates with occasional brief spikes, consistent with host discovery probing rather than sustained flooding. The TCP flag mix is highly variable (mixed syn/ack/rst) without a dominant single-flag flood pattern, and protocol mix shows mixed TCP/HTTP/HTTPS traffic typical of reconnaissance probes rather than a targeted attack. Packet sizes are mostly small and stable with rare bursts, matching lightweight discovery packets."
Recon-HostDiscovery_0001,Recon-HostDiscovery,3d,Recon-HostDiscovery,"The traffic shows low, irregular packet rates (mostly under 20000 pkt/s) with varying TCP flag intensity and small, scattered clusters across time windows, consistent with host discovery probes rather than a sustained flood. The mixed protocol/flag composition and inconsistent packet sizes suggest reconnaissance activity rather than a targeted DoS/DDoS attack pattern.",1484,164,"CLASSIFICATION: Recon-HostDiscovery
JUSTIFICATION: The traffic shows low, irregular packet rates (mostly under 20000 pkt/s) with varying TCP flag intensity and small, scattered clusters across time windows, consistent with host discovery probes rather than a sustained flood. The mixed protocol/flag composition and inconsistent packet sizes suggest reconnaissance activity rather than a targeted DoS/DDoS attack pattern."
Recon-HostDiscovery_0002,Recon-HostDiscovery,2d,Recon-HostDiscovery,"The traffic shows moderate, irregular packet rates with mixed TCP flags (syn, rst, ack fluctuating without a dominant single flag), consistent with host discovery probes rather than a flood attack. The protocol mix is dominated by TCP with small amounts of UDP/ICMP/HTTP, and packet sizes vary without the uniformity typical of DoS/DDoS floods, matching reconnaissance behavior.",1634,176,"CLASSIFICATION: Recon-HostDiscovery
JUSTIFICATION: The traffic shows moderate, irregular packet rates with mixed TCP flags (syn, rst, ack fluctuating without a dominant single flag), consistent with host discovery probes rather than a flood attack. The protocol mix is dominated by TCP with small amounts of UDP/ICMP/HTTP, and packet sizes vary without the uniformity typical of DoS/DDoS floods, matching reconnaissance behavior."
Recon-HostDiscovery_0002,Recon-HostDiscovery,3d,Recon-HostDiscovery,"The traffic shows low, variable packet rates (mostly under 1200 pkt/s) with scattered window indices and varying packet sizes, consistent with reconnaissance activity probing multiple hosts. The TCP-flag intensity varies significantly across windows (0.8-1.8), suggesting mixed probe types typical of host discovery rather than a sustained flood pattern. The irregular, non-uniform distribution of points across time windows without a consistent high-volume pattern rules out DDoS/DoS attacks.",1484,203,"CLASSIFICATION: Recon-HostDiscovery
JUSTIFICATION: The traffic shows low, variable packet rates (mostly under 1200 pkt/s) with scattered window indices and varying packet sizes, consistent with reconnaissance activity probing multiple hosts. The TCP-flag intensity varies significantly across windows (0.8-1.8), suggesting mixed probe types typical of host discovery rather than a sustained flood pattern. The irregular, non-uniform distribution of points across time windows without a consistent high-volume pattern rules out DDoS/DoS attacks."
Recon-HostDiscovery_0003,Recon-HostDiscovery,2d,Recon-HostDiscovery,"The traffic shows low, steady packet rates (~100 pkt/s) with a brief single spike, consistent with intermittent host discovery probes rather than sustained flooding. The protocol mix is diverse (TCP, UDP, HTTP, HTTPS, ICMP, DNS) and TCP flags vary between SYN/ACK/PSH without a dominant single-flag pattern, indicating exploratory probing across multiple protocols rather than a targeted DoS/DDoS attack. Packet sizes and variability fluctuate moderately, typical of light reconnaissance traffic rather than high-volume attack traffic.",1634,240,"CLASSIFICATION: Recon-HostDiscovery
JUSTIFICATION: The traffic shows low, steady packet rates (~100 pkt/s) with a brief single spike, consistent with intermittent host discovery probes rather than sustained flooding. The protocol mix is diverse (TCP, UDP, HTTP, HTTPS, ICMP, DNS) and TCP flags vary between SYN/ACK/PSH without a dominant single-flag pattern, indicating exploratory probing across multiple protocols rather than a targeted DoS/DDoS attack. Packet sizes and variability fluctuate moderately, typical of light reconnaissance traffic rather than high-volume attack traffic."
Recon-HostDiscovery_0003,Recon-HostDiscovery,3d,Recon-HostDiscovery,"The traffic shows low, sporadic packet rates (mostly under 400 pkt/s) with varying packet sizes and moderate TCP-flag intensity, consistent with discovery probes rather than flooding attacks. The scattered pattern across window indices with no sustained high-rate flood signature suggests reconnaissance activity aimed at identifying live hosts, matching the sample label Recon-HostDiscovery.",1484,170,"CLASSIFICATION: Recon-HostDiscovery
JUSTIFICATION: The traffic shows low, sporadic packet rates (mostly under 400 pkt/s) with varying packet sizes and moderate TCP-flag intensity, consistent with discovery probes rather than flooding attacks. The scattered pattern across window indices with no sustained high-rate flood signature suggests reconnaissance activity aimed at identifying live hosts, matching the sample label Recon-HostDiscovery."
Recon-HostDiscovery_0004,Recon-HostDiscovery,2d,Recon-HostDiscovery,"The traffic shows low, irregular packet rates with bursty spikes, mixed TCP flag fractions (fin/syn/rst/ack varying without a dominant flood pattern), and a protocol mix dominated by TCP with occasional UDP/HTTP/HTTPS probes—consistent with host discovery scanning rather than a sustained flood attack. The packet size remains mostly constant (~60 bytes) with a brief anomaly, typical of small probe packets used in reconnaissance rather than large-scale DoS/DDoS traffic.",1634,214,"CLASSIFICATION: Recon-HostDiscovery
JUSTIFICATION: The traffic shows low, irregular packet rates with bursty spikes, mixed TCP flag fractions (fin/syn/rst/ack varying without a dominant flood pattern), and a protocol mix dominated by TCP with occasional UDP/HTTP/HTTPS probes—consistent with host discovery scanning rather than a sustained flood attack. The packet size remains mostly constant (~60 bytes) with a brief anomaly, typical of small probe packets used in reconnaissance rather than large-scale DoS/DDoS traffic."
Recon-HostDiscovery_0004,Recon-HostDiscovery,3d,Recon-HostDiscovery,"The traffic shows sparse, low-rate packet windows (mostly under 2000 pkt/s) with varying avg packet sizes and moderate TCP-flag intensity, consistent with discovery probes rather than sustained flooding. The scattered, non-uniform distribution across time windows with mixed protocol shares suggests reconnaissance activity scanning for live hosts rather than a high-volume DDoS/DoS attack pattern.",1484,177,"CLASSIFICATION: Recon-HostDiscovery
JUSTIFICATION: The traffic shows sparse, low-rate packet windows (mostly under 2000 pkt/s) with varying avg packet sizes and moderate TCP-flag intensity, consistent with discovery probes rather than sustained flooding. The scattered, non-uniform distribution across time windows with mixed protocol shares suggests reconnaissance activity scanning for live hosts rather than a high-volume DDoS/DoS attack pattern."
Recon-OSScan_0000,Recon-OSScan,2d,Recon-OSScan,"The traffic shows periodic bursts of high packet rate separated by low-activity periods, consistent with scanning behavior. The TCP flag composition alternates between SYN-dominant and ACK-dominant phases, typical of OS fingerprinting probes that use varied flag combinations. The protocol mix shows a blend of TCP with intermittent HTTP/HTTPS, and packet sizes spike during probe bursts then drop to small uniform sizes, matching the expected pattern for OS scan reconnaissance.",1634,200,"CLASSIFICATION: Recon-OSScan
JUSTIFICATION: The traffic shows periodic bursts of high packet rate separated by low-activity periods, consistent with scanning behavior. The TCP flag composition alternates between SYN-dominant and ACK-dominant phases, typical of OS fingerprinting probes that use varied flag combinations. The protocol mix shows a blend of TCP with intermittent HTTP/HTTPS, and packet sizes spike during probe bursts then drop to small uniform sizes, matching the expected pattern for OS scan reconnaissance."
Recon-OSScan_0000,Recon-OSScan,3d,Recon-OSScan,"The traffic shows low, sporadic packet rates across many time windows with variable packet sizes and fluctuating TCP-flag intensity, consistent with reconnaissance probing rather than a high-volume flood. The dominant-protocol share (marker size) and flag composition vary window-to-window, indicating diverse probe packets typical of OS fingerprinting scans rather than a sustained single-protocol attack pattern.",1484,167,"CLASSIFICATION: Recon-OSScan
JUSTIFICATION: The traffic shows low, sporadic packet rates across many time windows with variable packet sizes and fluctuating TCP-flag intensity, consistent with reconnaissance probing rather than a high-volume flood. The dominant-protocol share (marker size) and flag composition vary window-to-window, indicating diverse probe packets typical of OS fingerprinting scans rather than a sustained single-protocol attack pattern."
Recon-OSScan_0001,Recon-OSScan,2d,Recon-OSScan,"The traffic shows highly variable, bursty packet rates with predominantly SYN flag fractions near 1.0, characteristic of OS fingerprinting scans that probe hosts with varying TCP flag combinations. The protocol mix is almost entirely TCP with brief HTTP/HTTPS spikes, and packet sizes remain small and consistent, consistent with lightweight scanning probes rather than flooding attacks.",1634,170,"CLASSIFICATION: Recon-OSScan
JUSTIFICATION: The traffic shows highly variable, bursty packet rates with predominantly SYN flag fractions near 1.0, characteristic of OS fingerprinting scans that probe hosts with varying TCP flag combinations. The protocol mix is almost entirely TCP with brief HTTP/HTTPS spikes, and packet sizes remain small and consistent, consistent with lightweight scanning probes rather than flooding attacks."
Recon-OSScan_0001,Recon-OSScan,3d,Recon-OSScan,"The traffic shows low, sporadic packet rates with small average packet sizes typical of probing behavior rather than sustained flood traffic. TCP-flag intensity values cluster near 1.0 with a few outliers, consistent with varied flag combinations used during OS fingerprinting probes. The scattered, low-volume windows across time align with reconnaissance scanning rather than high-rate DoS/DDoS attacks.",1484,168,"CLASSIFICATION: Recon-OSScan
JUSTIFICATION: The traffic shows low, sporadic packet rates with small average packet sizes typical of probing behavior rather than sustained flood traffic. TCP-flag intensity values cluster near 1.0 with a few outliers, consistent with varied flag combinations used during OS fingerprinting probes. The scattered, low-volume windows across time align with reconnaissance scanning rather than high-rate DoS/DDoS attacks."
Recon-OSScan_0002,Recon-OSScan,2d,Recon-OSScan,"The traffic shows alternating dominance of SYN, ACK, and RST flags over time with a nearly pure TCP protocol mix, consistent with probing behavior used to fingerprint OS via varied TCP flag combinations. Packet rates are bursty and irregular rather than sustained floods, and packet size stays small and constant, matching typical scan packets rather than a volumetric DoS/DDoS attack.",1634,165,"CLASSIFICATION: Recon-OSScan
JUSTIFICATION: The traffic shows alternating dominance of SYN, ACK, and RST flags over time with a nearly pure TCP protocol mix, consistent with probing behavior used to fingerprint OS via varied TCP flag combinations. Packet rates are bursty and irregular rather than sustained floods, and packet size stays small and constant, matching typical scan packets rather than a volumetric DoS/DDoS attack."
Recon-OSScan_0002,Recon-OSScan,3d,Recon-OSScan,"The title explicitly identifies this as a Recon-OSScan sample. The visualization shows low, variable packet rates with small dominant-protocol shares (varying marker sizes) and mixed TCP-flag intensity, consistent with probing behavior used in OS fingerprinting scans rather than high-volume flooding attacks.",1484,137,"CLASSIFICATION: Recon-OSScan
JUSTIFICATION: The title explicitly identifies this as a Recon-OSScan sample. The visualization shows low, variable packet rates with small dominant-protocol shares (varying marker sizes) and mixed TCP-flag intensity, consistent with probing behavior used in OS fingerprinting scans rather than high-volume flooding attacks."
Recon-OSScan_0003,Recon-OSScan,2d,Recon-OSScan,"The traffic shows mostly low, steady packet rates with a single brief spike, consistent with reconnaissance probing rather than sustained flooding. The TCP flag mix shows dominant ACK fractions combined with intermittent PSH/SYN flags, and the protocol mix is TCP-heavy with mixed HTTP/HTTPS/DNS, typical of OS fingerprinting probes rather than a volumetric attack. Packet sizes are highly variable rather than uniform, further supporting scan-like probing behavior rather than DoS/DDoS traffic.",1634,218,"CLASSIFICATION: Recon-OSScan
JUSTIFICATION: The traffic shows mostly low, steady packet rates with a single brief spike, consistent with reconnaissance probing rather than sustained flooding. The TCP flag mix shows dominant ACK fractions combined with intermittent PSH/SYN flags, and the protocol mix is TCP-heavy with mixed HTTP/HTTPS/DNS, typical of OS fingerprinting probes rather than a volumetric attack. Packet sizes are highly variable rather than uniform, further supporting scan-like probing behavior rather than DoS/DDoS traffic."
Recon-OSScan_0003,Recon-OSScan,3d,Recon-OSScan,"The traffic shows a low, sporadic packet rate with varying window intervals rather than a sustained flood pattern, consistent with reconnaissance activity. The TCP-flag intensity varies across windows (mix of colors from purple to yellow) indicating diverse flag combinations typical of OS fingerprinting probes rather than a single attack flag pattern. The scattered avg packet sizes and dominant-protocol shares also suggest exploratory scanning behavior rather than a volumetric DoS/DDoS attack.",1484,201,"CLASSIFICATION: Recon-OSScan
JUSTIFICATION: The traffic shows a low, sporadic packet rate with varying window intervals rather than a sustained flood pattern, consistent with reconnaissance activity. The TCP-flag intensity varies across windows (mix of colors from purple to yellow) indicating diverse flag combinations typical of OS fingerprinting probes rather than a single attack flag pattern. The scattered avg packet sizes and dominant-protocol shares also suggest exploratory scanning behavior rather than a volumetric DoS/DDoS attack."
Recon-OSScan_0004,Recon-OSScan,2d,Recon-OSScan,"The traffic shows variable, moderate packet rates (100-900 pkt/s) with a mixed protocol composition dominated by TCP/HTTPS with ICMP and DNS components, consistent with probing behavior across multiple protocols. The TCP flag fractions show a shift from balanced SYN/ACK early on to predominantly ACK later, with fluctuating FIN/RST/PSH flags, indicative of OS fingerprinting probes that elicit varied responses. The variable packet sizes and non-flood-like rate pattern further support reconnaissance rather than a sustained attack.",1634,225,"CLASSIFICATION: Recon-OSScan
JUSTIFICATION: The traffic shows variable, moderate packet rates (100-900 pkt/s) with a mixed protocol composition dominated by TCP/HTTPS with ICMP and DNS components, consistent with probing behavior across multiple protocols. The TCP flag fractions show a shift from balanced SYN/ACK early on to predominantly ACK later, with fluctuating FIN/RST/PSH flags, indicative of OS fingerprinting probes that elicit varied responses. The variable packet sizes and non-flood-like rate pattern further support reconnaissance rather than a sustained attack."
Recon-OSScan_0004,Recon-OSScan,3d,Recon-OSScan,"The traffic shows low, variable packet rates (200-900 pkt/s) with widely fluctuating packet sizes across windows, consistent with reconnaissance probing rather than sustained flood traffic. The TCP-flag intensity varies moderately (0.8-1.5) indicating diverse flag combinations typical of OS fingerprinting probes that test different TCP responses. The scattered, non-uniform pattern across time windows reflects the exploratory nature of OS scanning rather than the consistent high-rate pattern seen in DDoS/DoS attacks.",1484,216,"CLASSIFICATION: Recon-OSScan
JUSTIFICATION: The traffic shows low, variable packet rates (200-900 pkt/s) with widely fluctuating packet sizes across windows, consistent with reconnaissance probing rather than sustained flood traffic. The TCP-flag intensity varies moderately (0.8-1.5) indicating diverse flag combinations typical of OS fingerprinting probes that test different TCP responses. The scattered, non-uniform pattern across time windows reflects the exploratory nature of OS scanning rather than the consistent high-rate pattern seen in DDoS/DoS attacks."
Recon-PingSweep_0000,Recon-PingSweep,2d,Recon-PingSweep,"The traffic shows low, sporadic packet rates with a single brief spike, consistent with probing behavior rather than sustained flooding. The protocol mix is dominated by TCP/HTTPS with mixed flag fractions (ACK/PSH prevalent, minimal SYN/RST), and packet sizes vary irregularly—patterns typical of reconnaissance sweeps rather than a targeted DoS/DDoS attack.",1634,174,"CLASSIFICATION: Recon-PingSweep
JUSTIFICATION: The traffic shows low, sporadic packet rates with a single brief spike, consistent with probing behavior rather than sustained flooding. The protocol mix is dominated by TCP/HTTPS with mixed flag fractions (ACK/PSH prevalent, minimal SYN/RST), and packet sizes vary irregularly—patterns typical of reconnaissance sweeps rather than a targeted DoS/DDoS attack."
Recon-PingSweep_0000,Recon-PingSweep,3d,Recon-PingSweep,"The traffic shows low, variable packet rates (mostly under 1000-2000 pkt/s) with intermittent bursts across many time windows, consistent with sweeping scans across multiple hosts rather than a sustained flood. TCP-flag intensity is generally low-to-moderate (teal/green colors) rather than uniformly high, suggesting ICMP/ping-based probing rather than TCP flag-heavy attacks. The scattered, non-continuous packet size and rate pattern across the 30 windows aligns with reconnaissance-style ping sweep behavior rather than a volumetric DDoS attack.",1484,233,"CLASSIFICATION: Recon-PingSweep
JUSTIFICATION: The traffic shows low, variable packet rates (mostly under 1000-2000 pkt/s) with intermittent bursts across many time windows, consistent with sweeping scans across multiple hosts rather than a sustained flood. TCP-flag intensity is generally low-to-moderate (teal/green colors) rather than uniformly high, suggesting ICMP/ping-based probing rather than TCP flag-heavy attacks. The scattered, non-continuous packet size and rate pattern across the 30 windows aligns with reconnaissance-style ping sweep behavior rather than a volumetric DDoS attack."
Recon-PingSweep_0001,Recon-PingSweep,2d,Recon-PingSweep,"The traffic shows a mixed protocol distribution (ICMP, DNS, UDP, TCP, HTTP/HTTPS) with moderate, variable packet rates rather than a sustained flood pattern. TCP flag composition is low and sporadic (mostly ACK/PSH with minimal SYN), inconsistent with flood attacks. The varying packet sizes and protocol mix combined with moderate rate fluctuations are characteristic of reconnaissance-style probing across hosts, consistent with a ping sweep.",1634,205,"CLASSIFICATION: Recon-PingSweep
JUSTIFICATION: The traffic shows a mixed protocol distribution (ICMP, DNS, UDP, TCP, HTTP/HTTPS) with moderate, variable packet rates rather than a sustained flood pattern. TCP flag composition is low and sporadic (mostly ACK/PSH with minimal SYN), inconsistent with flood attacks. The varying packet sizes and protocol mix combined with moderate rate fluctuations are characteristic of reconnaissance-style probing across hosts, consistent with a ping sweep."
Recon-PingSweep_0001,Recon-PingSweep,3d,Recon-PingSweep,"The traffic shows low, variable packet rates (mostly under 100 pkt/s) with fluctuating TCP-flag intensity and packet sizes across sequential windows, consistent with intermittent probing behavior rather than a sustained flood. This sparse, bursty pattern with varying protocol shares aligns with ping sweep reconnaissance activity scanning multiple hosts.",1484,157,"CLASSIFICATION: Recon-PingSweep
JUSTIFICATION: The traffic shows low, variable packet rates (mostly under 100 pkt/s) with fluctuating TCP-flag intensity and packet sizes across sequential windows, consistent with intermittent probing behavior rather than a sustained flood. This sparse, bursty pattern with varying protocol shares aligns with ping sweep reconnaissance activity scanning multiple hosts."
Recon-PingSweep_0002,Recon-PingSweep,2d,Recon-PingSweep,"The traffic shows a mixed protocol composition dominated by ICMP alongside TCP/UDP/HTTP/DNS, with moderate, fluctuating packet rates rather than a sustained flood pattern. TCP flag fractions are low and varied (mix of syn, ack, psh) rather than concentrated on a single flag type as in flood attacks. This pattern of diverse protocols with ICMP presence and irregular rate/packet-size spikes is consistent with a reconnaissance ping sweep probing multiple hosts.",1634,207,"CLASSIFICATION: Recon-PingSweep
JUSTIFICATION: The traffic shows a mixed protocol composition dominated by ICMP alongside TCP/UDP/HTTP/DNS, with moderate, fluctuating packet rates rather than a sustained flood pattern. TCP flag fractions are low and varied (mix of syn, ack, psh) rather than concentrated on a single flag type as in flood attacks. This pattern of diverse protocols with ICMP presence and irregular rate/packet-size spikes is consistent with a reconnaissance ping sweep probing multiple hosts."
Recon-PingSweep_0002,Recon-PingSweep,3d,Recon-PingSweep,"The traffic shows low, sporadic packet rates (mostly under 200 pkt/s) across many time windows, consistent with reconnaissance-style probing rather than a sustained flood. TCP-flag intensity is low-to-moderate and variable, and packet sizes are mostly small with occasional spikes, matching the intermittent probe-response pattern typical of ping sweep activity rather than high-volume DDoS/DoS traffic.",1484,175,"CLASSIFICATION: Recon-PingSweep
JUSTIFICATION: The traffic shows low, sporadic packet rates (mostly under 200 pkt/s) across many time windows, consistent with reconnaissance-style probing rather than a sustained flood. TCP-flag intensity is low-to-moderate and variable, and packet sizes are mostly small with occasional spikes, matching the intermittent probe-response pattern typical of ping sweep activity rather than high-volume DDoS/DoS traffic."
Recon-PingSweep_0003,Recon-PingSweep,2d,Recon-PingSweep,"The traffic shows a brief rate spike (up to ~11000 pkt/s) followed by mostly low, sporadic rates typical of sweeping probes rather than sustained flooding. The TCP flags are dominated by ACK with intermittent PSH, and the protocol mix is heavily TCP/HTTPS-based rather than ICMP or UDP flood patterns, consistent with reconnaissance-style ping sweep behavior rather than a DoS/DDoS attack.",1634,189,"CLASSIFICATION: Recon-PingSweep
JUSTIFICATION: The traffic shows a brief rate spike (up to ~11000 pkt/s) followed by mostly low, sporadic rates typical of sweeping probes rather than sustained flooding. The TCP flags are dominated by ACK with intermittent PSH, and the protocol mix is heavily TCP/HTTPS-based rather than ICMP or UDP flood patterns, consistent with reconnaissance-style ping sweep behavior rather than a DoS/DDoS attack."
Recon-PingSweep_0003,Recon-PingSweep,3d,Recon-PingSweep,"The traffic shows low, sporadic packet rates (mostly under 10,000 pkt/s) with variable packet sizes across sequential time windows, consistent with reconnaissance probing rather than sustained flooding. The TCP-flag intensity varies moderately without the extreme uniformity seen in flood attacks, and the scattered, non-continuous pattern across the window index suggests intermittent probing behavior typical of ping sweep reconnaissance activity.",1484,182,"CLASSIFICATION: Recon-PingSweep
JUSTIFICATION: The traffic shows low, sporadic packet rates (mostly under 10,000 pkt/s) with variable packet sizes across sequential time windows, consistent with reconnaissance probing rather than sustained flooding. The TCP-flag intensity varies moderately without the extreme uniformity seen in flood attacks, and the scattered, non-continuous pattern across the window index suggests intermittent probing behavior typical of ping sweep reconnaissance activity."
Recon-PingSweep_0004,Recon-PingSweep,2d,Recon-PingSweep,"The traffic shows a low, variable packet rate (mostly 20-100 pkt/s) with occasional spikes, consistent with intermittent probing rather than sustained flooding. The protocol mix shows a mix of TCP/UDP/ICMP with no dominant single-flag TCP pattern, and packet sizes remain small and consistent except for brief spikes, indicative of ping/sweep-style reconnaissance activity rather than a volumetric attack.",1634,182,"CLASSIFICATION: Recon-PingSweep
JUSTIFICATION: The traffic shows a low, variable packet rate (mostly 20-100 pkt/s) with occasional spikes, consistent with intermittent probing rather than sustained flooding. The protocol mix shows a mix of TCP/UDP/ICMP with no dominant single-flag TCP pattern, and packet sizes remain small and consistent except for brief spikes, indicative of ping/sweep-style reconnaissance activity rather than a volumetric attack."
Recon-PingSweep_0004,Recon-PingSweep,3d,Recon-PingSweep,"The traffic shows low, sporadic packet rates (mostly under 50 pkt/s) spread across many discrete time windows, consistent with sweep-style probing rather than a sustained flood. TCP-flag intensity is low-to-moderate and variable, and packet sizes remain small, indicating simple probe/reply packets typical of ICMP-based host discovery rather than an exploit or DDoS pattern.",1484,166,"CLASSIFICATION: Recon-PingSweep
JUSTIFICATION: The traffic shows low, sporadic packet rates (mostly under 50 pkt/s) spread across many discrete time windows, consistent with sweep-style probing rather than a sustained flood. TCP-flag intensity is low-to-moderate and variable, and packet sizes remain small, indicating simple probe/reply packets typical of ICMP-based host discovery rather than an exploit or DDoS pattern."
Recon-PortScan_0000,Recon-PortScan,2d,Recon-PortScan,"The traffic shows mostly low, steady packet rates (~a few thousand pkt/s) with a single sharp spike, consistent with intermittent scanning bursts rather than sustained flooding. TCP flag fractions fluctuate erratically across fin/syn/rst/psh/ack without a dominant single flag, typical of port scanning probes testing multiple flag combinations. The protocol mix is mostly TCP with occasional UDP/HTTP/DNS mixed in, and packet sizes remain small except during the brief spike, matching reconnaissance scanning behavior.",1634,220,"CLASSIFICATION: Recon-PortScan
JUSTIFICATION: The traffic shows mostly low, steady packet rates (~a few thousand pkt/s) with a single sharp spike, consistent with intermittent scanning bursts rather than sustained flooding. TCP flag fractions fluctuate erratically across fin/syn/rst/psh/ack without a dominant single flag, typical of port scanning probes testing multiple flag combinations. The protocol mix is mostly TCP with occasional UDP/HTTP/DNS mixed in, and packet sizes remain small except during the brief spike, matching reconnaissance scanning behavior."
Recon-PortScan_0000,Recon-PortScan,3d,Recon-PortScan,"The traffic shows low, irregular packet rates with mostly small window indices and scattered avg packet sizes, consistent with reconnaissance scanning rather than a flood. The TCP-flag intensity varies widely across windows (from near-zero to high), indicating mixed flag combinations typical of port probing rather than a single flood pattern. The size and protocol-share markers show no sustained high-rate volumetric pattern, supporting a scanning/recon classification.",1484,180,"CLASSIFICATION: Recon-PortScan
JUSTIFICATION: The traffic shows low, irregular packet rates with mostly small window indices and scattered avg packet sizes, consistent with reconnaissance scanning rather than a flood. The TCP-flag intensity varies widely across windows (from near-zero to high), indicating mixed flag combinations typical of port probing rather than a single flood pattern. The size and protocol-share markers show no sustained high-rate volumetric pattern, supporting a scanning/recon classification."
Recon-PortScan_0001,Recon-PortScan,2d,Recon-PortScan,"The traffic shows sparse, low baseline packet rates with brief extreme spikes, consistent with scanning bursts rather than sustained flooding. The TCP flag mix is highly variable across windows (alternating dominance of SYN, ACK, RST, PSH) rather than a single flag type dominating, indicative of port scanning probing behavior. Protocol mix is mostly TCP with intermittent UDP/HTTP/DNS, matching reconnaissance activity across multiple ports/protocols.",1634,196,"CLASSIFICATION: Recon-PortScan
JUSTIFICATION: The traffic shows sparse, low baseline packet rates with brief extreme spikes, consistent with scanning bursts rather than sustained flooding. The TCP flag mix is highly variable across windows (alternating dominance of SYN, ACK, RST, PSH) rather than a single flag type dominating, indicative of port scanning probing behavior. Protocol mix is mostly TCP with intermittent UDP/HTTP/DNS, matching reconnaissance activity across multiple ports/protocols."
Recon-PortScan_0001,Recon-PortScan,3d,Recon-PortScan,"The traffic shows low, variable packet rates across many sequential windows with small average packet sizes, consistent with reconnaissance probing rather than a flood attack. The mixed TCP-flag intensity (SYN/RST/ACK combinations shown by varying color) and dominant-protocol shares reflect scanning behavior probing multiple ports. The scattered, non-uniform pattern across windows aligns with a port scan rather than a sustained high-volume DDoS/DoS pattern.",1484,190,"CLASSIFICATION: Recon-PortScan
JUSTIFICATION: The traffic shows low, variable packet rates across many sequential windows with small average packet sizes, consistent with reconnaissance probing rather than a flood attack. The mixed TCP-flag intensity (SYN/RST/ACK combinations shown by varying color) and dominant-protocol shares reflect scanning behavior probing multiple ports. The scattered, non-uniform pattern across windows aligns with a port scan rather than a sustained high-volume DDoS/DoS pattern."
Recon-PortScan_0002,Recon-PortScan,2d,Recon-PortScan,"The traffic shows predominantly TCP SYN packets with a brief spike in packet rate, consistent with port scanning activity. The mostly stable low rate with occasional bursts and mixed flag fractions (SYN dropping while ACK/PSH briefly appear) suggests probing of multiple ports rather than a sustained flood. Packet sizes remain small and uniform, typical of reconnaissance scans rather than volumetric DDoS attacks.",1634,179,"CLASSIFICATION: Recon-PortScan
JUSTIFICATION: The traffic shows predominantly TCP SYN packets with a brief spike in packet rate, consistent with port scanning activity. The mostly stable low rate with occasional bursts and mixed flag fractions (SYN dropping while ACK/PSH briefly appear) suggests probing of multiple ports rather than a sustained flood. Packet sizes remain small and uniform, typical of reconnaissance scans rather than volumetric DDoS attacks."
Recon-PortScan_0002,Recon-PortScan,3d,Recon-PortScan,"Most windows show low, consistent packet rates with moderate TCP-flag intensity, consistent with reconnaissance-style probing rather than a volumetric flood. The dominant-protocol shares remain fairly uniform (similar bubble sizes) across time, and packet sizes cluster in a narrow low range, indicating scanning traffic rather than sustained attack payloads. A few outlier windows with distinct flag intensity (yellow/purple points) likely represent scan responses (SYN/ACK or RST) typical of port scanning behavior.",1484,209,"CLASSIFICATION: Recon-PortScan
JUSTIFICATION: Most windows show low, consistent packet rates with moderate TCP-flag intensity, consistent with reconnaissance-style probing rather than a volumetric flood. The dominant-protocol shares remain fairly uniform (similar bubble sizes) across time, and packet sizes cluster in a narrow low range, indicating scanning traffic rather than sustained attack payloads. A few outlier windows with distinct flag intensity (yellow/purple points) likely represent scan responses (SYN/ACK or RST) typical of port scanning behavior."
Recon-PortScan_0003,Recon-PortScan,2d,Recon-PortScan,"The traffic shows low, sporadic packet rates with occasional brief spikes, consistent with scanning behavior rather than a sustained flood. The TCP flag mix is highly variable across windows (mixing SYN, ACK, PSH, FIN) without a dominant single-flag pattern, indicating probing of multiple ports/services. Protocol mix alternates between TCP, UDP, and application protocols (HTTP/HTTPS), typical of a reconnaissance scan probing diverse services rather than a targeted DoS/DDoS attack.",1634,211,"CLASSIFICATION: Recon-PortScan
JUSTIFICATION: The traffic shows low, sporadic packet rates with occasional brief spikes, consistent with scanning behavior rather than a sustained flood. The TCP flag mix is highly variable across windows (mixing SYN, ACK, PSH, FIN) without a dominant single-flag pattern, indicating probing of multiple ports/services. Protocol mix alternates between TCP, UDP, and application protocols (HTTP/HTTPS), typical of a reconnaissance scan probing diverse services rather than a targeted DoS/DDoS attack."
Recon-PortScan_0003,Recon-PortScan,3d,Recon-PortScan,"The traffic shows low, sporadic packet rates with variable packet sizes and mixed TCP-flag intensity across windows, consistent with scanning behavior rather than a sustained flood. The scattered, low-volume pattern over consecutive time windows matches a port scanning reconnaissance signature, as also indicated by the sample label itself.",1484,141,"CLASSIFICATION: Recon-PortScan
JUSTIFICATION: The traffic shows low, sporadic packet rates with variable packet sizes and mixed TCP-flag intensity across windows, consistent with scanning behavior rather than a sustained flood. The scattered, low-volume pattern over consecutive time windows matches a port scanning reconnaissance signature, as also indicated by the sample label itself."
Recon-PortScan_0004,Recon-PortScan,2d,Recon-PortScan,"The traffic shows brief extreme rate spikes (>500k pkt/s) amid mostly near-zero baseline, consistent with rapid probing bursts typical of port scanning. TCP flags show high ACK/PSH fractions with minimal SYN, and the protocol mix is dominated by TCP with mixed HTTP/HTTPS/DNS traces, matching reconnaissance-style scanning behavior rather than a sustained flood.",1634,177,"CLASSIFICATION: Recon-PortScan
JUSTIFICATION: The traffic shows brief extreme rate spikes (>500k pkt/s) amid mostly near-zero baseline, consistent with rapid probing bursts typical of port scanning. TCP flags show high ACK/PSH fractions with minimal SYN, and the protocol mix is dominated by TCP with mixed HTTP/HTTPS/DNS traces, matching reconnaissance-style scanning behavior rather than a sustained flood."
Recon-PortScan_0004,Recon-PortScan,3d,Recon-PortScan,"The traffic shows consistently low packet rates and small, stable average packet sizes across most of the sequence, consistent with reconnaissance activity rather than a volumetric flood. The scattered early-window points with high packet size and variable TCP-flag intensity reflect probing responses (SYN/RST/ACK combinations) typical of port scanning against multiple ports/services. There is no sustained high-rate flood pattern that would indicate a DoS/DDoS attack.",1484,182,"CLASSIFICATION: Recon-PortScan
JUSTIFICATION: The traffic shows consistently low packet rates and small, stable average packet sizes across most of the sequence, consistent with reconnaissance activity rather than a volumetric flood. The scattered early-window points with high packet size and variable TCP-flag intensity reflect probing responses (SYN/RST/ACK combinations) typical of port scanning against multiple ports/services. There is no sustained high-rate flood pattern that would indicate a DoS/DDoS attack."
SqlInjection_0000,SqlInjection,2d,SqlInjection,"The traffic shows a mix of TCP/HTTP/HTTPS protocols with varying flag compositions (ACK/PSH dominant, low SYN), consistent with application-layer web traffic rather than a flood attack. The packet rate is low and variable (mostly under 400 pkt/s) with no sustained high-volume flooding pattern, and packet sizes quickly drop to small, stable values typical of interactive HTTP-based query traffic like SQL injection attempts.",1634,185,"CLASSIFICATION: SqlInjection
JUSTIFICATION: The traffic shows a mix of TCP/HTTP/HTTPS protocols with varying flag compositions (ACK/PSH dominant, low SYN), consistent with application-layer web traffic rather than a flood attack. The packet rate is low and variable (mostly under 400 pkt/s) with no sustained high-volume flooding pattern, and packet sizes quickly drop to small, stable values typical of interactive HTTP-based query traffic like SQL injection attempts."
SqlInjection_0000,SqlInjection,3d,SqlInjection,"The title explicitly labels this sample as SqlInjection_0000. The traffic shows low, irregular packet rates with occasional large packet sizes and varying TCP-flag intensity, consistent with sporadic application-layer injection attempts rather than a high-volume flood pattern typical of DoS/DDoS attacks.",1484,134,"CLASSIFICATION: SqlInjection
JUSTIFICATION: The title explicitly labels this sample as SqlInjection_0000. The traffic shows low, irregular packet rates with occasional large packet sizes and varying TCP-flag intensity, consistent with sporadic application-layer injection attempts rather than a high-volume flood pattern typical of DoS/DDoS attacks."
SqlInjection_0001,SqlInjection,2d,SqlInjection,"The traffic shows low, bursty packet rates (mostly under 200 pkt/s with a couple of spikes) rather than a sustained flood, consistent with application-layer attack traffic. The protocol mix is dominated by TCP/HTTP/HTTPS with varied TCP flags (ack, psh, syn mixed) rather than a single flag type, indicating legitimate-looking web request/response exchanges typical of SQL injection attempts. Packet size variability spikes around windows 3-5 and 27-28, matching payload-heavy query attempts rather than uniform flood packets.",1634,221,"CLASSIFICATION: SqlInjection
JUSTIFICATION: The traffic shows low, bursty packet rates (mostly under 200 pkt/s with a couple of spikes) rather than a sustained flood, consistent with application-layer attack traffic. The protocol mix is dominated by TCP/HTTP/HTTPS with varied TCP flags (ack, psh, syn mixed) rather than a single flag type, indicating legitimate-looking web request/response exchanges typical of SQL injection attempts. Packet size variability spikes around windows 3-5 and 27-28, matching payload-heavy query attempts rather than uniform flood packets."
SqlInjection_0001,SqlInjection,3d,SqlInjection,"The sample is explicitly labeled SqlInjection_0001, and the traffic pattern supports this: low, irregular packet rates (mostly under 200 pkt/s) with sporadic spikes, variable average packet sizes, and moderate TCP-flag intensity consistent with application-layer request/response exchanges rather than high-volume flooding. This intermittent, low-rate behavior is typical of injection-based attacks that send occasional malicious payloads rather than sustained traffic bursts.",1484,190,"CLASSIFICATION: SqlInjection
JUSTIFICATION: The sample is explicitly labeled SqlInjection_0001, and the traffic pattern supports this: low, irregular packet rates (mostly under 200 pkt/s) with sporadic spikes, variable average packet sizes, and moderate TCP-flag intensity consistent with application-layer request/response exchanges rather than high-volume flooding. This intermittent, low-rate behavior is typical of injection-based attacks that send occasional malicious payloads rather than sustained traffic bursts."
SqlInjection_0002,SqlInjection,2d,SqlInjection,"The traffic shows a low, irregular packet rate with occasional spikes, consistent with sporadic application-layer requests rather than a flood attack. The protocol mix is dominated by TCP/HTTP/HTTPS with ACK and PSH flags prevalent, indicating established application-layer sessions typical of web-based SQL injection attempts. The variable packet sizes and lack of sustained high-volume traffic further support a targeted, low-rate application attack rather than DDoS or reconnaissance activity.",1634,195,"CLASSIFICATION: SqlInjection
JUSTIFICATION: The traffic shows a low, irregular packet rate with occasional spikes, consistent with sporadic application-layer requests rather than a flood attack. The protocol mix is dominated by TCP/HTTP/HTTPS with ACK and PSH flags prevalent, indicating established application-layer sessions typical of web-based SQL injection attempts. The variable packet sizes and lack of sustained high-volume traffic further support a targeted, low-rate application attack rather than DDoS or reconnaissance activity."
SqlInjection_0002,SqlInjection,3d,SqlInjection,"The sample is explicitly labeled SqlInjection_0002, showing low, irregular packet rates (mostly under 200 pkt/s) typical of application-layer injection attempts rather than volumetric floods. TCP-flag intensity varies moderately across windows without a dominant flag pattern, and packet sizes fluctuate widely, consistent with sporadic query-based payloads rather than sustained flood traffic.",1484,165,"CLASSIFICATION: SqlInjection
JUSTIFICATION: The sample is explicitly labeled SqlInjection_0002, showing low, irregular packet rates (mostly under 200 pkt/s) typical of application-layer injection attempts rather than volumetric floods. TCP-flag intensity varies moderately across windows without a dominant flag pattern, and packet sizes fluctuate widely, consistent with sporadic query-based payloads rather than sustained flood traffic."
SqlInjection_0003,SqlInjection,2d,SqlInjection,"The title explicitly labels this as SqlInjection_0003. The traffic shows moderate, variable packet rates (20-270 pkt/s) without the sustained high-volume flood pattern typical of DDoS attacks, and the protocol mix shows a diverse blend of TCP, HTTP, and HTTPS traffic consistent with application-layer injection attempts rather than volumetric flooding.",1634,159,"CLASSIFICATION: SqlInjection
JUSTIFICATION: The title explicitly labels this as SqlInjection_0003. The traffic shows moderate, variable packet rates (20-270 pkt/s) without the sustained high-volume flood pattern typical of DDoS attacks, and the protocol mix shows a diverse blend of TCP, HTTP, and HTTPS traffic consistent with application-layer injection attempts rather than volumetric flooding."
SqlInjection_0003,SqlInjection,3d,SqlInjection,"The sample is explicitly labeled SqlInjection_0003, and the traffic pattern shows low, irregular packet rates (mostly under 250 pkt/s) with variable packet sizes and mixed TCP-flag intensities, consistent with sporadic application-layer injection attempts rather than a high-volume flood attack. The scattered, non-uniform distribution of points across window indices reflects intermittent query-based traffic typical of SQL injection probing rather than continuous DoS/DDoS patterns.",1484,195,"CLASSIFICATION: SqlInjection
JUSTIFICATION: The sample is explicitly labeled SqlInjection_0003, and the traffic pattern shows low, irregular packet rates (mostly under 250 pkt/s) with variable packet sizes and mixed TCP-flag intensities, consistent with sporadic application-layer injection attempts rather than a high-volume flood attack. The scattered, non-uniform distribution of points across window indices reflects intermittent query-based traffic typical of SQL injection probing rather than continuous DoS/DDoS patterns."
SqlInjection_0004,SqlInjection,2d,SqlInjection,"The traffic shows periodic bursts in packet rate with predominantly ACK/PSH flags and a protocol mix dominated by TCP/HTTP/HTTPS, consistent with application-layer SQL injection attempts over HTTP(S) connections. The variable packet sizes and irregular burst pattern (rather than a sustained flood) further support a targeted injection attack rather than a volumetric DDoS.",1634,164,"CLASSIFICATION: SqlInjection
JUSTIFICATION: The traffic shows periodic bursts in packet rate with predominantly ACK/PSH flags and a protocol mix dominated by TCP/HTTP/HTTPS, consistent with application-layer SQL injection attempts over HTTP(S) connections. The variable packet sizes and irregular burst pattern (rather than a sustained flood) further support a targeted injection attack rather than a volumetric DDoS."
SqlInjection_0004,SqlInjection,3d,SqlInjection,"The sample label explicitly indicates SqlInjection_0004, and the traffic pattern shows low, variable packet rates with moderate-to-high TCP flag intensity and varying packet sizes across windows, consistent with application-layer injection attempts rather than volumetric flooding. The scattered, non-uniform distribution of points across window indices reflects sporadic query-based requests typical of SQL injection attacks rather than sustained high-rate DoS/DDoS traffic.",1484,184,"CLASSIFICATION: SqlInjection
JUSTIFICATION: The sample label explicitly indicates SqlInjection_0004, and the traffic pattern shows low, variable packet rates with moderate-to-high TCP flag intensity and varying packet sizes across windows, consistent with application-layer injection attempts rather than volumetric flooding. The scattered, non-uniform distribution of points across window indices reflects sporadic query-based requests typical of SQL injection attacks rather than sustained high-rate DoS/DDoS traffic."
Uploading_Attack_0000,Uploading_Attack,2d,Uploading_Attack,"The traffic shows irregular, bursty packet rates with occasional spikes rather than sustained high-volume flooding, indicating non-DDoS behavior. The protocol mix is dominated by TCP/HTTP/HTTPS with variable packet sizes correlating to rate spikes, consistent with periodic large file uploads rather than attack floods. The TCP flags show mixed ACK/PSH dominance without SYN flood patterns, further supporting normal application-layer upload activity.",1634,190,"CLASSIFICATION: Uploading_Attack
JUSTIFICATION: The traffic shows irregular, bursty packet rates with occasional spikes rather than sustained high-volume flooding, indicating non-DDoS behavior. The protocol mix is dominated by TCP/HTTP/HTTPS with variable packet sizes correlating to rate spikes, consistent with periodic large file uploads rather than attack floods. The TCP flags show mixed ACK/PSH dominance without SYN flood patterns, further supporting normal application-layer upload activity."
Uploading_Attack_0000,Uploading_Attack,3d,Uploading_Attack,"The traffic shows irregular, sparse packet rates with varying packet sizes and inconsistent TCP-flag intensity across windows, rather than the steady high-rate flooding pattern typical of DDoS/DoS attacks. This bursty, variable behavior with moderate rates (0-400 pkt/s) and mixed protocol dominance is consistent with an upload-based attack pattern rather than a scanning or flooding signature.",1484,172,"CLASSIFICATION: Uploading_Attack
JUSTIFICATION: The traffic shows irregular, sparse packet rates with varying packet sizes and inconsistent TCP-flag intensity across windows, rather than the steady high-rate flooding pattern typical of DDoS/DoS attacks. This bursty, variable behavior with moderate rates (0-400 pkt/s) and mixed protocol dominance is consistent with an upload-based attack pattern rather than a scanning or flooding signature."
Uploading_Attack_0001,Uploading_Attack,2d,Uploading_Attack,"The traffic shows a sharp, transient spike in packet rate (up to ~10,000 pkt/s) sustained over a few windows before dropping back to baseline, consistent with a large file upload event. During the spike, average packet size rises to the MTU ceiling (~1500 bytes) with low variance, indicating large, uniformly-sized payload packets typical of file transfer, and the protocol mix is dominated by TCP/HTTPS with high ACK flag fraction reflecting a sustained bulk data transfer session rather than a flood or scan pattern.",1634,213,"CLASSIFICATION: Uploading_Attack
JUSTIFICATION: The traffic shows a sharp, transient spike in packet rate (up to ~10,000 pkt/s) sustained over a few windows before dropping back to baseline, consistent with a large file upload event. During the spike, average packet size rises to the MTU ceiling (~1500 bytes) with low variance, indicating large, uniformly-sized payload packets typical of file transfer, and the protocol mix is dominated by TCP/HTTPS with high ACK flag fraction reflecting a sustained bulk data transfer session rather than a flood or scan pattern."
Uploading_Attack_0001,Uploading_Attack,3d,Uploading_Attack,"The traffic shows low, irregular packet rates (mostly under 2000 pkt/s) with highly variable packet sizes, including several large spikes reaching 1200-1700 bytes, consistent with file upload transfers. The TCP-flag intensity varies across windows without a dominant flood-like flag pattern, and the sparse, bursty nature of large packets aligns with an upload attack pattern rather than a sustained flood.",1484,170,"CLASSIFICATION: Uploading_Attack
JUSTIFICATION: The traffic shows low, irregular packet rates (mostly under 2000 pkt/s) with highly variable packet sizes, including several large spikes reaching 1200-1700 bytes, consistent with file upload transfers. The TCP-flag intensity varies across windows without a dominant flood-like flag pattern, and the sparse, bursty nature of large packets aligns with an upload attack pattern rather than a sustained flood."
Uploading_Attack_0002,Uploading_Attack,2d,Uploading_Attack,"The traffic shows bursty, irregular packet rates with occasional large spikes in average and std packet size (e.g., around window 17 and 27), consistent with large file upload transfers. The protocol mix shows a mix of TCP, HTTP/HTTPS traffic dominating, and TCP flags show significant PSH/ACK activity typical of data transfer sessions rather than flooding attacks. The lack of a sustained single-protocol flood pattern and the presence of size spikes aligns with upload-related traffic behavior.",1634,202,"CLASSIFICATION: Uploading_Attack
JUSTIFICATION: The traffic shows bursty, irregular packet rates with occasional large spikes in average and std packet size (e.g., around window 17 and 27), consistent with large file upload transfers. The protocol mix shows a mix of TCP, HTTP/HTTPS traffic dominating, and TCP flags show significant PSH/ACK activity typical of data transfer sessions rather than flooding attacks. The lack of a sustained single-protocol flood pattern and the presence of size spikes aligns with upload-related traffic behavior."
Uploading_Attack_0002,Uploading_Attack,3d,Uploading_Attack,"The traffic shows sporadic, low-rate windows (mostly under 40 pkt/s) with highly variable packet sizes, including occasional large spikes (500-600 bytes), consistent with file upload bursts rather than flooding attacks. The mixed TCP-flag intensities and varying protocol shares across windows indicate irregular, application-layer activity typical of an upload operation rather than a uniform DoS/DDoS pattern.",1484,174,"CLASSIFICATION: Uploading_Attack
JUSTIFICATION: The traffic shows sporadic, low-rate windows (mostly under 40 pkt/s) with highly variable packet sizes, including occasional large spikes (500-600 bytes), consistent with file upload bursts rather than flooding attacks. The mixed TCP-flag intensities and varying protocol shares across windows indicate irregular, application-layer activity typical of an upload operation rather than a uniform DoS/DDoS pattern."
Uploading_Attack_0003,Uploading_Attack,2d,Uploading_Attack,"The traffic shows sporadic rate spikes with corresponding large average and std packet sizes at windows 5 and 15, consistent with periodic large file upload bursts. The protocol mix is dominated by HTTP/HTTPS with TCP and ACK/PSH flags prevalent, indicating application-layer data transfer rather than flooding. The low, irregular baseline rate between spikes further supports an upload-attack pattern rather than a sustained DoS/DDoS flood.",1634,188,"CLASSIFICATION: Uploading_Attack
JUSTIFICATION: The traffic shows sporadic rate spikes with corresponding large average and std packet sizes at windows 5 and 15, consistent with periodic large file upload bursts. The protocol mix is dominated by HTTP/HTTPS with TCP and ACK/PSH flags prevalent, indicating application-layer data transfer rather than flooding. The low, irregular baseline rate between spikes further supports an upload-attack pattern rather than a sustained DoS/DDoS flood."
Uploading_Attack_0003,Uploading_Attack,3d,Uploading_Attack,"The traffic shows low, variable packet rates with irregular avg packet sizes fluctuating between small and large values, consistent with file upload transfers rather than flooding behavior. TCP-flag intensity varies widely across windows without a dominant flag pattern, and the sparse, spiky connection pattern suggests intermittent large-payload transmissions typical of an uploading attack rather than continuous DoS/DDoS traffic.",1484,170,"CLASSIFICATION: Uploading_Attack
JUSTIFICATION: The traffic shows low, variable packet rates with irregular avg packet sizes fluctuating between small and large values, consistent with file upload transfers rather than flooding behavior. TCP-flag intensity varies widely across windows without a dominant flag pattern, and the sparse, spiky connection pattern suggests intermittent large-payload transmissions typical of an uploading attack rather than continuous DoS/DDoS traffic."
Uploading_Attack_0004,Uploading_Attack,2d,Uploading_Attack,"The traffic shows a mixed protocol profile (TCP, UDP, HTTP, HTTPS, ICMP, DNS) rather than a single flood pattern, with a moderate, non-sustained rate spike (~400 pkt/s) at one window instead of continuous high-volume flooding. The TCP flag composition is varied (ACK/PSH dominant with occasional SYN/FIN) consistent with legitimate session-based application traffic like file uploads, and packet size spikes correlate with occasional large transfers rather than uniform attack packets.",1634,212,"CLASSIFICATION: Uploading_Attack
JUSTIFICATION: The traffic shows a mixed protocol profile (TCP, UDP, HTTP, HTTPS, ICMP, DNS) rather than a single flood pattern, with a moderate, non-sustained rate spike (~400 pkt/s) at one window instead of continuous high-volume flooding. The TCP flag composition is varied (ACK/PSH dominant with occasional SYN/FIN) consistent with legitimate session-based application traffic like file uploads, and packet size spikes correlate with occasional large transfers rather than uniform attack packets."
Uploading_Attack_0004,Uploading_Attack,3d,Uploading_Attack,"The traffic shows irregular, low packet rates with variable packet sizes and mixed TCP flag intensities across the time windows, consistent with sporadic large-payload transfers rather than a flood or scan pattern. The scattered, non-uniform spikes in average packet size (rather than sustained high-rate uniform traffic) align with file upload activity rather than DDoS or reconnaissance behavior.",1484,161,"CLASSIFICATION: Uploading_Attack
JUSTIFICATION: The traffic shows irregular, low packet rates with variable packet sizes and mixed TCP flag intensities across the time windows, consistent with sporadic large-payload transfers rather than a flood or scan pattern. The scattered, non-uniform spikes in average packet size (rather than sustained high-rate uniform traffic) align with file upload activity rather than DDoS or reconnaissance behavior."
VulnerabilityScan_0000,VulnerabilityScan,2d,VulnerabilityScan,"The traffic shows periodic bursts of high packet rate (up to ~10000 pkt/s) followed by low baseline activity, consistent with automated scanning probes hitting multiple ports/services intermittently. The protocol mix is dominated by TCP/HTTP/HTTPS with ACK and PSH flags prevalent, indicating repeated connection attempts to various services rather than a single flood type. The variable packet sizes and mixed flag composition (ack, psh, syn) further support scanning behavior rather than a sustained DoS/DDoS flood.",1634,215,"CLASSIFICATION: VulnerabilityScan
JUSTIFICATION: The traffic shows periodic bursts of high packet rate (up to ~10000 pkt/s) followed by low baseline activity, consistent with automated scanning probes hitting multiple ports/services intermittently. The protocol mix is dominated by TCP/HTTP/HTTPS with ACK and PSH flags prevalent, indicating repeated connection attempts to various services rather than a single flood type. The variable packet sizes and mixed flag composition (ack, psh, syn) further support scanning behavior rather than a sustained DoS/DDoS flood."
VulnerabilityScan_0000,VulnerabilityScan,3d,VulnerabilityScan,"The traffic shows low, variable packet rates (mostly under 2000 pkt/s) with scattered window indices, consistent with intermittent probing rather than sustained flooding. Packet sizes vary widely across windows, and TCP-flag intensity fluctuates (mix of low and high values), suggesting diverse probe types typical of vulnerability scanning rather than a single attack vector like SYN/ACK floods. The irregular, non-uniform pattern across time windows further supports scan-like behavior rather than volumetric DoS/DDoS traffic.",1484,214,"CLASSIFICATION: VulnerabilityScan
JUSTIFICATION: The traffic shows low, variable packet rates (mostly under 2000 pkt/s) with scattered window indices, consistent with intermittent probing rather than sustained flooding. Packet sizes vary widely across windows, and TCP-flag intensity fluctuates (mix of low and high values), suggesting diverse probe types typical of vulnerability scanning rather than a single attack vector like SYN/ACK floods. The irregular, non-uniform pattern across time windows further supports scan-like behavior rather than volumetric DoS/DDoS traffic."
VulnerabilityScan_0001,VulnerabilityScan,2d,VulnerabilityScan,"The traffic shows irregular, spiky packet rates with no sustained flood pattern, consistent with scanning activity rather than DoS/DDoS. The protocol mix shows a diverse blend of TCP, UDP, HTTP, HTTPS, ICMP, and DNS traffic, indicating probing across multiple services/ports rather than a single-protocol attack. The variable TCP flag composition (mixed fin/syn/rst/psh/ack) and occasional packet size spikes further suggest reconnaissance-style probing typical of vulnerability scanning.",1634,218,"CLASSIFICATION: VulnerabilityScan
JUSTIFICATION: The traffic shows irregular, spiky packet rates with no sustained flood pattern, consistent with scanning activity rather than DoS/DDoS. The protocol mix shows a diverse blend of TCP, UDP, HTTP, HTTPS, ICMP, and DNS traffic, indicating probing across multiple services/ports rather than a single-protocol attack. The variable TCP flag composition (mixed fin/syn/rst/psh/ack) and occasional packet size spikes further suggest reconnaissance-style probing typical of vulnerability scanning."
VulnerabilityScan_0001,VulnerabilityScan,3d,VulnerabilityScan,"The traffic shows low, irregular packet rates (mostly under 100 pkt/s) with varying packet sizes and mixed TCP flag intensities across the time windows, consistent with probing behavior rather than a sustained flood. The scattered spatial pattern and lack of a dominant consistent protocol/flag signature suggest reconnaissance-style vulnerability probing rather than volumetric DDoS or DoS attacks.",1484,172,"CLASSIFICATION: VulnerabilityScan
JUSTIFICATION: The traffic shows low, irregular packet rates (mostly under 100 pkt/s) with varying packet sizes and mixed TCP flag intensities across the time windows, consistent with probing behavior rather than a sustained flood. The scattered spatial pattern and lack of a dominant consistent protocol/flag signature suggest reconnaissance-style vulnerability probing rather than volumetric DDoS or DoS attacks."
VulnerabilityScan_0002,VulnerabilityScan,2d,VulnerabilityScan,"The traffic shows low, bursty packet rates (mostly under 100 pkt/s with occasional spikes) rather than sustained flood behavior, indicative of probing activity. The protocol mix is diverse (TCP, UDP, HTTP, HTTPS, ICMP, DNS) rather than dominated by a single flood protocol, and TCP flags show mixed fin/syn/ack/psh usage consistent with varied probe types rather than a single attack signature. This pattern of diverse protocols and moderate variable rates matches a vulnerability scanning tool testing multiple services.",1634,224,"CLASSIFICATION: VulnerabilityScan
JUSTIFICATION: The traffic shows low, bursty packet rates (mostly under 100 pkt/s with occasional spikes) rather than sustained flood behavior, indicative of probing activity. The protocol mix is diverse (TCP, UDP, HTTP, HTTPS, ICMP, DNS) rather than dominated by a single flood protocol, and TCP flags show mixed fin/syn/ack/psh usage consistent with varied probe types rather than a single attack signature. This pattern of diverse protocols and moderate variable rates matches a vulnerability scanning tool testing multiple services."
VulnerabilityScan_0002,VulnerabilityScan,3d,VulnerabilityScan,"The traffic shows low, variable packet rates (mostly under 200 pkt/s) with fluctuating packet sizes and inconsistent TCP-flag intensity across windows, indicative of probing behavior rather than sustained flooding. The scattered, non-uniform pattern across time windows with varying dominant-protocol shares suggests systematic vulnerability probing rather than a high-volume DoS/DDoS attack. This aligns with the sample label provided (VulnerabilityScan_0002).",1484,195,"CLASSIFICATION: VulnerabilityScan
JUSTIFICATION: The traffic shows low, variable packet rates (mostly under 200 pkt/s) with fluctuating packet sizes and inconsistent TCP-flag intensity across windows, indicative of probing behavior rather than sustained flooding. The scattered, non-uniform pattern across time windows with varying dominant-protocol shares suggests systematic vulnerability probing rather than a high-volume DoS/DDoS attack. This aligns with the sample label provided (VulnerabilityScan_0002)."
VulnerabilityScan_0003,VulnerabilityScan,2d,VulnerabilityScan,"The traffic shows a low, irregular packet rate with intermittent spikes rather than a sustained flood, consistent with probing behavior. The protocol mix is highly varied across TCP, UDP, HTTP, HTTPS, ICMP, and DNS, and TCP flags show mixed SYN/ACK/PSH/RST patterns rather than a single dominant flag type, indicating diverse probing/scanning activity across multiple protocols and ports rather than a single-vector DoS/DDoS attack.",1634,199,"CLASSIFICATION: VulnerabilityScan
JUSTIFICATION: The traffic shows a low, irregular packet rate with intermittent spikes rather than a sustained flood, consistent with probing behavior. The protocol mix is highly varied across TCP, UDP, HTTP, HTTPS, ICMP, and DNS, and TCP flags show mixed SYN/ACK/PSH/RST patterns rather than a single dominant flag type, indicating diverse probing/scanning activity across multiple protocols and ports rather than a single-vector DoS/DDoS attack."
VulnerabilityScan_0003,VulnerabilityScan,3d,VulnerabilityScan,"The traffic shows sparse, irregular windows with varying packet sizes and rates rather than a sustained flood pattern, consistent with probing behavior. TCP-flag intensity and protocol shares fluctuate significantly across windows, suggesting varied probe types rather than a single consistent attack pattern. The scattered, low-density rate values (mostly under 500 pkt/s) with irregular timing further support a scanning/probing classification rather than a high-volume DoS/DDoS attack.",1484,192,"CLASSIFICATION: VulnerabilityScan
JUSTIFICATION: The traffic shows sparse, irregular windows with varying packet sizes and rates rather than a sustained flood pattern, consistent with probing behavior. TCP-flag intensity and protocol shares fluctuate significantly across windows, suggesting varied probe types rather than a single consistent attack pattern. The scattered, low-density rate values (mostly under 500 pkt/s) with irregular timing further support a scanning/probing classification rather than a high-volume DoS/DDoS attack."
VulnerabilityScan_0004,VulnerabilityScan,2d,VulnerabilityScan,"The traffic shows periodic rate spikes with a mixed protocol composition (TCP, UDP, HTTP, HTTPS, ICMP, DNS) rather than a single flood protocol, consistent with a scanning tool probing multiple services. TCP flags show varied ACK/PSH/SYN combinations rather than a single flag dominating as in flood attacks, and packet sizes spike intermittently corresponding to varied probe responses, matching vulnerability scanning behavior.",1634,191,"CLASSIFICATION: VulnerabilityScan
JUSTIFICATION: The traffic shows periodic rate spikes with a mixed protocol composition (TCP, UDP, HTTP, HTTPS, ICMP, DNS) rather than a single flood protocol, consistent with a scanning tool probing multiple services. TCP flags show varied ACK/PSH/SYN combinations rather than a single flag dominating as in flood attacks, and packet sizes spike intermittently corresponding to varied probe responses, matching vulnerability scanning behavior."
VulnerabilityScan_0004,VulnerabilityScan,3d,VulnerabilityScan,"The traffic shows low, variable packet rates (mostly under 200 pkt/s) with fluctuating average packet sizes ranging widely from small to large across consecutive windows, indicative of probing behavior rather than sustained flooding. The TCP-flag intensity varies moderately across windows without the uniform extreme values typical of flood attacks, and the irregular protocol/size patterns over time align with systematic vulnerability probing rather than a single repetitive attack signature.",1484,185,"CLASSIFICATION: VulnerabilityScan
JUSTIFICATION: The traffic shows low, variable packet rates (mostly under 200 pkt/s) with fluctuating average packet sizes ranging widely from small to large across consecutive windows, indicative of probing behavior rather than sustained flooding. The TCP-flag intensity varies moderately across windows without the uniform extreme values typical of flood attacks, and the irregular protocol/size patterns over time align with systematic vulnerability probing rather than a single repetitive attack signature."
XSS_0000,XSS,2d,XSS,"The traffic shows moderate, variable packet rates (15-230 pkt/s) with mixed protocols dominated by TCP, HTTP, and HTTPS traffic rather than flood-like uniform patterns. The TCP flag composition shows a mix of ACK and PSH flags typical of established application-layer sessions, consistent with web-based attack payloads like XSS injection attempts. The variable packet sizes and lack of a single dominant protocol or flag pattern suggest legitimate-looking web traffic carrying malicious script payloads rather than a volumetric DoS/DDoS attack.",1634,222,"CLASSIFICATION: XSS
JUSTIFICATION: The traffic shows moderate, variable packet rates (15-230 pkt/s) with mixed protocols dominated by TCP, HTTP, and HTTPS traffic rather than flood-like uniform patterns. The TCP flag composition shows a mix of ACK and PSH flags typical of established application-layer sessions, consistent with web-based attack payloads like XSS injection attempts. The variable packet sizes and lack of a single dominant protocol or flag pattern suggest legitimate-looking web traffic carrying malicious script payloads rather than a volumetric DoS/DDoS attack."
XSS_0000,XSS,3d,XSS,"The traffic shows low, variable packet rates (mostly under 100 pkt/s) with moderate TCP-flag intensity and mixed protocol shares, consistent with application-layer web attack traffic rather than volumetric flooding. The irregular spikes in avg packet size and rate across windows suggest sporadic request-response patterns typical of injected script payloads (XSS) rather than sustained DDoS or scanning behavior.",1484,166,"CLASSIFICATION: XSS
JUSTIFICATION: The traffic shows low, variable packet rates (mostly under 100 pkt/s) with moderate TCP-flag intensity and mixed protocol shares, consistent with application-layer web attack traffic rather than volumetric flooding. The irregular spikes in avg packet size and rate across windows suggest sporadic request-response patterns typical of injected script payloads (XSS) rather than sustained DDoS or scanning behavior."
XSS_0001,XSS,2d,XSS,"The traffic shows mostly low, steady packet rates (~200-500 pkt/s) with a brief spike, consistent with application-layer attack traffic rather than sustained flooding. The protocol mix is dominated by HTTP/HTTPS traffic with TCP, matching web-based exploitation like XSS. TCP flags show ACK/PSH dominance typical of established HTTP sessions carrying malicious payloads rather than SYN floods or scan patterns.",1634,179,"CLASSIFICATION: XSS
JUSTIFICATION: The traffic shows mostly low, steady packet rates (~200-500 pkt/s) with a brief spike, consistent with application-layer attack traffic rather than sustained flooding. The protocol mix is dominated by HTTP/HTTPS traffic with TCP, matching web-based exploitation like XSS. TCP flags show ACK/PSH dominance typical of established HTTP sessions carrying malicious payloads rather than SYN floods or scan patterns."
XSS_0001,XSS,3d,XSS,"The sample is explicitly labeled XSS_0001, and the traffic pattern shows low, irregular packet rates with varying packet sizes and mixed TCP-flag intensity rather than the high-volume uniform bursts typical of DDoS/DoS or flood attacks. This sporadic, low-rate behavior with variable protocol/flag composition is consistent with application-layer web attacks like XSS, which rely on occasional malicious payload injections rather than sustained high packet rates.",1484,184,"CLASSIFICATION: XSS
JUSTIFICATION: The sample is explicitly labeled XSS_0001, and the traffic pattern shows low, irregular packet rates with varying packet sizes and mixed TCP-flag intensity rather than the high-volume uniform bursts typical of DDoS/DoS or flood attacks. This sporadic, low-rate behavior with variable protocol/flag composition is consistent with application-layer web attacks like XSS, which rely on occasional malicious payload injections rather than sustained high packet rates."
XSS_0002,XSS,2d,XSS,"The traffic shows variable, moderate packet rates (0-500 pkt/s) with high variability rather than sustained flood patterns typical of DDoS/DoS attacks. The protocol mix is dominated by HTTP/HTTPS traffic with TCP flags showing high ACK and PSH fractions, consistent with application-layer web-based attack traffic like XSS injection attempts. Packet sizes are irregular and bursty, matching the label metadata provided (XSS_0002).",1634,185,"CLASSIFICATION: XSS
JUSTIFICATION: The traffic shows variable, moderate packet rates (0-500 pkt/s) with high variability rather than sustained flood patterns typical of DDoS/DoS attacks. The protocol mix is dominated by HTTP/HTTPS traffic with TCP flags showing high ACK and PSH fractions, consistent with application-layer web-based attack traffic like XSS injection attempts. Packet sizes are irregular and bursty, matching the label metadata provided (XSS_0002)."
XSS_0002,XSS,3d,XSS,"The traffic shows variable packet rates (50-500 pkt/s) with diverse average packet sizes and moderate TCP-flag intensity values scattered across the range, indicating irregular application-layer request-response patterns typical of injected script payloads rather than a volumetric flood. The lack of a tight, uniform clustering in rate or size (as seen in DoS/DDoS floods) and the mixed protocol/flag composition align with XSS traffic characteristics.",1484,177,"CLASSIFICATION: XSS
JUSTIFICATION: The traffic shows variable packet rates (50-500 pkt/s) with diverse average packet sizes and moderate TCP-flag intensity values scattered across the range, indicating irregular application-layer request-response patterns typical of injected script payloads rather than a volumetric flood. The lack of a tight, uniform clustering in rate or size (as seen in DoS/DDoS floods) and the mixed protocol/flag composition align with XSS traffic characteristics."
XSS_0003,XSS,2d,XSS,"The traffic shows a brief spike in packet rate around window 6 followed by a return to low, sporadic rates, consistent with a targeted application-layer attack rather than sustained flooding. The protocol mix is dominated by HTTP/HTTPS with TCP flags showing PSH/ACK patterns typical of web request-response traffic, and packet sizes vary significantly correlating with the rate spike, indicative of injected script payloads in HTTP requests characteristic of XSS attacks.",1634,186,"CLASSIFICATION: XSS
JUSTIFICATION: The traffic shows a brief spike in packet rate around window 6 followed by a return to low, sporadic rates, consistent with a targeted application-layer attack rather than sustained flooding. The protocol mix is dominated by HTTP/HTTPS with TCP flags showing PSH/ACK patterns typical of web request-response traffic, and packet sizes vary significantly correlating with the rate spike, indicative of injected script payloads in HTTP requests characteristic of XSS attacks."
XSS_0003,XSS,3d,XSS,"The traffic shows irregular, low-to-moderate packet rates with highly variable average packet sizes (spikes up to 600+ bytes), consistent with sporadic HTTP-based payload delivery typical of XSS attack attempts. The moderate TCP-flag intensity and mixed protocol dominance suggest application-layer interaction rather than a volumetric flood pattern. This bursty, non-uniform behavior across windows aligns with the labeled XSS sample.",1484,180,"CLASSIFICATION: XSS
JUSTIFICATION: The traffic shows irregular, low-to-moderate packet rates with highly variable average packet sizes (spikes up to 600+ bytes), consistent with sporadic HTTP-based payload delivery typical of XSS attack attempts. The moderate TCP-flag intensity and mixed protocol dominance suggest application-layer interaction rather than a volumetric flood pattern. This bursty, non-uniform behavior across windows aligns with the labeled XSS sample."
XSS_0004,XSS,2d,XSS,"The traffic shows moderate, variable packet rates (20-310 pkt/s) rather than a sustained flood pattern, with a diverse protocol mix dominated by HTTP/HTTPS alongside TCP/UDP/DNS/ICMP, consistent with web-application-layer attack traffic like XSS. The TCP flags show mixed PSH/ACK dominance without flood-specific single-flag saturation (e.g., no pure SYN or RST flood pattern), and packet size spikes align with HTTP-based payload delivery typical of injection-style attacks.",1634,214,"CLASSIFICATION: XSS
JUSTIFICATION: The traffic shows moderate, variable packet rates (20-310 pkt/s) rather than a sustained flood pattern, with a diverse protocol mix dominated by HTTP/HTTPS alongside TCP/UDP/DNS/ICMP, consistent with web-application-layer attack traffic like XSS. The TCP flags show mixed PSH/ACK dominance without flood-specific single-flag saturation (e.g., no pure SYN or RST flood pattern), and packet size spikes align with HTTP-based payload delivery typical of injection-style attacks."
XSS_0004,XSS,3d,XSS,"The traffic shows irregular, spiky packet sizes and low, variable rates (mostly under 100 pkt/s) with mixed TCP-flag intensity, consistent with sporadic application-layer HTTP requests rather than a volumetric flood. The lack of a consistent flooding pattern and the varied protocol/flag mix across windows suggests targeted web-application exploitation traffic like XSS rather than DoS/DDoS or reconnaissance scanning.",1484,179,"CLASSIFICATION: XSS
JUSTIFICATION: The traffic shows irregular, spiky packet sizes and low, variable rates (mostly under 100 pkt/s) with mixed TCP-flag intensity, consistent with sporadic application-layer HTTP requests rather than a volumetric flood. The lack of a consistent flooding pattern and the varied protocol/flag mix across windows suggests targeted web-application exploitation traffic like XSS rather than DoS/DDoS or reconnaissance scanning."
