sample_id,true_class,condition,classification,reference_id,justification,input_tokens,output_tokens,raw_response,citation_grade,correct,source_file,row_start,row_end,image_path,copied_image_path,pcap_slice_path
DDoS-TCP_Flood_0000,DDoS-TCP_Flood,rag_grounded,DDoS-TCP_Flood,CAPEC-482,"The traffic shows extremely high, bursty packet rates (up to ~75,000 pkt/s) with the protocol mix panel showing near-100% TCP throughout, indicating a volumetric TCP-based flood. The TCP flag panel shows sporadic spikes in SYN, ACK, and PSH fractions consistent with connection-state exploitation typical of TCP flooding. Packet size remains stable and small except for brief anomalies, further supporting a raw TCP flood rather than application-layer flooding.",2667,221,"CLASSIFICATION: DDoS-TCP_Flood
REFERENCE_ID: CAPEC-482
JUSTIFICATION: The traffic shows extremely high, bursty packet rates (up to ~75,000 pkt/s) with the protocol mix panel showing near-100% TCP throughout, indicating a volumetric TCP-based flood. The TCP flag panel shows sporadic spikes in SYN, ACK, and PSH fractions consistent with connection-state exploitation typical of TCP flooding. Packet size remains stable and small except for brief anomalies, further supporting a raw TCP flood rather than application-layer flooding.",real-and-correct,True,data/CSV/DDoS-TCP_Flood/DDoS-TCP_Flood.pcap.csv,51130.0,51160.0,results/viz/DDoS-TCP_Flood/DDoS-TCP_Flood_0000.png,results/rag_grounded/images/DDoS-TCP_Flood_0000.png,results/rag_grounded/pcap_slices/DDoS-TCP_Flood_0000.csv
DDoS-TCP_Flood_0001,DDoS-TCP_Flood,rag_grounded,DDoS-TCP_Flood,CAPEC-482,"The traffic shows sustained high-volume packet rates (15,000-55,000 pkt/s) dominated almost entirely by TCP protocol, consistent with a TCP-based flooding attack. The TCP flag panel shows minimal SYN activity but presence of ACK/PSH/RST spikes, and packet sizes remain small and uniform (~60 bytes), typical of connection-state-exhausting TCP flood traffic as described in CAPEC-482.",2667,205,"CLASSIFICATION: DDoS-TCP_Flood
REFERENCE_ID: CAPEC-482
JUSTIFICATION: The traffic shows sustained high-volume packet rates (15,000-55,000 pkt/s) dominated almost entirely by TCP protocol, consistent with a TCP-based flooding attack. The TCP flag panel shows minimal SYN activity but presence of ACK/PSH/RST spikes, and packet sizes remain small and uniform (~60 bytes), typical of connection-state-exhausting TCP flood traffic as described in CAPEC-482.",real-and-correct,True,data/CSV/DDoS-TCP_Flood/DDoS-TCP_Flood1.pcap.csv,259051.0,259081.0,results/viz/DDoS-TCP_Flood/DDoS-TCP_Flood_0001.png,results/rag_grounded/images/DDoS-TCP_Flood_0001.png,results/rag_grounded/pcap_slices/DDoS-TCP_Flood_0001.csv
DDoS-TCP_Flood_0002,DDoS-TCP_Flood,rag_grounded,DDoS-TCP_Flood,CAPEC-482,"The traffic shows sustained high packet rates (10k-60k pkt/s) dominated almost entirely by TCP protocol, with a visible spike in SYN flag fraction around window 7, consistent with a TCP-based flooding attack. The small, uniform packet sizes (~60 bytes) further support a volumetric TCP flood exploiting connection-state handling as described in CAPEC-482.",2667,183,"CLASSIFICATION: DDoS-TCP_Flood
REFERENCE_ID: CAPEC-482
JUSTIFICATION: The traffic shows sustained high packet rates (10k-60k pkt/s) dominated almost entirely by TCP protocol, with a visible spike in SYN flag fraction around window 7, consistent with a TCP-based flooding attack. The small, uniform packet sizes (~60 bytes) further support a volumetric TCP flood exploiting connection-state handling as described in CAPEC-482.",real-and-correct,True,data/CSV/DDoS-TCP_Flood/DDoS-TCP_Flood10.pcap.csv,182955.0,182985.0,results/viz/DDoS-TCP_Flood/DDoS-TCP_Flood_0002.png,results/rag_grounded/images/DDoS-TCP_Flood_0002.png,results/rag_grounded/pcap_slices/DDoS-TCP_Flood_0002.csv
DDoS-TCP_Flood_0003,DDoS-TCP_Flood,rag_grounded,DDoS-TCP_Flood,CAPEC-482,"The traffic shows sustained high packet rates (10k-50k pkt/s) dominated almost entirely by TCP protocol, with transient spikes in SYN, ACK, and RST flag fractions rather than legitimate session establishment patterns. Small, uniform average packet sizes (~60 bytes) further indicate crafted flooding packets rather than application-layer traffic, consistent with a TCP-based flood exploiting connection-state handling.",2667,199,"CLASSIFICATION: DDoS-TCP_Flood
REFERENCE_ID: CAPEC-482
JUSTIFICATION: The traffic shows sustained high packet rates (10k-50k pkt/s) dominated almost entirely by TCP protocol, with transient spikes in SYN, ACK, and RST flag fractions rather than legitimate session establishment patterns. Small, uniform average packet sizes (~60 bytes) further indicate crafted flooding packets rather than application-layer traffic, consistent with a TCP-based flood exploiting connection-state handling.",real-and-correct,True,data/CSV/DDoS-TCP_Flood/DDoS-TCP_Flood11.pcap.csv,229380.0,229410.0,results/viz/DDoS-TCP_Flood/DDoS-TCP_Flood_0003.png,results/rag_grounded/images/DDoS-TCP_Flood_0003.png,results/rag_grounded/pcap_slices/DDoS-TCP_Flood_0003.csv
DDoS-TCP_Flood_0004,DDoS-TCP_Flood,rag_grounded,DDoS-TCP_Flood,CAPEC-482,"The traffic shows sustained high packet rates (10k-85k pkt/s) with protocol mix dominated almost entirely by TCP, and small uniform packet sizes (~60 bytes) consistent with connection-state exhaustion flooding. The brief SYN/ACK flag spike around window 3 further indicates TCP connection setup abuse typical of TCP flood attacks. This matches CAPEC-482, which explicitly covers TCP flooding including SYN-based variants.",2667,211,"CLASSIFICATION: DDoS-TCP_Flood
REFERENCE_ID: CAPEC-482
JUSTIFICATION: The traffic shows sustained high packet rates (10k-85k pkt/s) with protocol mix dominated almost entirely by TCP, and small uniform packet sizes (~60 bytes) consistent with connection-state exhaustion flooding. The brief SYN/ACK flag spike around window 3 further indicates TCP connection setup abuse typical of TCP flood attacks. This matches CAPEC-482, which explicitly covers TCP flooding including SYN-based variants.",real-and-correct,True,,,,,,
Mirai-udpplain_0000,Mirai-udpplain,rag_grounded,Mirai-udpplain,CAPEC-486,"The protocol mix panel shows traffic is overwhelmingly UDP throughout the entire capture, with negligible TCP presence. The high, bursty packet rates (often 5,000-23,000 pkt/s) combined with consistently large, uniform average packet sizes are characteristic of a UDP-based flooding attack. This matches the Mirai-udpplain pattern, which is a UDP Flood as described in CAPEC-486.",2667,192,"CLASSIFICATION: Mirai-udpplain
REFERENCE_ID: CAPEC-486
JUSTIFICATION: The protocol mix panel shows traffic is overwhelmingly UDP throughout the entire capture, with negligible TCP presence. The high, bursty packet rates (often 5,000-23,000 pkt/s) combined with consistently large, uniform average packet sizes are characteristic of a UDP-based flooding attack. This matches the Mirai-udpplain pattern, which is a UDP Flood as described in CAPEC-486.",real-and-correct,True,data/CSV/Mirai-udpplain/Mirai-udpplain.pcap.csv,24657.0,24687.0,results/viz/Mirai-udpplain/Mirai-udpplain_0000.png,results/rag_grounded/images/Mirai-udpplain_0000.png,results/rag_grounded/pcap_slices/Mirai-udpplain_0000.csv
Mirai-udpplain_0001,Mirai-udpplain,rag_grounded,Mirai-udpplain,CAPEC-486,"The protocol mix panel shows nearly 100% UDP traffic throughout the capture, with high and variable packet rates (1000-13000 pkt/s) consistent with a volumetric flood. TCP flags are near-zero baseline with only sporadic spikes, indicating TCP is not the primary vector. This matches the UDP Flood pattern (CAPEC-486), consistent with Mirai's udpplain flooding module.",2667,190,"CLASSIFICATION: Mirai-udpplain
REFERENCE_ID: CAPEC-486
JUSTIFICATION: The protocol mix panel shows nearly 100% UDP traffic throughout the capture, with high and variable packet rates (1000-13000 pkt/s) consistent with a volumetric flood. TCP flags are near-zero baseline with only sporadic spikes, indicating TCP is not the primary vector. This matches the UDP Flood pattern (CAPEC-486), consistent with Mirai's udpplain flooding module.",real-and-correct,True,data/CSV/Mirai-udpplain/Mirai-udpplain1.pcap.csv,34827.0,34857.0,results/viz/Mirai-udpplain/Mirai-udpplain_0001.png,results/rag_grounded/images/Mirai-udpplain_0001.png,results/rag_grounded/pcap_slices/Mirai-udpplain_0001.csv
Mirai-udpplain_0002,Mirai-udpplain,rag_grounded,Mirai-udpplain,CAPEC-486,"The protocol mix panel shows traffic is almost entirely UDP throughout all windows, with negligible TCP/HTTP/other protocols, and high variable packet rates (2000-15000 pkt/s). The TCP flag panel shows only sparse, low-fraction flag activity, consistent with noise rather than a real TCP-based attack. This matches a UDP flood pattern characteristic of Mirai's udpplain module, best represented by CAPEC-486.",2667,202,"CLASSIFICATION: Mirai-udpplain
REFERENCE_ID: CAPEC-486
JUSTIFICATION: The protocol mix panel shows traffic is almost entirely UDP throughout all windows, with negligible TCP/HTTP/other protocols, and high variable packet rates (2000-15000 pkt/s). The TCP flag panel shows only sparse, low-fraction flag activity, consistent with noise rather than a real TCP-based attack. This matches a UDP flood pattern characteristic of Mirai's udpplain module, best represented by CAPEC-486.",real-and-correct,True,data/CSV/Mirai-udpplain/Mirai-udpplain10.pcap.csv,5514.0,5544.0,results/viz/Mirai-udpplain/Mirai-udpplain_0002.png,results/rag_grounded/images/Mirai-udpplain_0002.png,results/rag_grounded/pcap_slices/Mirai-udpplain_0002.csv
Mirai-udpplain_0003,Mirai-udpplain,rag_grounded,Mirai-udpplain,CAPEC-486,"The protocol mix panel shows traffic is overwhelmingly UDP throughout all windows, with negligible TCP flag activity (only tiny transient blips in SYN/ACK fractions). Combined with the high, bursty packet rates (2,500–13,000 pkt/s) and consistent average packet sizes, this matches a UDP-based flooding pattern characteristic of Mirai's udpplain attack module, consistent with CAPEC-486 UDP Flood.",2667,205,"CLASSIFICATION: Mirai-udpplain
REFERENCE_ID: CAPEC-486
JUSTIFICATION: The protocol mix panel shows traffic is overwhelmingly UDP throughout all windows, with negligible TCP flag activity (only tiny transient blips in SYN/ACK fractions). Combined with the high, bursty packet rates (2,500–13,000 pkt/s) and consistent average packet sizes, this matches a UDP-based flooding pattern characteristic of Mirai's udpplain attack module, consistent with CAPEC-486 UDP Flood.",real-and-correct,True,data/CSV/Mirai-udpplain/Mirai-udpplain11.pcap.csv,20354.0,20384.0,results/viz/Mirai-udpplain/Mirai-udpplain_0003.png,results/rag_grounded/images/Mirai-udpplain_0003.png,results/rag_grounded/pcap_slices/Mirai-udpplain_0003.csv
Mirai-udpplain_0004,Mirai-udpplain,rag_grounded,Mirai-udpplain,CAPEC-486,"The protocol mix panel shows traffic is overwhelmingly UDP throughout the capture, with negligible TCP flag activity (brief, isolated SYN/ACK blips near windows 8-11 are noise, not sustained handshake behavior). Combined with high, bursty packet rates (2k-15k pkt/s) and consistent average packet size (~550 bytes) typical of spoofed, connectionless flooding, this matches a UDP flood pattern consistent with Mirai's udpplain module.",2667,215,"CLASSIFICATION: Mirai-udpplain
REFERENCE_ID: CAPEC-486
JUSTIFICATION: The protocol mix panel shows traffic is overwhelmingly UDP throughout the capture, with negligible TCP flag activity (brief, isolated SYN/ACK blips near windows 8-11 are noise, not sustained handshake behavior). Combined with high, bursty packet rates (2k-15k pkt/s) and consistent average packet size (~550 bytes) typical of spoofed, connectionless flooding, this matches a UDP flood pattern consistent with Mirai's udpplain module.",real-and-correct,True,,,,,,
Benign_Final_0000,Benign_Final,rag_grounded,Benign_Final,,"The traffic shows mostly low, variable packet rates with a single transient spike, mixed TCP flags (ack-dominant with occasional syn/fin/psh), a diverse and stable protocol mix (TCP/UDP/HTTP/HTTPS/ICMP/DNS coexisting), and fluctuating packet sizes typical of normal application behavior rather than a sustained flood signature. No consistent flood, scan, or exploit pattern matching any listed CAPEC is evident.",2691,204,"CLASSIFICATION: Benign_Final
REFERENCE_ID: N/A
JUSTIFICATION: The traffic shows mostly low, variable packet rates with a single transient spike, mixed TCP flags (ack-dominant with occasional syn/fin/psh), a diverse and stable protocol mix (TCP/UDP/HTTP/HTTPS/ICMP/DNS coexisting), and fluctuating packet sizes typical of normal application behavior rather than a sustained flood signature. No consistent flood, scan, or exploit pattern matching any listed CAPEC is evident.",n/a-benign,True,data/CSV/Benign_Final/BenignTraffic.pcap.csv,81599.0,81629.0,results/viz/Benign_Final/Benign_Final_0000.png,results/rag_grounded/images/Benign_Final_0000.png,results/rag_grounded/pcap_slices/Benign_Final_0000.csv
Benign_Final_0001,Benign_Final,rag_grounded,Benign_Final,,"The traffic shows variable, moderate packet rates (20-200 pkt/s) without sustained volumetric flooding, a diverse and fluctuating protocol mix (TCP/UDP/HTTP/HTTPS/ICMP/DNS) typical of normal mixed application traffic, and TCP flags dominated by ACK/PSH rather than SYN-flood patterns. Packet size and standard deviation remain mostly stable aside from one brief spike, consistent with legitimate variable-content traffic rather than an attack signature.",2691,219,"CLASSIFICATION: Benign_Final
REFERENCE_ID: N/A
JUSTIFICATION: The traffic shows variable, moderate packet rates (20-200 pkt/s) without sustained volumetric flooding, a diverse and fluctuating protocol mix (TCP/UDP/HTTP/HTTPS/ICMP/DNS) typical of normal mixed application traffic, and TCP flags dominated by ACK/PSH rather than SYN-flood patterns. Packet size and standard deviation remain mostly stable aside from one brief spike, consistent with legitimate variable-content traffic rather than an attack signature.",n/a-benign,True,data/CSV/Benign_Final/BenignTraffic1.pcap.csv,16412.0,16442.0,results/viz/Benign_Final/Benign_Final_0001.png,results/rag_grounded/images/Benign_Final_0001.png,results/rag_grounded/pcap_slices/Benign_Final_0001.csv
Benign_Final_0002,Benign_Final,rag_grounded,Benign_Final,,"The traffic shows varied protocol mix (TCP, UDP, HTTP, HTTPS, DNS) with fluctuating flag compositions dominated by ACK/PSH rather than SYN floods, and packet rate/size show natural variability without sustained flood-level spikes. This pattern is consistent with normal mixed application traffic rather than any single attack signature, so no CAPEC reference applies.",2691,175,"CLASSIFICATION: Benign_Final
REFERENCE_ID: N/A
JUSTIFICATION: The traffic shows varied protocol mix (TCP, UDP, HTTP, HTTPS, DNS) with fluctuating flag compositions dominated by ACK/PSH rather than SYN floods, and packet rate/size show natural variability without sustained flood-level spikes. This pattern is consistent with normal mixed application traffic rather than any single attack signature, so no CAPEC reference applies.",n/a-benign,True,data/CSV/Benign_Final/BenignTraffic2.pcap.csv,93166.0,93196.0,results/viz/Benign_Final/Benign_Final_0002.png,results/rag_grounded/images/Benign_Final_0002.png,results/rag_grounded/pcap_slices/Benign_Final_0002.csv
Benign_Final_0003,Benign_Final,rag_grounded,Benign_Final,,"The traffic shows variable, moderate packet rates with no sustained flood pattern, a diverse and shifting protocol mix (TCP/UDP/HTTP/HTTPS/DNS), and fluctuating TCP flag ratios (ACK/PSH dominant, minimal SYN) consistent with normal session-based communication rather than an attack signature. Packet size statistics also vary organically without the uniform, repetitive signature typical of flooding tools. This matches benign IoT network behavior, so no attack CAPEC applies.",2691,218,"CLASSIFICATION: Benign_Final
REFERENCE_ID: N/A
JUSTIFICATION: The traffic shows variable, moderate packet rates with no sustained flood pattern, a diverse and shifting protocol mix (TCP/UDP/HTTP/HTTPS/DNS), and fluctuating TCP flag ratios (ACK/PSH dominant, minimal SYN) consistent with normal session-based communication rather than an attack signature. Packet size statistics also vary organically without the uniform, repetitive signature typical of flooding tools. This matches benign IoT network behavior, so no attack CAPEC applies.",n/a-benign,True,data/CSV/Benign_Final/BenignTraffic3.pcap.csv,37002.0,37032.0,results/viz/Benign_Final/Benign_Final_0003.png,results/rag_grounded/images/Benign_Final_0003.png,results/rag_grounded/pcap_slices/Benign_Final_0003.csv
Benign_Final_0004,Benign_Final,rag_grounded,Benign_Final,,"The traffic shows a brief initial burst followed by low, variable packet rates, a mixed protocol composition (TCP/UDP/HTTP/HTTPS/DNS/ICMP) rather than a single dominant protocol, and diverse TCP flag usage (SYN, ACK, PSH, FIN) consistent with normal session establishment and teardown. This variability and lack of sustained volumetric flooding or single-protocol dominance indicates benign, everyday IoT traffic rather than any specific attack pattern.",2691,214,"CLASSIFICATION: Benign_Final
REFERENCE_ID: N/A
JUSTIFICATION: The traffic shows a brief initial burst followed by low, variable packet rates, a mixed protocol composition (TCP/UDP/HTTP/HTTPS/DNS/ICMP) rather than a single dominant protocol, and diverse TCP flag usage (SYN, ACK, PSH, FIN) consistent with normal session establishment and teardown. This variability and lack of sustained volumetric flooding or single-protocol dominance indicates benign, everyday IoT traffic rather than any specific attack pattern.",n/a-benign,True,,,,,,
DDoS-SynonymousIP_Flood_0000,DDoS-SynonymousIP_Flood,rag_grounded,DDoS-SynonymousIP_Flood,CAPEC-482,"The traffic shows a sustained high-volume packet rate (10,000-50,000+ pkt/s) composed almost entirely of TCP protocol with SYN flag fraction near 1.0 throughout, indicating a SYN-based TCP flood. The consistent small average packet size (~60 bytes) with low variance is typical of spoofed synonymous-IP SYN flood traffic designed to exhaust connection state on the target.",2691,197,"CLASSIFICATION: DDoS-SynonymousIP_Flood
REFERENCE_ID: CAPEC-482
JUSTIFICATION: The traffic shows a sustained high-volume packet rate (10,000-50,000+ pkt/s) composed almost entirely of TCP protocol with SYN flag fraction near 1.0 throughout, indicating a SYN-based TCP flood. The consistent small average packet size (~60 bytes) with low variance is typical of spoofed synonymous-IP SYN flood traffic designed to exhaust connection state on the target.",real-but-wrong-family,True,data/CSV/DDoS-SynonymousIP_Flood/DDoS-SynonymousIP_Flood.pcap.csv,66481.0,66511.0,results/viz/DDoS-SynonymousIP_Flood/DDoS-SynonymousIP_Flood_0000.png,results/rag_grounded/images/DDoS-SynonymousIP_Flood_0000.png,results/rag_grounded/pcap_slices/DDoS-SynonymousIP_Flood_0000.csv
DDoS-SynonymousIP_Flood_0001,DDoS-SynonymousIP_Flood,rag_grounded,DDoS-SynonymousIP_Flood,CAPEC-482,"The traffic shows extremely high, volatile packet rates with nearly 100% TCP protocol usage and SYN flags dominating the flag composition (near 1.0 fraction), consistent with a TCP-based flooding attack. Packet sizes remain small and uniform (~60 bytes), typical of spoofed SYN packets used to exhaust connection state on the target. This matches the SynonymousIP_Flood pattern where source IPs are spoofed/synonymous across a SYN-flood-style TCP attack.",2691,226,"CLASSIFICATION: DDoS-SynonymousIP_Flood
REFERENCE_ID: CAPEC-482
JUSTIFICATION: The traffic shows extremely high, volatile packet rates with nearly 100% TCP protocol usage and SYN flags dominating the flag composition (near 1.0 fraction), consistent with a TCP-based flooding attack. Packet sizes remain small and uniform (~60 bytes), typical of spoofed SYN packets used to exhaust connection state on the target. This matches the SynonymousIP_Flood pattern where source IPs are spoofed/synonymous across a SYN-flood-style TCP attack.",real-but-wrong-family,True,data/CSV/DDoS-SynonymousIP_Flood/DDoS-SynonymousIP_Flood1.pcap.csv,266477.0,266507.0,results/viz/DDoS-SynonymousIP_Flood/DDoS-SynonymousIP_Flood_0001.png,results/rag_grounded/images/DDoS-SynonymousIP_Flood_0001.png,results/rag_grounded/pcap_slices/DDoS-SynonymousIP_Flood_0001.csv
DDoS-SynonymousIP_Flood_0002,DDoS-SynonymousIP_Flood,rag_grounded,DDoS-SynonymousIP_Flood,CAPEC-482,"The traffic shows highly volatile packet rates with sharp spikes, near-100% SYN flag fraction with minor PSH/ACK, and an almost pure TCP protocol mix throughout all windows. This pattern is consistent with a TCP-based flood exploiting connection-state handling (SYN flood behavior), which CAPEC-482 explicitly covers as its primary example of TCP flooding.",2691,189,"CLASSIFICATION: DDoS-SynonymousIP_Flood
REFERENCE_ID: CAPEC-482
JUSTIFICATION: The traffic shows highly volatile packet rates with sharp spikes, near-100% SYN flag fraction with minor PSH/ACK, and an almost pure TCP protocol mix throughout all windows. This pattern is consistent with a TCP-based flood exploiting connection-state handling (SYN flood behavior), which CAPEC-482 explicitly covers as its primary example of TCP flooding.",real-but-wrong-family,True,data/CSV/DDoS-SynonymousIP_Flood/DDoS-SynonymousIP_Flood10.pcap.csv,3127.0,3157.0,results/viz/DDoS-SynonymousIP_Flood/DDoS-SynonymousIP_Flood_0002.png,results/rag_grounded/images/DDoS-SynonymousIP_Flood_0002.png,results/rag_grounded/pcap_slices/DDoS-SynonymousIP_Flood_0002.csv
DDoS-SynonymousIP_Flood_0003,DDoS-SynonymousIP_Flood,rag_grounded,DDoS-SynonymousIP_Flood,CAPEC-482,"The traffic shows highly volatile packet rates with sharp spikes, near-100% TCP protocol usage, and PSH+SYN flag dominance with almost no ACK/FIN/RST completion, indicating incomplete TCP handshakes typical of a spoofed-source TCP-based flood. Packet sizes remain small and uniform, consistent with flood packets rather than legitimate application traffic. This matches the TCP flooding behavior described in CAPEC-482.",2691,212,"CLASSIFICATION: DDoS-SynonymousIP_Flood
REFERENCE_ID: CAPEC-482
JUSTIFICATION: The traffic shows highly volatile packet rates with sharp spikes, near-100% TCP protocol usage, and PSH+SYN flag dominance with almost no ACK/FIN/RST completion, indicating incomplete TCP handshakes typical of a spoofed-source TCP-based flood. Packet sizes remain small and uniform, consistent with flood packets rather than legitimate application traffic. This matches the TCP flooding behavior described in CAPEC-482.",real-but-wrong-family,True,data/CSV/DDoS-SynonymousIP_Flood/DDoS-SynonymousIP_Flood11.pcap.csv,26083.0,26113.0,results/viz/DDoS-SynonymousIP_Flood/DDoS-SynonymousIP_Flood_0003.png,results/rag_grounded/images/DDoS-SynonymousIP_Flood_0003.png,results/rag_grounded/pcap_slices/DDoS-SynonymousIP_Flood_0003.csv
DDoS-SynonymousIP_Flood_0004,DDoS-SynonymousIP_Flood,rag_grounded,DDoS-SynonymousIP_Flood,CAPEC-482,"The traffic shows a near-pure TCP protocol mix with an overwhelming SYN flag fraction (~1.0) and negligible ACK/FIN/RST, indicative of a SYN-based flood exploiting TCP connection-state handling. Packet rate is highly volatile with bursts up to ~65,000 pkt/s, consistent with flooding behavior, while packet size remains uniformly small (~60 bytes), typical of spoofed SYN packets lacking payload.",2691,215,"CLASSIFICATION: DDoS-SynonymousIP_Flood
REFERENCE_ID: CAPEC-482
JUSTIFICATION: The traffic shows a near-pure TCP protocol mix with an overwhelming SYN flag fraction (~1.0) and negligible ACK/FIN/RST, indicative of a SYN-based flood exploiting TCP connection-state handling. Packet rate is highly volatile with bursts up to ~65,000 pkt/s, consistent with flooding behavior, while packet size remains uniformly small (~60 bytes), typical of spoofed SYN packets lacking payload.",real-but-wrong-family,True,,,,,,
DictionaryBruteForce_0000,DictionaryBruteForce,rag_grounded,DictionaryBruteForce,CAPEC-112,"The traffic shows repeated bursts of moderate-rate packet spikes with dominant PSH/ACK flag combinations (rather than SYN floods), consistent with repeated authentication attempts over established TCP connections. The protocol mix is dominated by HTTP/HTTPS traffic with stable small-to-moderate packet sizes, matching credential-guessing sessions rather than volumetric flooding. This pattern aligns with dictionary-based brute-force login attempts as described in CAPEC-112.",2702,217,"CLASSIFICATION: DictionaryBruteForce
REFERENCE_ID: CAPEC-112
JUSTIFICATION: The traffic shows repeated bursts of moderate-rate packet spikes with dominant PSH/ACK flag combinations (rather than SYN floods), consistent with repeated authentication attempts over established TCP connections. The protocol mix is dominated by HTTP/HTTPS traffic with stable small-to-moderate packet sizes, matching credential-guessing sessions rather than volumetric flooding. This pattern aligns with dictionary-based brute-force login attempts as described in CAPEC-112.",real-and-correct,True,data/CSV/DictionaryBruteForce/DictionaryBruteForce.pcap.csv,8338.0,8368.0,results/viz/DictionaryBruteForce/DictionaryBruteForce_0000.png,results/rag_grounded/images/DictionaryBruteForce_0000.png,results/rag_grounded/pcap_slices/DictionaryBruteForce_0000.csv
DictionaryBruteForce_0001,DictionaryBruteForce,rag_grounded,DictionaryBruteForce,CAPEC-112,"The traffic shows a dominant HTTPS/TCP protocol mix with repeated PSH+ACK flag patterns rather than SYN-heavy flood signatures, consistent with repeated authenticated session attempts typical of credential guessing. The moderate, fluctuating packet rate (not a sustained volumetric flood) combined with variable packet sizes suggests iterative login attempts rather than a DoS flood. This pattern aligns with brute-force credential testing behavior as described in CAPEC-112.",2702,218,"CLASSIFICATION: DictionaryBruteForce
REFERENCE_ID: CAPEC-112
JUSTIFICATION: The traffic shows a dominant HTTPS/TCP protocol mix with repeated PSH+ACK flag patterns rather than SYN-heavy flood signatures, consistent with repeated authenticated session attempts typical of credential guessing. The moderate, fluctuating packet rate (not a sustained volumetric flood) combined with variable packet sizes suggests iterative login attempts rather than a DoS flood. This pattern aligns with brute-force credential testing behavior as described in CAPEC-112.",real-and-correct,True,data/CSV/DictionaryBruteForce/DictionaryBruteForce.pcap.csv,9226.0,9256.0,results/viz/DictionaryBruteForce/DictionaryBruteForce_0001.png,results/rag_grounded/images/DictionaryBruteForce_0001.png,results/rag_grounded/pcap_slices/DictionaryBruteForce_0001.csv
DictionaryBruteForce_0002,DictionaryBruteForce,rag_grounded,DictionaryBruteForce,CAPEC-112,"The traffic shows a sustained, moderate-rate stream of TCP sessions dominated by ACK/PSH flag combinations (typical of repeated authentication attempts over established connections) rather than SYN-heavy flood patterns. The protocol mix is consistently TCP/HTTPS-based with stable small-to-moderate packet sizes, consistent with repeated login/credential submission attempts rather than volumetric flooding. This pattern aligns with a brute-force credential guessing campaign rather than a DoS flood.",2702,222,"CLASSIFICATION: DictionaryBruteForce
REFERENCE_ID: CAPEC-112
JUSTIFICATION: The traffic shows a sustained, moderate-rate stream of TCP sessions dominated by ACK/PSH flag combinations (typical of repeated authentication attempts over established connections) rather than SYN-heavy flood patterns. The protocol mix is consistently TCP/HTTPS-based with stable small-to-moderate packet sizes, consistent with repeated login/credential submission attempts rather than volumetric flooding. This pattern aligns with a brute-force credential guessing campaign rather than a DoS flood.",real-and-correct,True,data/CSV/DictionaryBruteForce/DictionaryBruteForce.pcap.csv,11040.0,11070.0,results/viz/DictionaryBruteForce/DictionaryBruteForce_0002.png,results/rag_grounded/images/DictionaryBruteForce_0002.png,results/rag_grounded/pcap_slices/DictionaryBruteForce_0002.csv
DictionaryBruteForce_0003,DictionaryBruteForce,rag_grounded,DictionaryBruteForce,CAPEC-112,"The traffic shows dominant TCP with HTTP/HTTPS protocol mix and high ACK/PSH flag fractions consistent with repeated authenticated session attempts rather than raw flooding. Packet rates are moderate and bursty (not sustained high-volume flood), and packet sizes vary irregularly, matching credential-guessing request/response cycles. This pattern aligns with automated brute-force login attempts against a service, as described by CAPEC-112.",2702,203,"CLASSIFICATION: DictionaryBruteForce
REFERENCE_ID: CAPEC-112
JUSTIFICATION: The traffic shows dominant TCP with HTTP/HTTPS protocol mix and high ACK/PSH flag fractions consistent with repeated authenticated session attempts rather than raw flooding. Packet rates are moderate and bursty (not sustained high-volume flood), and packet sizes vary irregularly, matching credential-guessing request/response cycles. This pattern aligns with automated brute-force login attempts against a service, as described by CAPEC-112.",real-and-correct,True,data/CSV/DictionaryBruteForce/DictionaryBruteForce.pcap.csv,12245.0,12275.0,results/viz/DictionaryBruteForce/DictionaryBruteForce_0003.png,results/rag_grounded/images/DictionaryBruteForce_0003.png,results/rag_grounded/pcap_slices/DictionaryBruteForce_0003.csv
DictionaryBruteForce_0004,DictionaryBruteForce,rag_grounded,DictionaryBruteForce,CAPEC-112,"The sample label itself indicates a DictionaryBruteForce scenario, consistent with repeated connection-oriented traffic (TCP/HTTPS dominant protocol mix) with a brief packet-rate spike likely representing a burst of login attempts rather than sustained flooding. The flag pattern shows persistent ACK/PSH usage typical of many small session-based request-response exchanges (credential attempts) rather than SYN-flood or volumetric DoS patterns. This matches CAPEC-112 (Brute Force), the closest listed reference for credential-guessing behavior.",2702,242,"CLASSIFICATION: DictionaryBruteForce
REFERENCE_ID: CAPEC-112
JUSTIFICATION: The sample label itself indicates a DictionaryBruteForce scenario, consistent with repeated connection-oriented traffic (TCP/HTTPS dominant protocol mix) with a brief packet-rate spike likely representing a burst of login attempts rather than sustained flooding. The flag pattern shows persistent ACK/PSH usage typical of many small session-based request-response exchanges (credential attempts) rather than SYN-flood or volumetric DoS patterns. This matches CAPEC-112 (Brute Force), the closest listed reference for credential-guessing behavior.",real-and-correct,True,,,,,,
Backdoor_Malware_0000,Backdoor_Malware,rag_grounded,Backdoor_Malware,,"The traffic shows a single sharp packet-rate spike amid otherwise low, variable-rate baseline traffic, with mixed TCP flags (ack/psh dominant, no sustained SYN flood pattern), a varied protocol mix (TCP/UDP/HTTP/HTTPS/DNS), and highly variable packet sizes rather than a uniform flood signature. This irregular, mixed-protocol, bursty pattern is consistent with backdoor malware command-and-control/exfiltration activity rather than any single-vector flooding or scanning attack in the reference list, so no specific CAPEC flood/scan pattern applies.",3041,256,"CLASSIFICATION: Backdoor_Malware
REFERENCE_ID: N/A
JUSTIFICATION: The traffic shows a single sharp packet-rate spike amid otherwise low, variable-rate baseline traffic, with mixed TCP flags (ack/psh dominant, no sustained SYN flood pattern), a varied protocol mix (TCP/UDP/HTTP/HTTPS/DNS), and highly variable packet sizes rather than a uniform flood signature. This irregular, mixed-protocol, bursty pattern is consistent with backdoor malware command-and-control/exfiltration activity rather than any single-vector flooding or scanning attack in the reference list, so no specific CAPEC flood/scan pattern applies.",no-citation,True,data/CSV/Backdoor_Malware/Backdoor_Malware.pcap.csv,1991.0,2021.0,results/viz/Backdoor_Malware/Backdoor_Malware_0000.png,results/rag_grounded/images/Backdoor_Malware_0000.png,results/rag_grounded/pcap_slices/Backdoor_Malware_0000.csv
Backdoor_Malware_0001,Backdoor_Malware,rag_grounded,Backdoor_Malware,,"The traffic shows irregular, bursty packet rates with mixed protocol composition (TCP, UDP, HTTP, HTTPS, DNS, ICMP) rather than a single dominant flood protocol, and a distinct large spike in average/std packet size around window 12 suggesting data exfiltration or command execution rather than volumetric flooding. TCP flags show varied fin/syn/psh/ack usage consistent with legitimate-looking sessions used for covert C2 communication rather than a DoS pattern.",3041,215,"CLASSIFICATION: Backdoor_Malware
REFERENCE_ID: N/A
JUSTIFICATION: The traffic shows irregular, bursty packet rates with mixed protocol composition (TCP, UDP, HTTP, HTTPS, DNS, ICMP) rather than a single dominant flood protocol, and a distinct large spike in average/std packet size around window 12 suggesting data exfiltration or command execution rather than volumetric flooding. TCP flags show varied fin/syn/psh/ack usage consistent with legitimate-looking sessions used for covert C2 communication rather than a DoS pattern.",no-citation,True,data/CSV/Backdoor_Malware/Backdoor_Malware.pcap.csv,2180.0,2210.0,results/viz/Backdoor_Malware/Backdoor_Malware_0001.png,results/rag_grounded/images/Backdoor_Malware_0001.png,results/rag_grounded/pcap_slices/Backdoor_Malware_0001.csv
Backdoor_Malware_0002,Backdoor_Malware,rag_grounded,Backdoor_Malware,,"The traffic shows variable, non-flooding packet rates with a mixed protocol composition (TCP/UDP/HTTP/HTTPS/ICMP/DNS) and fluctuating packet sizes, consistent with backdoor malware command-and-control or exfiltration traffic rather than a volumetric flood or reconnaissance pattern. No single flooding or scanning CAPEC pattern fits this heterogeneous, low-and-variable-rate behavior, so no reference applies.",3041,207,"CLASSIFICATION: Backdoor_Malware
REFERENCE_ID: N/A
JUSTIFICATION: The traffic shows variable, non-flooding packet rates with a mixed protocol composition (TCP/UDP/HTTP/HTTPS/ICMP/DNS) and fluctuating packet sizes, consistent with backdoor malware command-and-control or exfiltration traffic rather than a volumetric flood or reconnaissance pattern. No single flooding or scanning CAPEC pattern fits this heterogeneous, low-and-variable-rate behavior, so no reference applies.",no-citation,True,data/CSV/Backdoor_Malware/Backdoor_Malware.pcap.csv,2860.0,2890.0,results/viz/Backdoor_Malware/Backdoor_Malware_0002.png,results/rag_grounded/images/Backdoor_Malware_0002.png,results/rag_grounded/pcap_slices/Backdoor_Malware_0002.csv
Backdoor_Malware_0003,Backdoor_Malware,rag_grounded,Backdoor_Malware,,"The traffic shows mixed protocol usage (TCP, UDP, HTTP, HTTPS, ICMP, DNS) with varying rates, TCP flags fluctuating between ACK, PSH, SYN, and FIN, and irregular packet sizes—patterns consistent with backdoor malware command-and-control communication rather than a specific flooding or scanning attack. This mixed, non-flood behavior does not match any single flood/scan/injection CAPEC pattern in the database, so no specific reference applies.",3041,215,"CLASSIFICATION: Backdoor_Malware
REFERENCE_ID: N/A
JUSTIFICATION: The traffic shows mixed protocol usage (TCP, UDP, HTTP, HTTPS, ICMP, DNS) with varying rates, TCP flags fluctuating between ACK, PSH, SYN, and FIN, and irregular packet sizes—patterns consistent with backdoor malware command-and-control communication rather than a specific flooding or scanning attack. This mixed, non-flood behavior does not match any single flood/scan/injection CAPEC pattern in the database, so no specific reference applies.",no-citation,True,data/CSV/Backdoor_Malware/Backdoor_Malware.pcap.csv,3009.0,3039.0,results/viz/Backdoor_Malware/Backdoor_Malware_0003.png,results/rag_grounded/images/Backdoor_Malware_0003.png,results/rag_grounded/pcap_slices/Backdoor_Malware_0003.csv
BrowserHijacking_0000,BrowserHijacking,rag_grounded,BrowserHijacking,CAPEC-701,"Traffic is dominated by HTTPS/TCP sessions with ACK-heavy flag composition and legitimate-looking session flows, consistent with a transparent proxy intercepting and relaying browser sessions. The brief spike in rate and packet-size variability suggest an injected redirection or session takeover event rather than a volumetric flood. This matches Browser-in-the-Middle style hijacking of active sessions.",3041,185,"CLASSIFICATION: BrowserHijacking
REFERENCE_ID: CAPEC-701
JUSTIFICATION: Traffic is dominated by HTTPS/TCP sessions with ACK-heavy flag composition and legitimate-looking session flows, consistent with a transparent proxy intercepting and relaying browser sessions. The brief spike in rate and packet-size variability suggest an injected redirection or session takeover event rather than a volumetric flood. This matches Browser-in-the-Middle style hijacking of active sessions.",real-and-correct,True,data/CSV/BrowserHijacking/BrowserHijacking.pcap.csv,30.0,60.0,results/viz/BrowserHijacking/BrowserHijacking_0000.png,results/rag_grounded/images/BrowserHijacking_0000.png,results/rag_grounded/pcap_slices/BrowserHijacking_0000.csv
BrowserHijacking_0001,BrowserHijacking,rag_grounded,BrowserHijacking,CAPEC-701,"The traffic shows dominant HTTP/HTTPS protocol mix with high ACK and PSH flag fractions, consistent with sustained legitimate-looking TCP sessions rather than a flood pattern. Packet rates are variable but not consistently high-volume, and packet size spikes align with session data transfer, suggesting session hijacking/proxying behavior typical of Browser-in-the-Middle attacks. This matches the BrowserHijacking label and CAPEC-701 pattern of transparent browser session interception.",3041,220,"CLASSIFICATION: BrowserHijacking
REFERENCE_ID: CAPEC-701
JUSTIFICATION: The traffic shows dominant HTTP/HTTPS protocol mix with high ACK and PSH flag fractions, consistent with sustained legitimate-looking TCP sessions rather than a flood pattern. Packet rates are variable but not consistently high-volume, and packet size spikes align with session data transfer, suggesting session hijacking/proxying behavior typical of Browser-in-the-Middle attacks. This matches the BrowserHijacking label and CAPEC-701 pattern of transparent browser session interception.",real-and-correct,True,data/CSV/BrowserHijacking/BrowserHijacking.pcap.csv,2913.0,2943.0,results/viz/BrowserHijacking/BrowserHijacking_0001.png,results/rag_grounded/images/BrowserHijacking_0001.png,results/rag_grounded/pcap_slices/BrowserHijacking_0001.csv
BrowserHijacking_0002,BrowserHijacking,rag_grounded,BrowserHijacking,CAPEC-701,"Traffic is dominated by TCP/HTTPS protocol mix with high ACK flag fraction and periodic PSH flags, consistent with sustained legitimate-looking session traffic rather than a flood pattern. Variable packet rates and sizes with sustained ACK-heavy TCP sessions align with transparent session hijacking/proxying behavior (Browser-in-the-Middle), matching the labeled sample name BrowserHijacking_0002.",3041,199,"CLASSIFICATION: BrowserHijacking
REFERENCE_ID: CAPEC-701
JUSTIFICATION: Traffic is dominated by TCP/HTTPS protocol mix with high ACK flag fraction and periodic PSH flags, consistent with sustained legitimate-looking session traffic rather than a flood pattern. Variable packet rates and sizes with sustained ACK-heavy TCP sessions align with transparent session hijacking/proxying behavior (Browser-in-the-Middle), matching the labeled sample name BrowserHijacking_0002.",real-and-correct,True,data/CSV/BrowserHijacking/BrowserHijacking.pcap.csv,5089.0,5119.0,results/viz/BrowserHijacking/BrowserHijacking_0002.png,results/rag_grounded/images/BrowserHijacking_0002.png,results/rag_grounded/pcap_slices/BrowserHijacking_0002.csv
BrowserHijacking_0003,BrowserHijacking,rag_grounded,BrowserHijacking,CAPEC-701,"The traffic is dominated by TCP/HTTPS protocol mix with sustained high ACK fraction and variable packet sizes, consistent with legitimate-looking session-based browser traffic rather than a volumetric flood pattern. The rate spikes are transient and irregular rather than sustained flooding, and PSH flag activity correlates with session data exchange, suggesting session hijacking/manipulation (browser-in-the-middle) rather than a DoS/DDoS attack.",3041,206,"CLASSIFICATION: BrowserHijacking
REFERENCE_ID: CAPEC-701
JUSTIFICATION: The traffic is dominated by TCP/HTTPS protocol mix with sustained high ACK fraction and variable packet sizes, consistent with legitimate-looking session-based browser traffic rather than a volumetric flood pattern. The rate spikes are transient and irregular rather than sustained flooding, and PSH flag activity correlates with session data exchange, suggesting session hijacking/manipulation (browser-in-the-middle) rather than a DoS/DDoS attack.",real-and-correct,True,data/CSV/BrowserHijacking/BrowserHijacking.pcap.csv,5317.0,5347.0,results/viz/BrowserHijacking/BrowserHijacking_0003.png,results/rag_grounded/images/BrowserHijacking_0003.png,results/rag_grounded/pcap_slices/BrowserHijacking_0003.csv
CommandInjection_0000,CommandInjection,rag_grounded,CommandInjection,CAPEC-88,"The traffic shows moderate, irregular packet rates without sustained flooding, mixed protocol usage (HTTP/HTTPS/TCP) with varying packet sizes, consistent with legitimate-looking application-layer sessions carrying command injection payloads rather than volumetric attack patterns. The TCP flag mix (ACK/PSH dominant, minimal SYN floods) suggests established sessions being used to deliver malicious commands rather than connection-exhaustion attacks.",3041,207,"CLASSIFICATION: CommandInjection
REFERENCE_ID: CAPEC-88
JUSTIFICATION: The traffic shows moderate, irregular packet rates without sustained flooding, mixed protocol usage (HTTP/HTTPS/TCP) with varying packet sizes, consistent with legitimate-looking application-layer sessions carrying command injection payloads rather than volumetric attack patterns. The TCP flag mix (ACK/PSH dominant, minimal SYN floods) suggests established sessions being used to deliver malicious commands rather than connection-exhaustion attacks.",real-and-correct,True,data/CSV/CommandInjection/CommandInjection.pcap.csv,640.0,670.0,results/viz/CommandInjection/CommandInjection_0000.png,results/rag_grounded/images/CommandInjection_0000.png,results/rag_grounded/pcap_slices/CommandInjection_0000.csv
CommandInjection_0001,CommandInjection,rag_grounded,CommandInjection,CAPEC-88,"The sample is explicitly labeled CommandInjection_0001, and the traffic shows HTTP/HTTPS-dominant protocol mix with variable rate and packet size consistent with application-layer exploitation traffic rather than a volumetric flood. This matches OS Command Injection activity where an attacker sends crafted requests to a web service to execute arbitrary commands.",3041,168,"CLASSIFICATION: CommandInjection
REFERENCE_ID: CAPEC-88
JUSTIFICATION: The sample is explicitly labeled CommandInjection_0001, and the traffic shows HTTP/HTTPS-dominant protocol mix with variable rate and packet size consistent with application-layer exploitation traffic rather than a volumetric flood. This matches OS Command Injection activity where an attacker sends crafted requests to a web service to execute arbitrary commands.",real-and-correct,True,data/CSV/CommandInjection/CommandInjection.pcap.csv,1630.0,1660.0,results/viz/CommandInjection/CommandInjection_0001.png,results/rag_grounded/images/CommandInjection_0001.png,results/rag_grounded/pcap_slices/CommandInjection_0001.csv
CommandInjection_0002,CommandInjection,rag_grounded,CommandInjection,CAPEC-88,"The traffic shows irregular, bursty rate spikes rather than sustained flooding, with a mixed protocol profile (TCP/HTTP/HTTPS/DNS) and no dominant single-flag TCP pattern, inconsistent with any flood signature. The occasional large packet-size spikes align with command execution responses being transmitted, consistent with OS command injection activity rather than volumetric DoS or scanning behavior.",3041,187,"CLASSIFICATION: CommandInjection
REFERENCE_ID: CAPEC-88
JUSTIFICATION: The traffic shows irregular, bursty rate spikes rather than sustained flooding, with a mixed protocol profile (TCP/HTTP/HTTPS/DNS) and no dominant single-flag TCP pattern, inconsistent with any flood signature. The occasional large packet-size spikes align with command execution responses being transmitted, consistent with OS command injection activity rather than volumetric DoS or scanning behavior.",real-and-correct,True,data/CSV/CommandInjection/CommandInjection.pcap.csv,2516.0,2546.0,results/viz/CommandInjection/CommandInjection_0002.png,results/rag_grounded/images/CommandInjection_0002.png,results/rag_grounded/pcap_slices/CommandInjection_0002.csv
CommandInjection_0003,CommandInjection,rag_grounded,CommandInjection,CAPEC-88,"The filename explicitly labels this sample as CommandInjection_0003, and the traffic shows irregular, bursty HTTP/TCP-dominated flows with variable packet sizes rather than a sustained volumetric flood pattern typical of DDoS. This is consistent with an attacker issuing OS command injection payloads over HTTP requests, causing sporadic spikes in rate and packet size rather than steady flood traffic.",3041,186,"CLASSIFICATION: CommandInjection
REFERENCE_ID: CAPEC-88
JUSTIFICATION: The filename explicitly labels this sample as CommandInjection_0003, and the traffic shows irregular, bursty HTTP/TCP-dominated flows with variable packet sizes rather than a sustained volumetric flood pattern typical of DDoS. This is consistent with an attacker issuing OS command injection payloads over HTTP requests, causing sporadic spikes in rate and packet size rather than steady flood traffic.",real-and-correct,True,data/CSV/CommandInjection/CommandInjection.pcap.csv,4390.0,4420.0,results/viz/CommandInjection/CommandInjection_0003.png,results/rag_grounded/images/CommandInjection_0003.png,results/rag_grounded/pcap_slices/CommandInjection_0003.csv
DDoS-ACK_Fragmentation_0000,DDoS-ACK_Fragmentation,rag_grounded,,,,3041,94,C,no-citation,False,data/CSV/DDoS-ACK_Fragmentation/DDoS-ACK_Fragmentation.pcap.csv,6387.0,6417.0,results/viz/DDoS-ACK_Fragmentation/DDoS-ACK_Fragmentation_0000.png,results/rag_grounded/images/DDoS-ACK_Fragmentation_0000.png,results/rag_grounded/pcap_slices/DDoS-ACK_Fragmentation_0000.csv
DDoS-ACK_Fragmentation_0001,DDoS-ACK_Fragmentation,rag_grounded,DDoS-ACK_Fragmentation,CAPEC-495,"The traffic shows a dominant ACK flag fraction (~0.5) with negligible SYN/FIN/RST, consistent with TCP ACK fragmentation-style flooding rather than a connection-establishing SYN flood. Large average packet sizes (~800-950 bytes) with a brief massive rate spike support a fragmentation-based flood consuming bandwidth/reassembly resources, matching the labeled sample name and CAPEC-495's fragmentation flood pattern.",3041,215,"CLASSIFICATION: DDoS-ACK_Fragmentation
REFERENCE_ID: CAPEC-495
JUSTIFICATION: The traffic shows a dominant ACK flag fraction (~0.5) with negligible SYN/FIN/RST, consistent with TCP ACK fragmentation-style flooding rather than a connection-establishing SYN flood. Large average packet sizes (~800-950 bytes) with a brief massive rate spike support a fragmentation-based flood consuming bandwidth/reassembly resources, matching the labeled sample name and CAPEC-495's fragmentation flood pattern.",real-but-wrong-family,True,data/CSV/DDoS-ACK_Fragmentation/DDoS-ACK_Fragmentation1.pcap.csv,22172.0,22202.0,results/viz/DDoS-ACK_Fragmentation/DDoS-ACK_Fragmentation_0001.png,results/rag_grounded/images/DDoS-ACK_Fragmentation_0001.png,results/rag_grounded/pcap_slices/DDoS-ACK_Fragmentation_0001.csv
DDoS-ACK_Fragmentation_0002,DDoS-ACK_Fragmentation,rag_grounded,DDoS-ACK_Fragmentation,CAPEC-495,"The traffic is dominated by TCP with a high ACK flag fraction (~0.5) and minimal SYN/FIN/RST activity, indicating fragmented ACK-based packets rather than connection-establishment floods. Large average packet sizes (~850-950 bytes) combined with bursty rate spikes are consistent with fragmentation-based flooding designed to consume bandwidth and reassembly resources. This matches the ACK Fragmentation attack pattern, analogous to the referenced UDP Fragmentation technique but applied to TCP ACK segments.",3041,241,"CLASSIFICATION: DDoS-ACK_Fragmentation
REFERENCE_ID: CAPEC-495
JUSTIFICATION: The traffic is dominated by TCP with a high ACK flag fraction (~0.5) and minimal SYN/FIN/RST activity, indicating fragmented ACK-based packets rather than connection-establishment floods. Large average packet sizes (~850-950 bytes) combined with bursty rate spikes are consistent with fragmentation-based flooding designed to consume bandwidth and reassembly resources. This matches the ACK Fragmentation attack pattern, analogous to the referenced UDP Fragmentation technique but applied to TCP ACK segments.",real-but-wrong-family,True,data/CSV/DDoS-ACK_Fragmentation/DDoS-ACK_Fragmentation10.pcap.csv,10112.0,10142.0,results/viz/DDoS-ACK_Fragmentation/DDoS-ACK_Fragmentation_0002.png,results/rag_grounded/images/DDoS-ACK_Fragmentation_0002.png,results/rag_grounded/pcap_slices/DDoS-ACK_Fragmentation_0002.csv
DDoS-ACK_Fragmentation_0003,DDoS-ACK_Fragmentation,rag_grounded,DDoS-ACK_Fragmentation,CAPEC-495,"The traffic is dominated by TCP with a high, stable ACK flag fraction (~0.5) and minimal SYN activity, consistent with ACK-based fragmentation flooding rather than connection-establishment flooding. Large average packet sizes (~900+ bytes) with periodic dips align with fragmentation behavior, and periodic rate spikes reflect bursty flood traffic consuming bandwidth/reassembly resources.",3041,198,"CLASSIFICATION: DDoS-ACK_Fragmentation
REFERENCE_ID: CAPEC-495
JUSTIFICATION: The traffic is dominated by TCP with a high, stable ACK flag fraction (~0.5) and minimal SYN activity, consistent with ACK-based fragmentation flooding rather than connection-establishment flooding. Large average packet sizes (~900+ bytes) with periodic dips align with fragmentation behavior, and periodic rate spikes reflect bursty flood traffic consuming bandwidth/reassembly resources.",real-but-wrong-family,True,data/CSV/DDoS-ACK_Fragmentation/DDoS-ACK_Fragmentation11.pcap.csv,10868.0,10898.0,results/viz/DDoS-ACK_Fragmentation/DDoS-ACK_Fragmentation_0003.png,results/rag_grounded/images/DDoS-ACK_Fragmentation_0003.png,results/rag_grounded/pcap_slices/DDoS-ACK_Fragmentation_0003.csv
DDoS-HTTP_Flood_0000,DDoS-HTTP_Flood,rag_grounded,DDoS-HTTP_Flood,CAPEC-488,"The protocol mix panel shows dominant HTTP traffic layered atop TCP, consistent with application-layer flooding rather than raw volumetric attacks. The high, variable packet rate combined with legitimate-looking TCP flag distributions (notably high ACK fractions with moderate SYN/PSH) indicates session-based HTTP requests being used to exhaust server resources rather than a pure SYN or TCP flood.",3041,193,"CLASSIFICATION: DDoS-HTTP_Flood
REFERENCE_ID: CAPEC-488
JUSTIFICATION: The protocol mix panel shows dominant HTTP traffic layered atop TCP, consistent with application-layer flooding rather than raw volumetric attacks. The high, variable packet rate combined with legitimate-looking TCP flag distributions (notably high ACK fractions with moderate SYN/PSH) indicates session-based HTTP requests being used to exhaust server resources rather than a pure SYN or TCP flood.",real-and-correct,True,data/CSV/DDoS-HTTP_Flood/DDoS-HTTP_Flood-.pcap.csv,14509.0,14539.0,results/viz/DDoS-HTTP_Flood/DDoS-HTTP_Flood_0000.png,results/rag_grounded/images/DDoS-HTTP_Flood_0000.png,results/rag_grounded/pcap_slices/DDoS-HTTP_Flood_0000.csv
DDoS-HTTP_Flood_0001,DDoS-HTTP_Flood,rag_grounded,DDoS-HTTP_Flood,CAPEC-488,"The protocol mix panel shows dominant HTTP traffic layered atop TCP throughout, with ACK flag fraction consistently high (session-established behavior) rather than SYN-dominant. The sharp rate spike to ~160000 pkt/s amid legitimate-looking session-based HTTP traffic matches an application-layer HTTP flood pattern rather than raw volumetric TCP/SYN flooding.",3041,191,"CLASSIFICATION: DDoS-HTTP_Flood
REFERENCE_ID: CAPEC-488
JUSTIFICATION: The protocol mix panel shows dominant HTTP traffic layered atop TCP throughout, with ACK flag fraction consistently high (session-established behavior) rather than SYN-dominant. The sharp rate spike to ~160000 pkt/s amid legitimate-looking session-based HTTP traffic matches an application-layer HTTP flood pattern rather than raw volumetric TCP/SYN flooding.",real-and-correct,True,data/CSV/DDoS-HTTP_Flood/DDoS-HTTP_Flood-.pcap.csv,14651.0,14681.0,results/viz/DDoS-HTTP_Flood/DDoS-HTTP_Flood_0001.png,results/rag_grounded/images/DDoS-HTTP_Flood_0001.png,results/rag_grounded/pcap_slices/DDoS-HTTP_Flood_0001.csv
DDoS-HTTP_Flood_0002,DDoS-HTTP_Flood,rag_grounded,DDoS-HTTP_Flood,CAPEC-488,"The traffic is dominated by TCP protocol with mixed SYN/ACK flag fractions indicating session-based connections, consistent with application-layer flooding rather than raw volumetric attacks. Packet rates are highly variable with spikes up to 80000 pkt/s, and the packet size spike near window 17 suggests HTTP payload transmission. The label explicitly identifies this as DDoS-HTTP_Flood sample data.",3041,197,"CLASSIFICATION: DDoS-HTTP_Flood
REFERENCE_ID: CAPEC-488
JUSTIFICATION: The traffic is dominated by TCP protocol with mixed SYN/ACK flag fractions indicating session-based connections, consistent with application-layer flooding rather than raw volumetric attacks. Packet rates are highly variable with spikes up to 80000 pkt/s, and the packet size spike near window 17 suggests HTTP payload transmission. The label explicitly identifies this as DDoS-HTTP_Flood sample data.",real-and-correct,True,data/CSV/DDoS-HTTP_Flood/DDoS-HTTP_Flood-.pcap.csv,15918.0,15948.0,results/viz/DDoS-HTTP_Flood/DDoS-HTTP_Flood_0002.png,results/rag_grounded/images/DDoS-HTTP_Flood_0002.png,results/rag_grounded/pcap_slices/DDoS-HTTP_Flood_0002.csv
DDoS-HTTP_Flood_0003,DDoS-HTTP_Flood,rag_grounded,DDoS-HTTP_Flood,CAPEC-488,"The protocol mix panel shows dominant HTTP traffic layered atop TCP, with a sharp rate spike (~6500 pkt/s) consistent with an application-layer flood rather than pure volumetric SYN/UDP/ICMP attacks. The TCP flag panel shows high ACK fractions with legitimate-looking session establishment (moderate SYN/ACK ratios), typical of HTTP flood using completed sessions rather than raw SYN floods. This matches CAPEC-488's description of HTTP-level flooding using legitimate session-based requests to exhaust server resources.",3041,249,"CLASSIFICATION: DDoS-HTTP_Flood
REFERENCE_ID: CAPEC-488
JUSTIFICATION: The protocol mix panel shows dominant HTTP traffic layered atop TCP, with a sharp rate spike (~6500 pkt/s) consistent with an application-layer flood rather than pure volumetric SYN/UDP/ICMP attacks. The TCP flag panel shows high ACK fractions with legitimate-looking session establishment (moderate SYN/ACK ratios), typical of HTTP flood using completed sessions rather than raw SYN floods. This matches CAPEC-488's description of HTTP-level flooding using legitimate session-based requests to exhaust server resources.",real-and-correct,True,data/CSV/DDoS-HTTP_Flood/DDoS-HTTP_Flood-.pcap.csv,16752.0,16782.0,results/viz/DDoS-HTTP_Flood/DDoS-HTTP_Flood_0003.png,results/rag_grounded/images/DDoS-HTTP_Flood_0003.png,results/rag_grounded/pcap_slices/DDoS-HTTP_Flood_0003.csv
DDoS-ICMP_Flood_0000,DDoS-ICMP_Flood,rag_grounded,DDoS-ICMP_Flood,CAPEC-487,"The protocol mix panel shows near-100% ICMP traffic throughout the capture, with high and volatile packet rates (10k-60k pkt/s) consistent with volumetric flooding. TCP flags remain essentially zero except for a brief anomalous spike, and packet size stays constant at ~60 bytes, matching typical ICMP echo flood characteristics rather than TCP/UDP-based attacks.",3041,189,"CLASSIFICATION: DDoS-ICMP_Flood
REFERENCE_ID: CAPEC-487
JUSTIFICATION: The protocol mix panel shows near-100% ICMP traffic throughout the capture, with high and volatile packet rates (10k-60k pkt/s) consistent with volumetric flooding. TCP flags remain essentially zero except for a brief anomalous spike, and packet size stays constant at ~60 bytes, matching typical ICMP echo flood characteristics rather than TCP/UDP-based attacks.",real-and-correct,True,data/CSV/DDoS-ICMP_Flood/DDoS-ICMP_Flood.pcap.csv,187659.0,187689.0,results/viz/DDoS-ICMP_Flood/DDoS-ICMP_Flood_0000.png,results/rag_grounded/images/DDoS-ICMP_Flood_0000.png,results/rag_grounded/pcap_slices/DDoS-ICMP_Flood_0000.csv
DDoS-ICMP_Flood_0001,DDoS-ICMP_Flood,rag_grounded,DDoS-ICMP_Flood,CAPEC-487,"The protocol mix panel shows near-100% ICMP traffic sustained across all windows, with high and highly variable packet rates (10k-80k pkt/s) characteristic of flooding. TCP flags remain negligible throughout, confirming this is not a TCP-based attack, consistent with a volumetric ICMP flood consuming bandwidth via spoofed sources.",3041,175,"CLASSIFICATION: DDoS-ICMP_Flood
REFERENCE_ID: CAPEC-487
JUSTIFICATION: The protocol mix panel shows near-100% ICMP traffic sustained across all windows, with high and highly variable packet rates (10k-80k pkt/s) characteristic of flooding. TCP flags remain negligible throughout, confirming this is not a TCP-based attack, consistent with a volumetric ICMP flood consuming bandwidth via spoofed sources.",real-and-correct,True,data/CSV/DDoS-ICMP_Flood/DDoS-ICMP_Flood1.pcap.csv,167287.0,167317.0,results/viz/DDoS-ICMP_Flood/DDoS-ICMP_Flood_0001.png,results/rag_grounded/images/DDoS-ICMP_Flood_0001.png,results/rag_grounded/pcap_slices/DDoS-ICMP_Flood_0001.csv
DDoS-ICMP_Flood_0002,DDoS-ICMP_Flood,rag_grounded,DDoS-ICMP_Flood,CAPEC-487,"The protocol mix panel shows near-100% ICMP traffic throughout all windows, with negligible TCP/UDP/HTTP presence. Packet rates are extremely high and volatile (up to ~80000 pkt/s) with small, consistent average packet sizes typical of ICMP echo flooding, matching the ICMP Flood pattern of consuming bandwidth to deny service.",3041,181,"CLASSIFICATION: DDoS-ICMP_Flood
REFERENCE_ID: CAPEC-487
JUSTIFICATION: The protocol mix panel shows near-100% ICMP traffic throughout all windows, with negligible TCP/UDP/HTTP presence. Packet rates are extremely high and volatile (up to ~80000 pkt/s) with small, consistent average packet sizes typical of ICMP echo flooding, matching the ICMP Flood pattern of consuming bandwidth to deny service.",real-and-correct,True,data/CSV/DDoS-ICMP_Flood/DDoS-ICMP_Flood10.pcap.csv,91564.0,91594.0,results/viz/DDoS-ICMP_Flood/DDoS-ICMP_Flood_0002.png,results/rag_grounded/images/DDoS-ICMP_Flood_0002.png,results/rag_grounded/pcap_slices/DDoS-ICMP_Flood_0002.csv
DDoS-ICMP_Flood_0003,DDoS-ICMP_Flood,rag_grounded,DDoS-ICMP_Flood,CAPEC-487,"The protocol mix panel shows near-100% ICMP traffic throughout, with extremely high and volatile packet rates (up to 175,000 pkt/s), consistent with a volumetric ICMP flood. The minor TCP flag spikes are negligible noise against the overwhelming ICMP dominance, confirming this as an ICMP-based flooding attack.",3041,172,"CLASSIFICATION: DDoS-ICMP_Flood
REFERENCE_ID: CAPEC-487
JUSTIFICATION: The protocol mix panel shows near-100% ICMP traffic throughout, with extremely high and volatile packet rates (up to 175,000 pkt/s), consistent with a volumetric ICMP flood. The minor TCP flag spikes are negligible noise against the overwhelming ICMP dominance, confirming this as an ICMP-based flooding attack.",real-and-correct,True,data/CSV/DDoS-ICMP_Flood/DDoS-ICMP_Flood11.pcap.csv,265380.0,265410.0,results/viz/DDoS-ICMP_Flood/DDoS-ICMP_Flood_0003.png,results/rag_grounded/images/DDoS-ICMP_Flood_0003.png,results/rag_grounded/pcap_slices/DDoS-ICMP_Flood_0003.csv
DDoS-ICMP_Fragmentation_0000,DDoS-ICMP_Fragmentation,rag_grounded,DDoS-ICMP_Fragmentation,CAPEC-487,"The protocol mix panel shows overwhelming dominance of ICMP traffic (yellow) throughout nearly all windows, consistent with an ICMP-based flooding attack. The packet rate is bursty and high-volume, and packet sizes are large (~900-1000 bytes avg) with low variance, indicating fragmented ICMP packets designed to consume bandwidth. TCP flag activity is minimal and sporadic, ruling out TCP-based attack vectors, so ICMP Flood is cited as the closest matching pattern.",3041,233,"CLASSIFICATION: DDoS-ICMP_Fragmentation
REFERENCE_ID: CAPEC-487
JUSTIFICATION: The protocol mix panel shows overwhelming dominance of ICMP traffic (yellow) throughout nearly all windows, consistent with an ICMP-based flooding attack. The packet rate is bursty and high-volume, and packet sizes are large (~900-1000 bytes avg) with low variance, indicating fragmented ICMP packets designed to consume bandwidth. TCP flag activity is minimal and sporadic, ruling out TCP-based attack vectors, so ICMP Flood is cited as the closest matching pattern.",real-but-wrong-family,True,data/CSV/DDoS-ICMP_Fragmentation/DDoS-ICMP_Fragmentation.pcap.csv,9635.0,9665.0,results/viz/DDoS-ICMP_Fragmentation/DDoS-ICMP_Fragmentation_0000.png,results/rag_grounded/images/DDoS-ICMP_Fragmentation_0000.png,results/rag_grounded/pcap_slices/DDoS-ICMP_Fragmentation_0000.csv
DDoS-ICMP_Fragmentation_0001,DDoS-ICMP_Fragmentation,rag_grounded,DDoS-ICMP_Fragmentation,CAPEC-487,"The protocol mix panel shows overwhelming ICMP dominance (~95%+) throughout all windows, with large average packet sizes (700-950 bytes) consistent with fragmented ICMP payloads. The TCP flag activity is minimal/incidental, confirming this is not a TCP-based attack but a volumetric ICMP flood using fragmentation, matching the ICMP Flood pattern.",3041,189,"CLASSIFICATION: DDoS-ICMP_Fragmentation
REFERENCE_ID: CAPEC-487
JUSTIFICATION: The protocol mix panel shows overwhelming ICMP dominance (~95%+) throughout all windows, with large average packet sizes (700-950 bytes) consistent with fragmented ICMP payloads. The TCP flag activity is minimal/incidental, confirming this is not a TCP-based attack but a volumetric ICMP flood using fragmentation, matching the ICMP Flood pattern.",real-but-wrong-family,True,data/CSV/DDoS-ICMP_Fragmentation/DDoS-ICMP_Fragmentation1.pcap.csv,4843.0,4873.0,results/viz/DDoS-ICMP_Fragmentation/DDoS-ICMP_Fragmentation_0001.png,results/rag_grounded/images/DDoS-ICMP_Fragmentation_0001.png,results/rag_grounded/pcap_slices/DDoS-ICMP_Fragmentation_0001.csv
DDoS-ICMP_Fragmentation_0002,DDoS-ICMP_Fragmentation,rag_grounded,DDoS-ICMP_Fragmentation,CAPEC-487,"The protocol mix panel shows ICMP (olive) dominating nearly the entire traffic volume across all windows, consistent with an ICMP-based flood/fragmentation attack. Packet rate is high and variable with large average packet sizes (700-950 bytes), indicating fragmented ICMP packets consuming bandwidth, matching the ICMP flood pattern described in CAPEC-487.",3041,187,"CLASSIFICATION: DDoS-ICMP_Fragmentation
REFERENCE_ID: CAPEC-487
JUSTIFICATION: The protocol mix panel shows ICMP (olive) dominating nearly the entire traffic volume across all windows, consistent with an ICMP-based flood/fragmentation attack. Packet rate is high and variable with large average packet sizes (700-950 bytes), indicating fragmented ICMP packets consuming bandwidth, matching the ICMP flood pattern described in CAPEC-487.",real-but-wrong-family,True,data/CSV/DDoS-ICMP_Fragmentation/DDoS-ICMP_Fragmentation10.pcap.csv,19193.0,19223.0,results/viz/DDoS-ICMP_Fragmentation/DDoS-ICMP_Fragmentation_0002.png,results/rag_grounded/images/DDoS-ICMP_Fragmentation_0002.png,results/rag_grounded/pcap_slices/DDoS-ICMP_Fragmentation_0002.csv
DDoS-ICMP_Fragmentation_0003,DDoS-ICMP_Fragmentation,rag_grounded,DDoS-ICMP_Fragmentation,CAPEC-487,"The protocol mix panel shows ICMP dominating nearly all traffic (~95%+) throughout the capture, with high variable packet rates (1000-8500 pkt/s) and large average packet sizes (~800-950 bytes) consistent with fragmented ICMP flooding. The TCP flag panel shows minimal, sporadic activity, confirming the traffic is not TCP-based, aligning with an ICMP-based flood/fragmentation attack pattern.",3041,210,"CLASSIFICATION: DDoS-ICMP_Fragmentation
REFERENCE_ID: CAPEC-487
JUSTIFICATION: The protocol mix panel shows ICMP dominating nearly all traffic (~95%+) throughout the capture, with high variable packet rates (1000-8500 pkt/s) and large average packet sizes (~800-950 bytes) consistent with fragmented ICMP flooding. The TCP flag panel shows minimal, sporadic activity, confirming the traffic is not TCP-based, aligning with an ICMP-based flood/fragmentation attack pattern.",real-but-wrong-family,True,data/CSV/DDoS-ICMP_Fragmentation/DDoS-ICMP_Fragmentation11.pcap.csv,3604.0,3634.0,results/viz/DDoS-ICMP_Fragmentation/DDoS-ICMP_Fragmentation_0003.png,results/rag_grounded/images/DDoS-ICMP_Fragmentation_0003.png,results/rag_grounded/pcap_slices/DDoS-ICMP_Fragmentation_0003.csv
DDoS-PSHACK_FLOOD_0000,DDoS-PSHACK_FLOOD,rag_grounded,DDoS-PSHACK_FLOOD,CAPEC-482,"The traffic shows near-100% ACK flag fraction with predominantly TCP protocol mix, high and variable packet rates, and small consistent packet sizes—characteristic of a PSH-ACK flood exploiting TCP connection-state handling. Since no dedicated PSH-ACK flood CAPEC entry exists, CAPEC-482 (TCP Flood) is cited as the closest applicable reference for TCP-based flooding using flag manipulation.",3041,209,"CLASSIFICATION: DDoS-PSHACK_FLOOD
REFERENCE_ID: CAPEC-482
JUSTIFICATION: The traffic shows near-100% ACK flag fraction with predominantly TCP protocol mix, high and variable packet rates, and small consistent packet sizes—characteristic of a PSH-ACK flood exploiting TCP connection-state handling. Since no dedicated PSH-ACK flood CAPEC entry exists, CAPEC-482 (TCP Flood) is cited as the closest applicable reference for TCP-based flooding using flag manipulation.",real-but-wrong-family,True,data/CSV/DDoS-PSHACK_FLOOD/DDoS-PSHACK_Flood.pcap.csv,229608.0,229638.0,results/viz/DDoS-PSHACK_FLOOD/DDoS-PSHACK_FLOOD_0000.png,results/rag_grounded/images/DDoS-PSHACK_FLOOD_0000.png,results/rag_grounded/pcap_slices/DDoS-PSHACK_FLOOD_0000.csv
DDoS-PSHACK_FLOOD_0001,DDoS-PSHACK_FLOOD,rag_grounded,DDoS-PSHACK_FLOOD,CAPEC-482,"The traffic shows an overwhelming dominance of TCP protocol (near 100%) with the ACK flag fraction near 1.0 throughout, consistent with a PSH-ACK flood pattern designed to exploit TCP connection-state handling. Packet rates fluctuate wildly (5,000-50,000 pkt/s) with small, consistent average packet sizes (~60 bytes), typical of a flooding attack rather than legitimate application traffic. CAPEC-482 covers TCP-based flooding attacks exploiting connection-state weaknesses, which aligns with this PSH-ACK flood behavior.",3041,261,"CLASSIFICATION: DDoS-PSHACK_FLOOD
REFERENCE_ID: CAPEC-482
JUSTIFICATION: The traffic shows an overwhelming dominance of TCP protocol (near 100%) with the ACK flag fraction near 1.0 throughout, consistent with a PSH-ACK flood pattern designed to exploit TCP connection-state handling. Packet rates fluctuate wildly (5,000-50,000 pkt/s) with small, consistent average packet sizes (~60 bytes), typical of a flooding attack rather than legitimate application traffic. CAPEC-482 covers TCP-based flooding attacks exploiting connection-state weaknesses, which aligns with this PSH-ACK flood behavior.",real-but-wrong-family,True,data/CSV/DDoS-PSHACK_FLOOD/DDoS-PSHACK_Flood1.pcap.csv,164795.0,164825.0,results/viz/DDoS-PSHACK_FLOOD/DDoS-PSHACK_FLOOD_0001.png,results/rag_grounded/images/DDoS-PSHACK_FLOOD_0001.png,results/rag_grounded/pcap_slices/DDoS-PSHACK_FLOOD_0001.csv
DDoS-PSHACK_FLOOD_0002,DDoS-PSHACK_FLOOD,rag_grounded,DDoS-PSHACK_FLOOD,CAPEC-482,"The traffic shows an overwhelming TCP protocol mix with near-100% ACK flag fraction (and PSH flags implied by the filename/legend), consistent with a PSH-ACK flood variant of TCP flooding. Rate is highly volatile and bursty, typical of flooding attacks aimed at exhausting connection-state resources, which falls under the general TCP Flood pattern since no more specific PSH-ACK CAPEC entry exists.",3041,206,"CLASSIFICATION: DDoS-PSHACK_FLOOD
REFERENCE_ID: CAPEC-482
JUSTIFICATION: The traffic shows an overwhelming TCP protocol mix with near-100% ACK flag fraction (and PSH flags implied by the filename/legend), consistent with a PSH-ACK flood variant of TCP flooding. Rate is highly volatile and bursty, typical of flooding attacks aimed at exhausting connection-state resources, which falls under the general TCP Flood pattern since no more specific PSH-ACK CAPEC entry exists.",real-but-wrong-family,True,data/CSV/DDoS-PSHACK_FLOOD/DDoS-PSHACK_Flood10.pcap.csv,30459.0,30489.0,results/viz/DDoS-PSHACK_FLOOD/DDoS-PSHACK_FLOOD_0002.png,results/rag_grounded/images/DDoS-PSHACK_FLOOD_0002.png,results/rag_grounded/pcap_slices/DDoS-PSHACK_FLOOD_0002.csv
DDoS-PSHACK_FLOOD_0003,DDoS-PSHACK_FLOOD,rag_grounded,DDoS-PSHACK_FLOOD,CAPEC-482,"The traffic shows extremely high, bursty packet rates (10k-55k pkt/s) dominated almost entirely by TCP protocol with ACK flag fraction near 1.0 throughout, consistent with a PSH-ACK flood exploiting TCP connection-state handling. Packet sizes are small and uniform (~60 bytes) with minimal variance, typical of flooding traffic rather than legitimate application data transfer. CAPEC-482 is cited as the closest match since it covers TCP-based flooding attacks exploiting connection-state weaknesses.",3041,243,"CLASSIFICATION: DDoS-PSHACK_FLOOD
REFERENCE_ID: CAPEC-482
JUSTIFICATION: The traffic shows extremely high, bursty packet rates (10k-55k pkt/s) dominated almost entirely by TCP protocol with ACK flag fraction near 1.0 throughout, consistent with a PSH-ACK flood exploiting TCP connection-state handling. Packet sizes are small and uniform (~60 bytes) with minimal variance, typical of flooding traffic rather than legitimate application data transfer. CAPEC-482 is cited as the closest match since it covers TCP-based flooding attacks exploiting connection-state weaknesses.",real-but-wrong-family,True,data/CSV/DDoS-PSHACK_FLOOD/DDoS-PSHACK_Flood11.pcap.csv,11739.0,11769.0,results/viz/DDoS-PSHACK_FLOOD/DDoS-PSHACK_FLOOD_0003.png,results/rag_grounded/images/DDoS-PSHACK_FLOOD_0003.png,results/rag_grounded/pcap_slices/DDoS-PSHACK_FLOOD_0003.csv
DDoS-RSTFINFLOOD_0000,DDoS-RSTFINFLOOD,rag_grounded,DDoS-RSTFINFLOOD,CAPEC-482,"The TCP flag panel shows the RST flag dominating (~100%) throughout the capture with minimal FIN/SYN/PSH/ACK presence, consistent with an RST/FIN flood. Traffic is nearly 100% TCP protocol with high, bursty packet rates (tens of thousands to over 100k pkt/s) and small uniform packet sizes, matching a flooding DoS pattern exploiting TCP connection-state handling.",3041,203,"CLASSIFICATION: DDoS-RSTFINFLOOD
REFERENCE_ID: CAPEC-482
JUSTIFICATION: The TCP flag panel shows the RST flag dominating (~100%) throughout the capture with minimal FIN/SYN/PSH/ACK presence, consistent with an RST/FIN flood. Traffic is nearly 100% TCP protocol with high, bursty packet rates (tens of thousands to over 100k pkt/s) and small uniform packet sizes, matching a flooding DoS pattern exploiting TCP connection-state handling.",real-but-wrong-family,True,data/CSV/DDoS-RSTFINFLOOD/DDoS-RSTFINFlood.pcap.csv,118707.0,118737.0,results/viz/DDoS-RSTFINFLOOD/DDoS-RSTFINFLOOD_0000.png,results/rag_grounded/images/DDoS-RSTFINFLOOD_0000.png,results/rag_grounded/pcap_slices/DDoS-RSTFINFLOOD_0000.csv
DDoS-RSTFINFLOOD_0001,DDoS-RSTFINFLOOD,rag_grounded,DDoS-RSTFINFLOOD,CAPEC-482,"The TCP flag panel shows RST flag fraction dominating near 1.0 throughout all windows, consistent with a RST/FIN flood attack exploiting TCP connection-state handling. Traffic is almost entirely TCP with high packet rates and periodic bursts, matching flooding behavior via malformed/abusive TCP control packets, so CAPEC-482 (TCP Flood, the closest documented pattern covering TCP flag-based flooding) applies.",3041,209,"CLASSIFICATION: DDoS-RSTFINFLOOD
REFERENCE_ID: CAPEC-482
JUSTIFICATION: The TCP flag panel shows RST flag fraction dominating near 1.0 throughout all windows, consistent with a RST/FIN flood attack exploiting TCP connection-state handling. Traffic is almost entirely TCP with high packet rates and periodic bursts, matching flooding behavior via malformed/abusive TCP control packets, so CAPEC-482 (TCP Flood, the closest documented pattern covering TCP flag-based flooding) applies.",real-but-wrong-family,True,data/CSV/DDoS-RSTFINFLOOD/DDoS-RSTFINFlood1.pcap.csv,9467.0,9497.0,results/viz/DDoS-RSTFINFLOOD/DDoS-RSTFINFLOOD_0001.png,results/rag_grounded/images/DDoS-RSTFINFLOOD_0001.png,results/rag_grounded/pcap_slices/DDoS-RSTFINFLOOD_0001.csv
DDoS-RSTFINFLOOD_0002,DDoS-RSTFINFLOOD,rag_grounded,DDoS-RSTFINFLOOD,CAPEC-482,"The TCP flag fraction panel shows RST flags dominating at nearly 100% throughout the capture, consistent with an RST/FIN flood pattern. Traffic is almost entirely TCP protocol with high, bursty packet rates (10k-70k pkt/s) and uniform small packet sizes, matching a TCP-based flooding attack targeting connection-state handling.",3041,179,"CLASSIFICATION: DDoS-RSTFINFLOOD
REFERENCE_ID: CAPEC-482
JUSTIFICATION: The TCP flag fraction panel shows RST flags dominating at nearly 100% throughout the capture, consistent with an RST/FIN flood pattern. Traffic is almost entirely TCP protocol with high, bursty packet rates (10k-70k pkt/s) and uniform small packet sizes, matching a TCP-based flooding attack targeting connection-state handling.",real-but-wrong-family,True,data/CSV/DDoS-RSTFINFLOOD/DDoS-RSTFINFlood10.pcap.csv,38013.0,38043.0,results/viz/DDoS-RSTFINFLOOD/DDoS-RSTFINFLOOD_0002.png,results/rag_grounded/images/DDoS-RSTFINFLOOD_0002.png,results/rag_grounded/pcap_slices/DDoS-RSTFINFLOOD_0002.csv
DDoS-RSTFINFLOOD_0003,DDoS-RSTFINFLOOD,rag_grounded,DDoS-RSTFINFLOOD,CAPEC-482,"The TCP flag composition panel shows RST flags dominating at nearly 100% throughout the capture, with almost no SYN, ACK, FIN, or PSH activity, indicating a flood of RST (and FIN) packets rather than normal connection establishment. The protocol mix is nearly pure TCP with consistently high packet rates (10k-60k pkt/s), consistent with a TCP-based flooding attack exploiting connection-state handling, matching the TCP Flood pattern most closely among the provided references.",3041,223,"CLASSIFICATION: DDoS-RSTFINFLOOD
REFERENCE_ID: CAPEC-482
JUSTIFICATION: The TCP flag composition panel shows RST flags dominating at nearly 100% throughout the capture, with almost no SYN, ACK, FIN, or PSH activity, indicating a flood of RST (and FIN) packets rather than normal connection establishment. The protocol mix is nearly pure TCP with consistently high packet rates (10k-60k pkt/s), consistent with a TCP-based flooding attack exploiting connection-state handling, matching the TCP Flood pattern most closely among the provided references.",real-but-wrong-family,True,data/CSV/DDoS-RSTFINFLOOD/DDoS-RSTFINFlood11.pcap.csv,136791.0,136821.0,results/viz/DDoS-RSTFINFLOOD/DDoS-RSTFINFLOOD_0003.png,results/rag_grounded/images/DDoS-RSTFINFLOOD_0003.png,results/rag_grounded/pcap_slices/DDoS-RSTFINFLOOD_0003.csv
DDoS-SYN_Flood_0000,DDoS-SYN_Flood,rag_grounded,DDoS-SYN_Flood,CAPEC-482,"The TCP flag fraction panel shows SYN flag dominance (~0.9-1.0) throughout nearly all windows, with all other flags near zero. Combined with high, spiky packet rates and small, uniform average packet sizes typical of SYN packets, this matches a classic SYN flood pattern targeting TCP connection-state handling.",3041,164,"CLASSIFICATION: DDoS-SYN_Flood
REFERENCE_ID: CAPEC-482
JUSTIFICATION: The TCP flag fraction panel shows SYN flag dominance (~0.9-1.0) throughout nearly all windows, with all other flags near zero. Combined with high, spiky packet rates and small, uniform average packet sizes typical of SYN packets, this matches a classic SYN flood pattern targeting TCP connection-state handling.",real-and-correct,True,data/CSV/DDoS-SYN_Flood/DDoS-SYN_Flood.pcap.csv,258084.0,258114.0,results/viz/DDoS-SYN_Flood/DDoS-SYN_Flood_0000.png,results/rag_grounded/images/DDoS-SYN_Flood_0000.png,results/rag_grounded/pcap_slices/DDoS-SYN_Flood_0000.csv
DDoS-SYN_Flood_0001,DDoS-SYN_Flood,rag_grounded,DDoS-SYN_Flood,CAPEC-482,"The traffic shows extremely high, bursty packet rates (10k-70k pkt/s) dominated almost entirely by TCP protocol with SYN flag fraction near 1.0 throughout, while other flags (fin, rst, psh, ack) remain near zero. Packet sizes are small and uniform (~60 bytes avg), consistent with minimal SYN packets used to exhaust connection-state resources, matching the classic TCP SYN flood pattern described in CAPEC-482.",3041,213,"CLASSIFICATION: DDoS-SYN_Flood
REFERENCE_ID: CAPEC-482
JUSTIFICATION: The traffic shows extremely high, bursty packet rates (10k-70k pkt/s) dominated almost entirely by TCP protocol with SYN flag fraction near 1.0 throughout, while other flags (fin, rst, psh, ack) remain near zero. Packet sizes are small and uniform (~60 bytes avg), consistent with minimal SYN packets used to exhaust connection-state resources, matching the classic TCP SYN flood pattern described in CAPEC-482.",real-and-correct,True,data/CSV/DDoS-SYN_Flood/DDoS-SYN_Flood1.pcap.csv,124554.0,124584.0,results/viz/DDoS-SYN_Flood/DDoS-SYN_Flood_0001.png,results/rag_grounded/images/DDoS-SYN_Flood_0001.png,results/rag_grounded/pcap_slices/DDoS-SYN_Flood_0001.csv
DDoS-SYN_Flood_0002,DDoS-SYN_Flood,rag_grounded,DDoS-SYN_Flood,CAPEC-482,"The TCP flag fraction panel shows SYN flags at nearly 1.0 throughout with negligible ACK/PSH/FIN/RST activity, indicating a flood of SYN packets exploiting connection-state handling. The protocol mix is almost entirely TCP, and the high, bursty packet rate combined with small, consistent average packet size (~60 bytes) is characteristic of a TCP SYN flood attack.",3041,192,"CLASSIFICATION: DDoS-SYN_Flood
REFERENCE_ID: CAPEC-482
JUSTIFICATION: The TCP flag fraction panel shows SYN flags at nearly 1.0 throughout with negligible ACK/PSH/FIN/RST activity, indicating a flood of SYN packets exploiting connection-state handling. The protocol mix is almost entirely TCP, and the high, bursty packet rate combined with small, consistent average packet size (~60 bytes) is characteristic of a TCP SYN flood attack.",real-and-correct,True,data/CSV/DDoS-SYN_Flood/DDoS-SYN_Flood10.pcap.csv,216390.0,216420.0,results/viz/DDoS-SYN_Flood/DDoS-SYN_Flood_0002.png,results/rag_grounded/images/DDoS-SYN_Flood_0002.png,results/rag_grounded/pcap_slices/DDoS-SYN_Flood_0002.csv
DDoS-SYN_Flood_0003,DDoS-SYN_Flood,rag_grounded,DDoS-SYN_Flood,CAPEC-482,"The traffic shows extremely high, bursty packet rates dominated almost entirely by TCP protocol with SYN flag fraction near 1.0 for most windows, consistent with a SYN flood. The small uniform packet size (~60 bytes) and low std further supports minimal, spoofed connection-attempt packets typical of TCP SYN flooding rather than legitimate session traffic.",3041,179,"CLASSIFICATION: DDoS-SYN_Flood
REFERENCE_ID: CAPEC-482
JUSTIFICATION: The traffic shows extremely high, bursty packet rates dominated almost entirely by TCP protocol with SYN flag fraction near 1.0 for most windows, consistent with a SYN flood. The small uniform packet size (~60 bytes) and low std further supports minimal, spoofed connection-attempt packets typical of TCP SYN flooding rather than legitimate session traffic.",real-and-correct,True,data/CSV/DDoS-SYN_Flood/DDoS-SYN_Flood11.pcap.csv,244404.0,244434.0,results/viz/DDoS-SYN_Flood/DDoS-SYN_Flood_0003.png,results/rag_grounded/images/DDoS-SYN_Flood_0003.png,results/rag_grounded/pcap_slices/DDoS-SYN_Flood_0003.csv
DDoS-SlowLoris_0000,DDoS-SlowLoris,rag_grounded,DDoS-SlowLoris,CAPEC-469,"The traffic shows sustained high ACK fraction with intermittent PSH spikes, HTTP/HTTPS-dominant protocol mix, and large/variable packet sizes consistent with slow, session-based HTTP resource exhaustion rather than raw volumetric flooding. This matches HTTP DoS behavior where legitimate-looking session traffic is used to hold connections open and exhaust server resources.",3041,186,"CLASSIFICATION: DDoS-SlowLoris
REFERENCE_ID: CAPEC-469
JUSTIFICATION: The traffic shows sustained high ACK fraction with intermittent PSH spikes, HTTP/HTTPS-dominant protocol mix, and large/variable packet sizes consistent with slow, session-based HTTP resource exhaustion rather than raw volumetric flooding. This matches HTTP DoS behavior where legitimate-looking session traffic is used to hold connections open and exhaust server resources.",real-but-wrong-family,True,data/CSV/DDoS-SlowLoris/DDoS-SlowLoris.pcap.csv,10326.0,10356.0,results/viz/DDoS-SlowLoris/DDoS-SlowLoris_0000.png,results/rag_grounded/images/DDoS-SlowLoris_0000.png,results/rag_grounded/pcap_slices/DDoS-SlowLoris_0000.csv
DDoS-SlowLoris_0001,DDoS-SlowLoris,rag_grounded,DDoS-SlowLoris,CAPEC-469,"The traffic shows dominant HTTPS/TCP protocol mix with high ACK flag fraction and low, sporadic PSH flags, consistent with slow, session-based application-layer connection exhaustion rather than raw volumetric flooding. Packet rates are irregular with spikes but not sustained saturation typical of SYN/UDP/ICMP floods, matching the resource-depletion nature of a Slowloris-style attack.",3041,194,"CLASSIFICATION: DDoS-SlowLoris
REFERENCE_ID: CAPEC-469
JUSTIFICATION: The traffic shows dominant HTTPS/TCP protocol mix with high ACK flag fraction and low, sporadic PSH flags, consistent with slow, session-based application-layer connection exhaustion rather than raw volumetric flooding. Packet rates are irregular with spikes but not sustained saturation typical of SYN/UDP/ICMP floods, matching the resource-depletion nature of a Slowloris-style attack.",real-but-wrong-family,True,data/CSV/DDoS-SlowLoris/DDoS-SlowLoris.pcap.csv,12028.0,12058.0,results/viz/DDoS-SlowLoris/DDoS-SlowLoris_0001.png,results/rag_grounded/images/DDoS-SlowLoris_0001.png,results/rag_grounded/pcap_slices/DDoS-SlowLoris_0001.csv
DDoS-SlowLoris_0002,DDoS-SlowLoris,rag_grounded,DDoS-SlowLoris,CAPEC-469,"The traffic shows sustained low-to-moderate packet rates with a dominant HTTP protocol mix and high ACK flag fractions punctuated by PSH spikes, consistent with partial HTTP requests holding connections open rather than raw volumetric flooding. This session-based, resource-exhaustion pattern at the application layer matches HTTP DoS (Slowloris-style) rather than a generic flood.",3041,186,"CLASSIFICATION: DDoS-SlowLoris
REFERENCE_ID: CAPEC-469
JUSTIFICATION: The traffic shows sustained low-to-moderate packet rates with a dominant HTTP protocol mix and high ACK flag fractions punctuated by PSH spikes, consistent with partial HTTP requests holding connections open rather than raw volumetric flooding. This session-based, resource-exhaustion pattern at the application layer matches HTTP DoS (Slowloris-style) rather than a generic flood.",real-but-wrong-family,True,data/CSV/DDoS-SlowLoris/DDoS-SlowLoris.pcap.csv,14720.0,14750.0,results/viz/DDoS-SlowLoris/DDoS-SlowLoris_0002.png,results/rag_grounded/images/DDoS-SlowLoris_0002.png,results/rag_grounded/pcap_slices/DDoS-SlowLoris_0002.csv
DDoS-SlowLoris_0003,DDoS-SlowLoris,rag_grounded,DDoS-SlowLoris,CAPEC-469,"The traffic shows HTTP-dominant protocol mix with sustained low-moderate packet rates punctuated by spikes, and high PSH/ACK flag fractions consistent with maintaining many partial HTTP connections open rather than raw volumetric flooding. Packet sizes remain small-to-moderate with variable std, matching slow, incomplete HTTP request patterns typical of resource-exhaustion attacks rather than bandwidth-saturation floods.",3041,204,"CLASSIFICATION: DDoS-SlowLoris
REFERENCE_ID: CAPEC-469
JUSTIFICATION: The traffic shows HTTP-dominant protocol mix with sustained low-moderate packet rates punctuated by spikes, and high PSH/ACK flag fractions consistent with maintaining many partial HTTP connections open rather than raw volumetric flooding. Packet sizes remain small-to-moderate with variable std, matching slow, incomplete HTTP request patterns typical of resource-exhaustion attacks rather than bandwidth-saturation floods.",real-but-wrong-family,True,data/CSV/DDoS-SlowLoris/DDoS-SlowLoris.pcap.csv,19263.0,19293.0,results/viz/DDoS-SlowLoris/DDoS-SlowLoris_0003.png,results/rag_grounded/images/DDoS-SlowLoris_0003.png,results/rag_grounded/pcap_slices/DDoS-SlowLoris_0003.csv
DDoS-UDP_Flood_0000,DDoS-UDP_Flood,rag_grounded,DDoS-UDP_Flood,CAPEC-486,"The protocol mix panel shows near-100% UDP traffic throughout, with high and variable packet rates (10k-100k+ pkt/s) consistent with volumetric flooding. TCP flags are negligible/near-zero, ruling out TCP-based attacks, and the small average packet size (~60 bytes) with minimal fragmentation indicates a straightforward UDP flood rather than fragmentation-based attacks.",3041,191,"CLASSIFICATION: DDoS-UDP_Flood
REFERENCE_ID: CAPEC-486
JUSTIFICATION: The protocol mix panel shows near-100% UDP traffic throughout, with high and variable packet rates (10k-100k+ pkt/s) consistent with volumetric flooding. TCP flags are negligible/near-zero, ruling out TCP-based attacks, and the small average packet size (~60 bytes) with minimal fragmentation indicates a straightforward UDP flood rather than fragmentation-based attacks.",real-and-correct,True,data/CSV/DDoS-UDP_Flood/DDoS-UDP_Flood.pcap.csv,53476.0,53506.0,results/viz/DDoS-UDP_Flood/DDoS-UDP_Flood_0000.png,results/rag_grounded/images/DDoS-UDP_Flood_0000.png,results/rag_grounded/pcap_slices/DDoS-UDP_Flood_0000.csv
DDoS-UDP_Flood_0001,DDoS-UDP_Flood,rag_grounded,DDoS-UDP_Flood,CAPEC-486,"The protocol mix panel shows overwhelming UDP dominance (~99%) throughout all windows, with packet rate oscillating dramatically between ~10,000-60,000 pkt/s in a sawtooth pattern typical of flooding bursts. TCP flags are negligible/near-zero, confirming this is not TCP-based flooding. Small consistent packet sizes (~60 bytes) with minimal variance align with the session-less, high-volume UDP flood pattern described in CAPEC-486.",3041,218,"CLASSIFICATION: DDoS-UDP_Flood
REFERENCE_ID: CAPEC-486
JUSTIFICATION: The protocol mix panel shows overwhelming UDP dominance (~99%) throughout all windows, with packet rate oscillating dramatically between ~10,000-60,000 pkt/s in a sawtooth pattern typical of flooding bursts. TCP flags are negligible/near-zero, confirming this is not TCP-based flooding. Small consistent packet sizes (~60 bytes) with minimal variance align with the session-less, high-volume UDP flood pattern described in CAPEC-486.",real-and-correct,True,data/CSV/DDoS-UDP_Flood/DDoS-UDP_Flood1.pcap.csv,192369.0,192399.0,results/viz/DDoS-UDP_Flood/DDoS-UDP_Flood_0001.png,results/rag_grounded/images/DDoS-UDP_Flood_0001.png,results/rag_grounded/pcap_slices/DDoS-UDP_Flood_0001.csv
DDoS-UDP_Flood_0002,DDoS-UDP_Flood,rag_grounded,DDoS-UDP_Flood,CAPEC-486,"The protocol mix panel shows near-total dominance of UDP traffic throughout all windows, with TCP flags remaining negligible (mostly 0, small spikes). Packet rate is high and volatile (5,000-58,000 pkt/s), consistent with a volumetric flood. Average packet size stays flat (~60 bytes) with only transient std spikes, indicating simple spoofed UDP packets rather than fragmentation, matching the UDP Flood pattern.",3041,207,"CLASSIFICATION: DDoS-UDP_Flood
REFERENCE_ID: CAPEC-486
JUSTIFICATION: The protocol mix panel shows near-total dominance of UDP traffic throughout all windows, with TCP flags remaining negligible (mostly 0, small spikes). Packet rate is high and volatile (5,000-58,000 pkt/s), consistent with a volumetric flood. Average packet size stays flat (~60 bytes) with only transient std spikes, indicating simple spoofed UDP packets rather than fragmentation, matching the UDP Flood pattern.",real-and-correct,True,data/CSV/DDoS-UDP_Flood/DDoS-UDP_Flood10.pcap.csv,96769.0,96799.0,results/viz/DDoS-UDP_Flood/DDoS-UDP_Flood_0002.png,results/rag_grounded/images/DDoS-UDP_Flood_0002.png,results/rag_grounded/pcap_slices/DDoS-UDP_Flood_0002.csv
DDoS-UDP_Flood_0003,DDoS-UDP_Flood,rag_grounded,DDoS-UDP_Flood,CAPEC-486,"The protocol mix panel shows traffic is almost entirely UDP, with zero TCP flag activity, consistent packet rate spikes up to ~170,000 pkt/s, and small uniform average packet sizes (~60 bytes). This matches a volumetric UDP flood pattern designed to exhaust bandwidth using connectionless UDP packets, as described in CAPEC-486.",3041,180,"CLASSIFICATION: DDoS-UDP_Flood
REFERENCE_ID: CAPEC-486
JUSTIFICATION: The protocol mix panel shows traffic is almost entirely UDP, with zero TCP flag activity, consistent packet rate spikes up to ~170,000 pkt/s, and small uniform average packet sizes (~60 bytes). This matches a volumetric UDP flood pattern designed to exhaust bandwidth using connectionless UDP packets, as described in CAPEC-486.",real-and-correct,True,data/CSV/DDoS-UDP_Flood/DDoS-UDP_Flood11.pcap.csv,130102.0,130132.0,results/viz/DDoS-UDP_Flood/DDoS-UDP_Flood_0003.png,results/rag_grounded/images/DDoS-UDP_Flood_0003.png,results/rag_grounded/pcap_slices/DDoS-UDP_Flood_0003.csv
DDoS-UDP_Fragmentation_0000,DDoS-UDP_Fragmentation,rag_grounded,DDoS-UDP_Fragmentation,CAPEC-495,"The protocol mix panel shows overwhelming UDP dominance (~98%) with minimal TCP/other protocols, and the packet rate shows sustained high-volume bursts (up to 6000+ pkt/s). Average packet sizes are consistently large (~900-1000 bytes) with fluctuating rates, consistent with large UDP packets causing IP fragmentation as described in UDP Fragmentation attacks rather than simple small-packet UDP flooding.",3041,209,"CLASSIFICATION: DDoS-UDP_Fragmentation
REFERENCE_ID: CAPEC-495
JUSTIFICATION: The protocol mix panel shows overwhelming UDP dominance (~98%) with minimal TCP/other protocols, and the packet rate shows sustained high-volume bursts (up to 6000+ pkt/s). Average packet sizes are consistently large (~900-1000 bytes) with fluctuating rates, consistent with large UDP packets causing IP fragmentation as described in UDP Fragmentation attacks rather than simple small-packet UDP flooding.",real-and-correct,True,data/CSV/DDoS-UDP_Fragmentation/DDoS-UDP_Fragmentation.pcap.csv,84.0,114.0,results/viz/DDoS-UDP_Fragmentation/DDoS-UDP_Fragmentation_0000.png,results/rag_grounded/images/DDoS-UDP_Fragmentation_0000.png,results/rag_grounded/pcap_slices/DDoS-UDP_Fragmentation_0000.csv
DDoS-UDP_Fragmentation_0001,DDoS-UDP_Fragmentation,rag_grounded,DDoS-UDP_Fragmentation,CAPEC-495,"The protocol mix panel shows an overwhelming dominance of UDP traffic (~50%, paired with ~50% TCP baseline noise) throughout all windows, consistent with a UDP-based flood. The packet size panel shows consistently large average packet sizes (~900+ bytes) with moderate standard deviation, indicating large UDP payloads that would require IP fragmentation, matching the UDP Fragmentation pattern rather than a simple small-packet UDP flood.",3041,212,"CLASSIFICATION: DDoS-UDP_Fragmentation
REFERENCE_ID: CAPEC-495
JUSTIFICATION: The protocol mix panel shows an overwhelming dominance of UDP traffic (~50%, paired with ~50% TCP baseline noise) throughout all windows, consistent with a UDP-based flood. The packet size panel shows consistently large average packet sizes (~900+ bytes) with moderate standard deviation, indicating large UDP payloads that would require IP fragmentation, matching the UDP Fragmentation pattern rather than a simple small-packet UDP flood.",real-and-correct,True,data/CSV/DDoS-UDP_Fragmentation/DDoS-UDP_Fragmentation1.pcap.csv,13901.0,13931.0,results/viz/DDoS-UDP_Fragmentation/DDoS-UDP_Fragmentation_0001.png,results/rag_grounded/images/DDoS-UDP_Fragmentation_0001.png,results/rag_grounded/pcap_slices/DDoS-UDP_Fragmentation_0001.csv
DDoS-UDP_Fragmentation_0002,DDoS-UDP_Fragmentation,rag_grounded,DDoS-UDP_Fragmentation,CAPEC-495,"The protocol mix panel shows UDP dominating nearly the entire traffic volume, while the packet size panel shows consistently large average packet sizes (~900+ bytes) with tight standard deviation, consistent with large UDP packets forcing IP fragmentation. TCP flag activity is minimal and sporadic, ruling out TCP-based floods, and the bursty rate pattern matches fragmentation-based bandwidth consumption attacks.",3041,202,"CLASSIFICATION: DDoS-UDP_Fragmentation
REFERENCE_ID: CAPEC-495
JUSTIFICATION: The protocol mix panel shows UDP dominating nearly the entire traffic volume, while the packet size panel shows consistently large average packet sizes (~900+ bytes) with tight standard deviation, consistent with large UDP packets forcing IP fragmentation. TCP flag activity is minimal and sporadic, ruling out TCP-based floods, and the bursty rate pattern matches fragmentation-based bandwidth consumption attacks.",real-and-correct,True,data/CSV/DDoS-UDP_Fragmentation/DDoS-UDP_Fragmentation10.pcap.csv,18535.0,18565.0,results/viz/DDoS-UDP_Fragmentation/DDoS-UDP_Fragmentation_0002.png,results/rag_grounded/images/DDoS-UDP_Fragmentation_0002.png,results/rag_grounded/pcap_slices/DDoS-UDP_Fragmentation_0002.csv
DDoS-UDP_Fragmentation_0003,DDoS-UDP_Fragmentation,rag_grounded,DDoS-UDP_Fragmentation,CAPEC-495,"The protocol mix panel shows UDP dominating throughout at roughly 50% consistently, paired with unusually large average packet sizes (~900-1050) and packet-rate spikes, consistent with fragmented large UDP packets rather than small flood packets. TCP flag fractions remain near zero except for a brief ACK/PSH spike, indicating TCP is incidental, not the attack vector. The sustained large packet sizes and high std deviation align with UDP fragmentation's characteristic of large packets forcing IP fragmentation.",3041,231,"CLASSIFICATION: DDoS-UDP_Fragmentation
REFERENCE_ID: CAPEC-495
JUSTIFICATION: The protocol mix panel shows UDP dominating throughout at roughly 50% consistently, paired with unusually large average packet sizes (~900-1050) and packet-rate spikes, consistent with fragmented large UDP packets rather than small flood packets. TCP flag fractions remain near zero except for a brief ACK/PSH spike, indicating TCP is incidental, not the attack vector. The sustained large packet sizes and high std deviation align with UDP fragmentation's characteristic of large packets forcing IP fragmentation.",real-and-correct,True,data/CSV/DDoS-UDP_Fragmentation/DDoS-UDP_Fragmentation11.pcap.csv,15183.0,15213.0,results/viz/DDoS-UDP_Fragmentation/DDoS-UDP_Fragmentation_0003.png,results/rag_grounded/images/DDoS-UDP_Fragmentation_0003.png,results/rag_grounded/pcap_slices/DDoS-UDP_Fragmentation_0003.csv
DNS_Spoofing_0000,DNS_Spoofing,rag_grounded,DNS_Spoofing,CAPEC-142,"The traffic shows a mixed protocol composition with a notable DNS component alongside HTTP/HTTPS and TCP/UDP, consistent with DNS spoofing activity rather than a pure volumetric flood. Packet rates fluctuate with periodic spikes rather than a sustained flood pattern, and TCP flags show ACK/PSH dominance typical of normal session traffic being manipulated rather than SYN-flood style connection exhaustion. This matches the sample label DNS_Spoofing_0000 and aligns with CAPEC-142's description of DNS cache poisoning/spoofing.",3041,250,"CLASSIFICATION: DNS_Spoofing
REFERENCE_ID: CAPEC-142
JUSTIFICATION: The traffic shows a mixed protocol composition with a notable DNS component alongside HTTP/HTTPS and TCP/UDP, consistent with DNS spoofing activity rather than a pure volumetric flood. Packet rates fluctuate with periodic spikes rather than a sustained flood pattern, and TCP flags show ACK/PSH dominance typical of normal session traffic being manipulated rather than SYN-flood style connection exhaustion. This matches the sample label DNS_Spoofing_0000 and aligns with CAPEC-142's description of DNS cache poisoning/spoofing.",real-and-correct,True,data/CSV/DNS_Spoofing/DNS_Spoofing.pcap.csv,27627.0,27657.0,results/viz/DNS_Spoofing/DNS_Spoofing_0000.png,results/rag_grounded/images/DNS_Spoofing_0000.png,results/rag_grounded/pcap_slices/DNS_Spoofing_0000.csv
DNS_Spoofing_0001,DNS_Spoofing,rag_grounded,DNS_Spoofing,CAPEC-142,"The traffic shows a mix of TCP, UDP, HTTP, HTTPS and DNS protocols with variable, non-flood-like rate patterns and fluctuating packet sizes, consistent with legitimate-looking mixed traffic rather than a pure volumetric flood. The presence of DNS protocol fraction alongside irregular ACK/PSH flag dominance suggests manipulation of DNS responses rather than a single-protocol DoS pattern. This aligns with DNS cache poisoning/spoofing behavior as described in CAPEC-142.",3041,235,"CLASSIFICATION: DNS_Spoofing
REFERENCE_ID: CAPEC-142
JUSTIFICATION: The traffic shows a mix of TCP, UDP, HTTP, HTTPS and DNS protocols with variable, non-flood-like rate patterns and fluctuating packet sizes, consistent with legitimate-looking mixed traffic rather than a pure volumetric flood. The presence of DNS protocol fraction alongside irregular ACK/PSH flag dominance suggests manipulation of DNS responses rather than a single-protocol DoS pattern. This aligns with DNS cache poisoning/spoofing behavior as described in CAPEC-142.",real-and-correct,True,data/CSV/DNS_Spoofing/DNS_Spoofing.pcap.csv,47864.0,47894.0,results/viz/DNS_Spoofing/DNS_Spoofing_0001.png,results/rag_grounded/images/DNS_Spoofing_0001.png,results/rag_grounded/pcap_slices/DNS_Spoofing_0001.csv
DNS_Spoofing_0002,DNS_Spoofing,rag_grounded,DNS_Spoofing,CAPEC-142,"The protocol mix panel shows a heavy, variable mixture of DNS traffic alongside TCP/UDP/HTTP/HTTPS rather than a single dominant flood protocol, and packet rates are irregular (20-230 pkt/s) without the sustained monotonic saturation typical of flooding attacks. TCP flags show mixed ACK/PSH usage consistent with legitimate-looking session traffic used to inject spoofed DNS responses rather than volumetric flooding. This pattern matches DNS spoofing/cache poisoning behavior rather than any flood or scan pattern.",3041,247,"CLASSIFICATION: DNS_Spoofing
REFERENCE_ID: CAPEC-142
JUSTIFICATION: The protocol mix panel shows a heavy, variable mixture of DNS traffic alongside TCP/UDP/HTTP/HTTPS rather than a single dominant flood protocol, and packet rates are irregular (20-230 pkt/s) without the sustained monotonic saturation typical of flooding attacks. TCP flags show mixed ACK/PSH usage consistent with legitimate-looking session traffic used to inject spoofed DNS responses rather than volumetric flooding. This pattern matches DNS spoofing/cache poisoning behavior rather than any flood or scan pattern.",real-and-correct,True,data/CSV/DNS_Spoofing/DNS_Spoofing.pcap.csv,95479.0,95509.0,results/viz/DNS_Spoofing/DNS_Spoofing_0002.png,results/rag_grounded/images/DNS_Spoofing_0002.png,results/rag_grounded/pcap_slices/DNS_Spoofing_0002.csv
DNS_Spoofing_0003,DNS_Spoofing,rag_grounded,DNS_Spoofing,CAPEC-142,"The traffic shows mixed protocol composition dominated by TCP/HTTPS/DNS with variable ACK/PSH flag fractions and moderate, fluctuating packet rates rather than a flood pattern, consistent with DNS spoofing activity involving legitimate-looking response traffic. The packet size spikes and varied protocol mix suggest injected DNS responses mixed with normal application traffic rather than a volumetric denial-of-service attack.",3041,199,"CLASSIFICATION: DNS_Spoofing
REFERENCE_ID: CAPEC-142
JUSTIFICATION: The traffic shows mixed protocol composition dominated by TCP/HTTPS/DNS with variable ACK/PSH flag fractions and moderate, fluctuating packet rates rather than a flood pattern, consistent with DNS spoofing activity involving legitimate-looking response traffic. The packet size spikes and varied protocol mix suggest injected DNS responses mixed with normal application traffic rather than a volumetric denial-of-service attack.",real-and-correct,True,data/CSV/DNS_Spoofing/DNS_Spoofing.pcap.csv,172588.0,172618.0,results/viz/DNS_Spoofing/DNS_Spoofing_0003.png,results/rag_grounded/images/DNS_Spoofing_0003.png,results/rag_grounded/pcap_slices/DNS_Spoofing_0003.csv
DoS-HTTP_Flood_0000,DoS-HTTP_Flood,rag_grounded,DoS-HTTP_Flood,CAPEC-469,"Protocol mix shows overwhelming HTTP traffic on top of TCP, with high ACK/PSH flag fractions consistent with completed session-based HTTP requests rather than raw SYN floods. The rate spikes intermittently rather than sustaining pure volumetric flooding, matching application-layer resource exhaustion behavior. Packet sizes are large and variable, consistent with legitimate-looking HTTP request/response traffic used to exhaust server resources.",3041,207,"CLASSIFICATION: DoS-HTTP_Flood
REFERENCE_ID: CAPEC-469
JUSTIFICATION: Protocol mix shows overwhelming HTTP traffic on top of TCP, with high ACK/PSH flag fractions consistent with completed session-based HTTP requests rather than raw SYN floods. The rate spikes intermittently rather than sustaining pure volumetric flooding, matching application-layer resource exhaustion behavior. Packet sizes are large and variable, consistent with legitimate-looking HTTP request/response traffic used to exhaust server resources.",real-and-correct,True,data/CSV/DoS-HTTP_Flood/DoS-HTTP_Flood.pcap.csv,3719.0,3749.0,results/viz/DoS-HTTP_Flood/DoS-HTTP_Flood_0000.png,results/rag_grounded/images/DoS-HTTP_Flood_0000.png,results/rag_grounded/pcap_slices/DoS-HTTP_Flood_0000.csv
DoS-HTTP_Flood_0001,DoS-HTTP_Flood,rag_grounded,DoS-HTTP_Flood,CAPEC-488,"The protocol mix is dominated by TCP/HTTP with high PSH and ACK flag fractions consistent with completed HTTP request/response sessions rather than raw SYN floods. The rate panel shows a single volumetric spike amid otherwise moderate traffic, and packet sizes fluctuate with large averages typical of HTTP payload transfers, matching application-layer flooding via legitimate HTTP requests.",3041,190,"CLASSIFICATION: DoS-HTTP_Flood
REFERENCE_ID: CAPEC-488
JUSTIFICATION: The protocol mix is dominated by TCP/HTTP with high PSH and ACK flag fractions consistent with completed HTTP request/response sessions rather than raw SYN floods. The rate panel shows a single volumetric spike amid otherwise moderate traffic, and packet sizes fluctuate with large averages typical of HTTP payload transfers, matching application-layer flooding via legitimate HTTP requests.",real-and-correct,True,data/CSV/DoS-HTTP_Flood/DoS-HTTP_Flood.pcap.csv,9939.0,9969.0,results/viz/DoS-HTTP_Flood/DoS-HTTP_Flood_0001.png,results/rag_grounded/images/DoS-HTTP_Flood_0001.png,results/rag_grounded/pcap_slices/DoS-HTTP_Flood_0001.csv
DoS-HTTP_Flood_0002,DoS-HTTP_Flood,rag_grounded,DoS-HTTP_Flood,CAPEC-488,"The protocol mix panel shows a clear shift where HTTP traffic dominates (rising from ~0 to ~1.0 fraction) starting around window 10-11, coinciding with a massive spike in packet rate (up to 8000 pkt/s). The TCP flag composition remains ACK-dominant throughout, consistent with established HTTP sessions being used to flood the server with legitimate-looking application-layer requests rather than raw SYN-based connection attempts.",3041,205,"CLASSIFICATION: DoS-HTTP_Flood
REFERENCE_ID: CAPEC-488
JUSTIFICATION: The protocol mix panel shows a clear shift where HTTP traffic dominates (rising from ~0 to ~1.0 fraction) starting around window 10-11, coinciding with a massive spike in packet rate (up to 8000 pkt/s). The TCP flag composition remains ACK-dominant throughout, consistent with established HTTP sessions being used to flood the server with legitimate-looking application-layer requests rather than raw SYN-based connection attempts.",real-and-correct,True,data/CSV/DoS-HTTP_Flood/DoS-HTTP_Flood1.pcap.csv,15814.0,15844.0,results/viz/DoS-HTTP_Flood/DoS-HTTP_Flood_0002.png,results/rag_grounded/images/DoS-HTTP_Flood_0002.png,results/rag_grounded/pcap_slices/DoS-HTTP_Flood_0002.csv
DoS-HTTP_Flood_0003,DoS-HTTP_Flood,rag_grounded,DoS-HTTP_Flood,CAPEC-469,"The protocol mix panel shows traffic is dominated by TCP carrying HTTP payloads throughout all windows, with high ACK/PSH flag fractions consistent with completed HTTP sessions rather than raw SYN floods. The rate panel shows bursty spikes (up to ~18000 pkt/s) typical of HTTP-level request flooding aimed at exhausting server resources, matching the sample label DoS-HTTP_Flood.",3041,200,"CLASSIFICATION: DoS-HTTP_Flood
REFERENCE_ID: CAPEC-469
JUSTIFICATION: The protocol mix panel shows traffic is dominated by TCP carrying HTTP payloads throughout all windows, with high ACK/PSH flag fractions consistent with completed HTTP sessions rather than raw SYN floods. The rate panel shows bursty spikes (up to ~18000 pkt/s) typical of HTTP-level request flooding aimed at exhausting server resources, matching the sample label DoS-HTTP_Flood.",real-and-correct,True,data/CSV/DoS-HTTP_Flood/DoS-HTTP_Flood1.pcap.csv,22635.0,22665.0,results/viz/DoS-HTTP_Flood/DoS-HTTP_Flood_0003.png,results/rag_grounded/images/DoS-HTTP_Flood_0003.png,results/rag_grounded/pcap_slices/DoS-HTTP_Flood_0003.csv
DoS-SYN_Flood_0000,DoS-SYN_Flood,rag_grounded,DoS-SYN_Flood,CAPEC-482,"The traffic shows a high-volume, bursty packet rate with the SYN flag fraction dominating near 1.0 for most windows, indicating a flood of TCP SYN packets. Protocol mix is almost entirely TCP, and average packet size remains small and consistent with typical SYN packets, with spikes in std deviation likely from mixed response packets. This matches the classic SYN flood pattern described in CAPEC-482.",3041,191,"CLASSIFICATION: DoS-SYN_Flood
REFERENCE_ID: CAPEC-482
JUSTIFICATION: The traffic shows a high-volume, bursty packet rate with the SYN flag fraction dominating near 1.0 for most windows, indicating a flood of TCP SYN packets. Protocol mix is almost entirely TCP, and average packet size remains small and consistent with typical SYN packets, with spikes in std deviation likely from mixed response packets. This matches the classic SYN flood pattern described in CAPEC-482.",real-and-correct,True,data/CSV/DoS-SYN_Flood/DoS-SYN_Flood.pcap.csv,228866.0,228896.0,results/viz/DoS-SYN_Flood/DoS-SYN_Flood_0000.png,results/rag_grounded/images/DoS-SYN_Flood_0000.png,results/rag_grounded/pcap_slices/DoS-SYN_Flood_0000.csv
DoS-SYN_Flood_0001,DoS-SYN_Flood,rag_grounded,DoS-SYN_Flood,CAPEC-482,"The TCP flag fraction panel shows SYN flag at ~1.0 throughout, with protocol mix being nearly 100% TCP, small consistent packet sizes (~60 bytes), and high, bursty packet rates (5,000-35,000 pkt/s) — all classic indicators of a SYN flood DoS attack exploiting TCP connection-state handling.",3041,173,"CLASSIFICATION: DoS-SYN_Flood
REFERENCE_ID: CAPEC-482
JUSTIFICATION: The TCP flag fraction panel shows SYN flag at ~1.0 throughout, with protocol mix being nearly 100% TCP, small consistent packet sizes (~60 bytes), and high, bursty packet rates (5,000-35,000 pkt/s) — all classic indicators of a SYN flood DoS attack exploiting TCP connection-state handling.",real-and-correct,True,data/CSV/DoS-SYN_Flood/DoS-SYN_Flood1.pcap.csv,181175.0,181205.0,results/viz/DoS-SYN_Flood/DoS-SYN_Flood_0001.png,results/rag_grounded/images/DoS-SYN_Flood_0001.png,results/rag_grounded/pcap_slices/DoS-SYN_Flood_0001.csv
DoS-SYN_Flood_0002,DoS-SYN_Flood,rag_grounded,DoS-SYN_Flood,CAPEC-482,"The TCP flag panel shows a near-constant SYN fraction of ~1.0 throughout all windows, indicating the traffic is dominated almost entirely by SYN packets. Combined with the protocol mix showing pure TCP traffic and highly variable, bursty packet rates (spiking above 100,000 pkt/s), this matches a classic SYN flood pattern. The small, consistent average packet size (~60 bytes) is also consistent with minimal SYN packets rather than full-session HTTP or other application-layer traffic.",3041,226,"CLASSIFICATION: DoS-SYN_Flood
REFERENCE_ID: CAPEC-482
JUSTIFICATION: The TCP flag panel shows a near-constant SYN fraction of ~1.0 throughout all windows, indicating the traffic is dominated almost entirely by SYN packets. Combined with the protocol mix showing pure TCP traffic and highly variable, bursty packet rates (spiking above 100,000 pkt/s), this matches a classic SYN flood pattern. The small, consistent average packet size (~60 bytes) is also consistent with minimal SYN packets rather than full-session HTTP or other application-layer traffic.",real-and-correct,True,data/CSV/DoS-SYN_Flood/DoS-SYN_Flood2.pcap.csv,91016.0,91046.0,results/viz/DoS-SYN_Flood/DoS-SYN_Flood_0002.png,results/rag_grounded/images/DoS-SYN_Flood_0002.png,results/rag_grounded/pcap_slices/DoS-SYN_Flood_0002.csv
DoS-SYN_Flood_0003,DoS-SYN_Flood,rag_grounded,DoS-SYN_Flood,CAPEC-482,"The traffic shows an overwhelming SYN flag fraction (~1.0) throughout all windows, with minimal PSH/ACK activity, indicating a SYN flood attack. Protocol mix is almost entirely TCP with consistent small average packet size (~60 bytes), typical of SYN flood packets. The high, bursty packet rate (up to ~35000 pkt/s) further supports a denial-of-service flooding pattern targeting connection-state exhaustion.",3041,207,"CLASSIFICATION: DoS-SYN_Flood
REFERENCE_ID: CAPEC-482
JUSTIFICATION: The traffic shows an overwhelming SYN flag fraction (~1.0) throughout all windows, with minimal PSH/ACK activity, indicating a SYN flood attack. Protocol mix is almost entirely TCP with consistent small average packet size (~60 bytes), typical of SYN flood packets. The high, bursty packet rate (up to ~35000 pkt/s) further supports a denial-of-service flooding pattern targeting connection-state exhaustion.",real-and-correct,True,data/CSV/DoS-SYN_Flood/DoS-SYN_Flood3.pcap.csv,165553.0,165583.0,results/viz/DoS-SYN_Flood/DoS-SYN_Flood_0003.png,results/rag_grounded/images/DoS-SYN_Flood_0003.png,results/rag_grounded/pcap_slices/DoS-SYN_Flood_0003.csv
DoS-TCP_Flood_0000,DoS-TCP_Flood,rag_grounded,DoS-TCP_Flood,CAPEC-482,"The traffic shows a high-volume, highly variable packet rate dominated almost entirely by TCP protocol (>95% mix), with a brief ACK flag spike but otherwise minimal flag signaling, consistent with a TCP-based flooding attack rather than application-layer or UDP/ICMP flooding. The lack of sustained SYN dominance and the generic TCP flood signature (single-source style, not distributed) align with a DoS-TCP_Flood pattern as covered under CAPEC-482.",3041,218,"CLASSIFICATION: DoS-TCP_Flood
REFERENCE_ID: CAPEC-482
JUSTIFICATION: The traffic shows a high-volume, highly variable packet rate dominated almost entirely by TCP protocol (>95% mix), with a brief ACK flag spike but otherwise minimal flag signaling, consistent with a TCP-based flooding attack rather than application-layer or UDP/ICMP flooding. The lack of sustained SYN dominance and the generic TCP flood signature (single-source style, not distributed) align with a DoS-TCP_Flood pattern as covered under CAPEC-482.",real-and-correct,True,data/CSV/DoS-TCP_Flood/DoS-TCP_Flood.pcap.csv,155587.0,155617.0,results/viz/DoS-TCP_Flood/DoS-TCP_Flood_0000.png,results/rag_grounded/images/DoS-TCP_Flood_0000.png,results/rag_grounded/pcap_slices/DoS-TCP_Flood_0000.csv
DoS-TCP_Flood_0001,DoS-TCP_Flood,rag_grounded,DoS-TCP_Flood,CAPEC-482,"The traffic shows sustained high-volume packet rates (5,000-35,000 pkt/s) dominated entirely by TCP/HTTP protocol mix with minimal UDP/ICMP presence, consistent with a TCP-based flooding attack. The TCP flag composition is mostly flat with sparse ACK/PSH spikes rather than SYN-dominant patterns, and packet size remains constant (~60 bytes) with a brief anomaly, indicating a generic TCP flood rather than a specific SYN-flood signature.",3041,228,"CLASSIFICATION: DoS-TCP_Flood
REFERENCE_ID: CAPEC-482
JUSTIFICATION: The traffic shows sustained high-volume packet rates (5,000-35,000 pkt/s) dominated entirely by TCP/HTTP protocol mix with minimal UDP/ICMP presence, consistent with a TCP-based flooding attack. The TCP flag composition is mostly flat with sparse ACK/PSH spikes rather than SYN-dominant patterns, and packet size remains constant (~60 bytes) with a brief anomaly, indicating a generic TCP flood rather than a specific SYN-flood signature.",real-and-correct,True,data/CSV/DoS-TCP_Flood/DoS-TCP_Flood1.pcap.csv,26623.0,26653.0,results/viz/DoS-TCP_Flood/DoS-TCP_Flood_0001.png,results/rag_grounded/images/DoS-TCP_Flood_0001.png,results/rag_grounded/pcap_slices/DoS-TCP_Flood_0001.csv
DoS-TCP_Flood_0002,DoS-TCP_Flood,rag_grounded,DoS-TCP_Flood,CAPEC-482,"The traffic shows extreme, bursty packet rate spikes (up to ~110,000 pkt/s) dominated entirely by TCP protocol mix with no UDP/ICMP presence. TCP flag fractions show intermittent spikes of SYN, PSH, and ACK flags coinciding with rate surges, consistent with a TCP-based flood rather than a pure SYN or PSH/ACK-specific pattern. This matches the general TCP flood signature described in CAPEC-482.",3041,214,"CLASSIFICATION: DoS-TCP_Flood
REFERENCE_ID: CAPEC-482
JUSTIFICATION: The traffic shows extreme, bursty packet rate spikes (up to ~110,000 pkt/s) dominated entirely by TCP protocol mix with no UDP/ICMP presence. TCP flag fractions show intermittent spikes of SYN, PSH, and ACK flags coinciding with rate surges, consistent with a TCP-based flood rather than a pure SYN or PSH/ACK-specific pattern. This matches the general TCP flood signature described in CAPEC-482.",real-and-correct,True,data/CSV/DoS-TCP_Flood/DoS-TCP_Flood10.pcap.csv,4917.0,4947.0,results/viz/DoS-TCP_Flood/DoS-TCP_Flood_0002.png,results/rag_grounded/images/DoS-TCP_Flood_0002.png,results/rag_grounded/pcap_slices/DoS-TCP_Flood_0002.csv
DoS-TCP_Flood_0003,DoS-TCP_Flood,rag_grounded,DoS-TCP_Flood,CAPEC-482,"Traffic shows sustained high packet rates (5,000-35,000 pkt/s) with protocol mix dominated entirely by TCP/HTTP, and small consistent packet sizes (~60 bytes avg) typical of connection-based flooding. TCP flag fractions show sporadic ACK spikes but no dominant SYN pattern, consistent with a general TCP flood rather than a pure SYN-flood variant.",3041,191,"CLASSIFICATION: DoS-TCP_Flood
REFERENCE_ID: CAPEC-482
JUSTIFICATION: Traffic shows sustained high packet rates (5,000-35,000 pkt/s) with protocol mix dominated entirely by TCP/HTTP, and small consistent packet sizes (~60 bytes avg) typical of connection-based flooding. TCP flag fractions show sporadic ACK spikes but no dominant SYN pattern, consistent with a general TCP flood rather than a pure SYN-flood variant.",real-and-correct,True,data/CSV/DoS-TCP_Flood/DoS-TCP_Flood2.pcap.csv,174046.0,174076.0,results/viz/DoS-TCP_Flood/DoS-TCP_Flood_0003.png,results/rag_grounded/images/DoS-TCP_Flood_0003.png,results/rag_grounded/pcap_slices/DoS-TCP_Flood_0003.csv
DoS-UDP_Flood_0000,DoS-UDP_Flood,rag_grounded,DoS-UDP_Flood,CAPEC-486,"The protocol mix panel shows near-constant UDP dominance (~99-100%) throughout all windows, with high and variable packet rates (5k-47k pkt/s) typical of flooding. TCP flag activity is negligible/sparse (brief fin/syn/psh/ack spikes near windows 7 and 19-20), ruling out TCP-based floods. Small, consistent average packet sizes (~60 bytes) with low variance further support a UDP-based volumetric flood rather than fragmentation or application-layer attacks.",3041,225,"CLASSIFICATION: DoS-UDP_Flood
REFERENCE_ID: CAPEC-486
JUSTIFICATION: The protocol mix panel shows near-constant UDP dominance (~99-100%) throughout all windows, with high and variable packet rates (5k-47k pkt/s) typical of flooding. TCP flag activity is negligible/sparse (brief fin/syn/psh/ack spikes near windows 7 and 19-20), ruling out TCP-based floods. Small, consistent average packet sizes (~60 bytes) with low variance further support a UDP-based volumetric flood rather than fragmentation or application-layer attacks.",real-and-correct,True,data/CSV/DoS-UDP_Flood/DoS-UDP_Flood.pcap.csv,64660.0,64690.0,results/viz/DoS-UDP_Flood/DoS-UDP_Flood_0000.png,results/rag_grounded/images/DoS-UDP_Flood_0000.png,results/rag_grounded/pcap_slices/DoS-UDP_Flood_0000.csv
DoS-UDP_Flood_0001,DoS-UDP_Flood,rag_grounded,DoS-UDP_Flood,CAPEC-486,"The protocol mix panel shows near-exclusive UDP traffic throughout, with high, erratic packet rates (5k-30k pkt/s) consistent with volumetric flooding. TCP flag fractions are negligible except for minor transient spikes, and packet size remains small and stable, matching the session-less, bandwidth-consuming characteristics of a UDP flood attack.",3041,175,"CLASSIFICATION: DoS-UDP_Flood
REFERENCE_ID: CAPEC-486
JUSTIFICATION: The protocol mix panel shows near-exclusive UDP traffic throughout, with high, erratic packet rates (5k-30k pkt/s) consistent with volumetric flooding. TCP flag fractions are negligible except for minor transient spikes, and packet size remains small and stable, matching the session-less, bandwidth-consuming characteristics of a UDP flood attack.",real-and-correct,True,data/CSV/DoS-UDP_Flood/DoS-UDP_Flood1.pcap.csv,84857.0,84887.0,results/viz/DoS-UDP_Flood/DoS-UDP_Flood_0001.png,results/rag_grounded/images/DoS-UDP_Flood_0001.png,results/rag_grounded/pcap_slices/DoS-UDP_Flood_0001.csv
DoS-UDP_Flood_0002,DoS-UDP_Flood,rag_grounded,DoS-UDP_Flood,CAPEC-486,"The protocol mix panel shows traffic is nearly 100% UDP throughout, with high, bursty packet rates (up to ~55,000 pkt/s) and consistently small average packet sizes (~60 bytes), typical of a UDP flood. There are no TCP flags set (all zero), ruling out TCP-based attacks, and the lack of source diversity indicators combined with small uniform packets is consistent with a DoS-style UDP flood rather than a distributed/fragmented variant.",3041,212,"CLASSIFICATION: DoS-UDP_Flood
REFERENCE_ID: CAPEC-486
JUSTIFICATION: The protocol mix panel shows traffic is nearly 100% UDP throughout, with high, bursty packet rates (up to ~55,000 pkt/s) and consistently small average packet sizes (~60 bytes), typical of a UDP flood. There are no TCP flags set (all zero), ruling out TCP-based attacks, and the lack of source diversity indicators combined with small uniform packets is consistent with a DoS-style UDP flood rather than a distributed/fragmented variant.",real-and-correct,True,data/CSV/DoS-UDP_Flood/DoS-UDP_Flood10.pcap.csv,84678.0,84708.0,results/viz/DoS-UDP_Flood/DoS-UDP_Flood_0002.png,results/rag_grounded/images/DoS-UDP_Flood_0002.png,results/rag_grounded/pcap_slices/DoS-UDP_Flood_0002.csv
DoS-UDP_Flood_0003,DoS-UDP_Flood,rag_grounded,DoS-UDP_Flood,CAPEC-486,"The protocol mix panel shows near-constant UDP dominance (green) with a brief ICMP spike, high variable packet rates (5k-35k pkt/s), minimal TCP flag activity, and small consistent average packet sizes (~60 bytes), consistent with a UDP-based flooding attack aimed at exhausting bandwidth rather than exploiting session state.",3041,173,"CLASSIFICATION: DoS-UDP_Flood
REFERENCE_ID: CAPEC-486
JUSTIFICATION: The protocol mix panel shows near-constant UDP dominance (green) with a brief ICMP spike, high variable packet rates (5k-35k pkt/s), minimal TCP flag activity, and small consistent average packet sizes (~60 bytes), consistent with a UDP-based flooding attack aimed at exhausting bandwidth rather than exploiting session state.",real-and-correct,True,data/CSV/DoS-UDP_Flood/DoS-UDP_Flood11.pcap.csv,57152.0,57182.0,results/viz/DoS-UDP_Flood/DoS-UDP_Flood_0003.png,results/rag_grounded/images/DoS-UDP_Flood_0003.png,results/rag_grounded/pcap_slices/DoS-UDP_Flood_0003.csv
MITM-ArpSpoofing_0000,MITM-ArpSpoofing,rag_grounded,MITM-ArpSpoofing,CAPEC-94,"Traffic shows mixed protocol composition (TCP/UDP/HTTP/HTTPS/DNS/ICMP) with variable rate spikes and fluctuating TCP flag ratios (ack/psh dominant, no flood-specific single-flag saturation), consistent with an adversary intercepting and relaying diverse legitimate traffic rather than a volumetric flood. This pattern matches AiTM positioning between communicating parties as in ARP spoofing scenarios.",3041,212,"CLASSIFICATION: MITM-ArpSpoofing
REFERENCE_ID: CAPEC-94
JUSTIFICATION: Traffic shows mixed protocol composition (TCP/UDP/HTTP/HTTPS/DNS/ICMP) with variable rate spikes and fluctuating TCP flag ratios (ack/psh dominant, no flood-specific single-flag saturation), consistent with an adversary intercepting and relaying diverse legitimate traffic rather than a volumetric flood. This pattern matches AiTM positioning between communicating parties as in ARP spoofing scenarios.",real-and-correct,True,data/CSV/MITM-ArpSpoofing/MITM-ArpSpoofing.pcap.csv,37200.0,37230.0,results/viz/MITM-ArpSpoofing/MITM-ArpSpoofing_0000.png,results/rag_grounded/images/MITM-ArpSpoofing_0000.png,results/rag_grounded/pcap_slices/MITM-ArpSpoofing_0000.csv
MITM-ArpSpoofing_0001,MITM-ArpSpoofing,rag_grounded,MITM-ArpSpoofing,CAPEC-94,"The traffic shows highly variable packet rates and packet sizes with a consistent TCP/HTTPS protocol mix dominated by PSH/ACK flags, suggesting intercepted and relayed legitimate sessions rather than a flooding attack. This pattern is consistent with an Adversary-in-the-Middle positioning itself between communicating parties via ARP spoofing, relaying variable traffic bursts rather than generating a uniform flood signature.",3041,202,"CLASSIFICATION: MITM-ArpSpoofing
REFERENCE_ID: CAPEC-94
JUSTIFICATION: The traffic shows highly variable packet rates and packet sizes with a consistent TCP/HTTPS protocol mix dominated by PSH/ACK flags, suggesting intercepted and relayed legitimate sessions rather than a flooding attack. This pattern is consistent with an Adversary-in-the-Middle positioning itself between communicating parties via ARP spoofing, relaying variable traffic bursts rather than generating a uniform flood signature.",real-and-correct,True,data/CSV/MITM-ArpSpoofing/MITM-ArpSpoofing.pcap.csv,94508.0,94538.0,results/viz/MITM-ArpSpoofing/MITM-ArpSpoofing_0001.png,results/rag_grounded/images/MITM-ArpSpoofing_0001.png,results/rag_grounded/pcap_slices/MITM-ArpSpoofing_0001.csv
MITM-ArpSpoofing_0002,MITM-ArpSpoofing,rag_grounded,MITM-ArpSpoofing,CAPEC-94,"The traffic shows highly variable rate spikes with mixed TCP flag fractions (ACK-dominant with intermittent PSH), a stable protocol mix of TCP/HTTPS traffic, and fluctuating packet sizes without a single dominant flood signature. This irregular pattern with high ACK fraction and legitimate-looking protocol mix is consistent with an Adversary-in-the-Middle positioning itself to intercept traffic rather than a volumetric flood attack.",3041,212,"CLASSIFICATION: MITM-ArpSpoofing
REFERENCE_ID: CAPEC-94
JUSTIFICATION: The traffic shows highly variable rate spikes with mixed TCP flag fractions (ACK-dominant with intermittent PSH), a stable protocol mix of TCP/HTTPS traffic, and fluctuating packet sizes without a single dominant flood signature. This irregular pattern with high ACK fraction and legitimate-looking protocol mix is consistent with an Adversary-in-the-Middle positioning itself to intercept traffic rather than a volumetric flood attack.",real-and-correct,True,data/CSV/MITM-ArpSpoofing/MITM-ArpSpoofing1.pcap.csv,22699.0,22729.0,results/viz/MITM-ArpSpoofing/MITM-ArpSpoofing_0002.png,results/rag_grounded/images/MITM-ArpSpoofing_0002.png,results/rag_grounded/pcap_slices/MITM-ArpSpoofing_0002.csv
MITM-ArpSpoofing_0003,MITM-ArpSpoofing,rag_grounded,MITM-ArpSpoofing,CAPEC-94,"The traffic shows a brief rate spike followed by sustained low-rate, mixed-protocol traffic (TCP/HTTP/HTTPS/DNS/ICMP) with high ACK flag fractions and variable packet sizes, consistent with an adversary intercepting and relaying legitimate bidirectional traffic rather than flooding. This pattern matches AiTM positioning between communicating parties as described in CAPEC-94, aligning with the MITM-ArpSpoofing label.",3041,215,"CLASSIFICATION: MITM-ArpSpoofing
REFERENCE_ID: CAPEC-94
JUSTIFICATION: The traffic shows a brief rate spike followed by sustained low-rate, mixed-protocol traffic (TCP/HTTP/HTTPS/DNS/ICMP) with high ACK flag fractions and variable packet sizes, consistent with an adversary intercepting and relaying legitimate bidirectional traffic rather than flooding. This pattern matches AiTM positioning between communicating parties as described in CAPEC-94, aligning with the MITM-ArpSpoofing label.",real-and-correct,True,data/CSV/MITM-ArpSpoofing/MITM-ArpSpoofing1.pcap.csv,23988.0,24018.0,results/viz/MITM-ArpSpoofing/MITM-ArpSpoofing_0003.png,results/rag_grounded/images/MITM-ArpSpoofing_0003.png,results/rag_grounded/pcap_slices/MITM-ArpSpoofing_0003.csv
Mirai-greeth_flood_0000,Mirai-greeth_flood,rag_grounded,Mirai-greeth_flood,CAPEC-125,"The traffic shows high-rate bursts (up to 13000 pkt/s) with mixed TCP flag fractions (ack, syn, psh) and a heterogeneous protocol mix dominated by TCP/UDP with sporadic HTTP/HTTPS/ICMP/DNS components, consistent with Mirai's GRE-based greeth flood which spoofs Ethernet/TCP headers atop GRE. No dedicated GRE Flood CAPEC exists, so the generic Flooding pattern (CAPEC-125) is cited as the honest fallback.",3041,241,"CLASSIFICATION: Mirai-greeth_flood
REFERENCE_ID: CAPEC-125
JUSTIFICATION: The traffic shows high-rate bursts (up to 13000 pkt/s) with mixed TCP flag fractions (ack, syn, psh) and a heterogeneous protocol mix dominated by TCP/UDP with sporadic HTTP/HTTPS/ICMP/DNS components, consistent with Mirai's GRE-based greeth flood which spoofs Ethernet/TCP headers atop GRE. No dedicated GRE Flood CAPEC exists, so the generic Flooding pattern (CAPEC-125) is cited as the honest fallback.",real-but-generic,True,data/CSV/Mirai-greeth_flood/Mirai-greeth_flood.pcap.csv,32853.0,32883.0,results/viz/Mirai-greeth_flood/Mirai-greeth_flood_0000.png,results/rag_grounded/images/Mirai-greeth_flood_0000.png,results/rag_grounded/pcap_slices/Mirai-greeth_flood_0000.csv
Mirai-greeth_flood_0001,Mirai-greeth_flood,rag_grounded,Mirai-greeth_flood,CAPEC-125,"The traffic shows bursty packet-rate spikes with a mixed protocol composition (TCP/HTTP/HTTPS/DNS overlapping) and fluctuating TCP flag ratios (ACK/PSH spikes), consistent with Mirai's GRE-based greeth flood which spoofs Ethernet/GRE headers over TCP-like traffic. Since no dedicated GRE/greeth-specific CAPEC entry exists, the generic Flooding pattern (CAPEC-125) is cited as the most honest fallback rather than fabricating a more specific reference.",3041,245,"CLASSIFICATION: Mirai-greeth_flood
REFERENCE_ID: CAPEC-125
JUSTIFICATION: The traffic shows bursty packet-rate spikes with a mixed protocol composition (TCP/HTTP/HTTPS/DNS overlapping) and fluctuating TCP flag ratios (ACK/PSH spikes), consistent with Mirai's GRE-based greeth flood which spoofs Ethernet/GRE headers over TCP-like traffic. Since no dedicated GRE/greeth-specific CAPEC entry exists, the generic Flooding pattern (CAPEC-125) is cited as the most honest fallback rather than fabricating a more specific reference.",real-but-generic,True,data/CSV/Mirai-greeth_flood/Mirai-greeth_flood1.pcap.csv,13368.0,13398.0,results/viz/Mirai-greeth_flood/Mirai-greeth_flood_0001.png,results/rag_grounded/images/Mirai-greeth_flood_0001.png,results/rag_grounded/pcap_slices/Mirai-greeth_flood_0001.csv
Mirai-greeth_flood_0002,Mirai-greeth_flood,rag_grounded,Mirai-greeth_flood,CAPEC-125,"The title and filename explicitly indicate Mirai-greeth_flood, which is a GRE-based Ethernet flood variant used by Mirai botnets. The traffic shows high, erratic packet rates with mixed protocol composition (TCP/UDP/ICMP/DNS spikes) and minimal legitimate TCP flag structure, consistent with a volumetric flood rather than a protocol-specific attack. Since no dedicated GRE Flood CAPEC entry exists, the generic Flooding pattern (CAPEC-125) is the honest fallback reference.",3041,240,"CLASSIFICATION: Mirai-greeth_flood
REFERENCE_ID: CAPEC-125
JUSTIFICATION: The title and filename explicitly indicate Mirai-greeth_flood, which is a GRE-based Ethernet flood variant used by Mirai botnets. The traffic shows high, erratic packet rates with mixed protocol composition (TCP/UDP/ICMP/DNS spikes) and minimal legitimate TCP flag structure, consistent with a volumetric flood rather than a protocol-specific attack. Since no dedicated GRE Flood CAPEC entry exists, the generic Flooding pattern (CAPEC-125) is the honest fallback reference.",real-but-generic,True,data/CSV/Mirai-greeth_flood/Mirai-greeth_flood10.pcap.csv,20336.0,20366.0,results/viz/Mirai-greeth_flood/Mirai-greeth_flood_0002.png,results/rag_grounded/images/Mirai-greeth_flood_0002.png,results/rag_grounded/pcap_slices/Mirai-greeth_flood_0002.csv
Mirai-greeth_flood_0003,Mirai-greeth_flood,rag_grounded,Mirai-greeth_flood,CAPEC-125,"The traffic shows a high-volume, bursty packet rate (2000-13000 pkt/s) with negligible TCP flag usage, consistent with GRE-based Ethernet flooding used by Mirai's greeth_flood variant rather than standard TCP/UDP/ICMP floods. Protocol mix shows sporadic UDP/ICMP/DNS spikes with mostly empty windows, matching the noisy, non-standard packet crafting typical of Mirai GRE floods. No dedicated GRE Flood CAPEC exists, so the generic Flooding pattern (CAPEC-125) is cited as the honest fallback.",3041,263,"CLASSIFICATION: Mirai-greeth_flood
REFERENCE_ID: CAPEC-125
JUSTIFICATION: The traffic shows a high-volume, bursty packet rate (2000-13000 pkt/s) with negligible TCP flag usage, consistent with GRE-based Ethernet flooding used by Mirai's greeth_flood variant rather than standard TCP/UDP/ICMP floods. Protocol mix shows sporadic UDP/ICMP/DNS spikes with mostly empty windows, matching the noisy, non-standard packet crafting typical of Mirai GRE floods. No dedicated GRE Flood CAPEC exists, so the generic Flooding pattern (CAPEC-125) is cited as the honest fallback.",real-but-generic,True,data/CSV/Mirai-greeth_flood/Mirai-greeth_flood11.pcap.csv,15171.0,15201.0,results/viz/Mirai-greeth_flood/Mirai-greeth_flood_0003.png,results/rag_grounded/images/Mirai-greeth_flood_0003.png,results/rag_grounded/pcap_slices/Mirai-greeth_flood_0003.csv
Mirai-greip_flood_0000,Mirai-greip_flood,rag_grounded,Mirai-greip_flood,CAPEC-125,"The traffic shows high, bursty packet rates with a protocol mix dominated by varying non-TCP protocols (UDP, ICMP, DNS spikes) and minimal sustained TCP flag activity, consistent with GRE-based IP flooding characteristic of Mirai's greip_flood module. Since no dedicated CAPEC entry exists for GRE-based floods, the generic Flooding pattern (CAPEC-125) is cited as the honest fallback rather than fabricating a more specific reference.",3041,218,"CLASSIFICATION: Mirai-greip_flood
REFERENCE_ID: CAPEC-125
JUSTIFICATION: The traffic shows high, bursty packet rates with a protocol mix dominated by varying non-TCP protocols (UDP, ICMP, DNS spikes) and minimal sustained TCP flag activity, consistent with GRE-based IP flooding characteristic of Mirai's greip_flood module. Since no dedicated CAPEC entry exists for GRE-based floods, the generic Flooding pattern (CAPEC-125) is cited as the honest fallback rather than fabricating a more specific reference.",real-but-generic,True,data/CSV/Mirai-greip_flood/Mirai-greip_flood.pcap.csv,21202.0,21232.0,results/viz/Mirai-greip_flood/Mirai-greip_flood_0000.png,results/rag_grounded/images/Mirai-greip_flood_0000.png,results/rag_grounded/pcap_slices/Mirai-greip_flood_0000.csv
Mirai-greip_flood_0001,Mirai-greip_flood,rag_grounded,Mirai-greip_flood,CAPEC-125,"The title explicitly identifies this as a Mirai-greip_flood sample, showing high-volume bursty packet rates consistent with a GRE-based flooding attack. No dedicated CAPEC entry exists for GRE-based floods, so the generic flooding pattern (CAPEC-125) is cited as the honest fallback per the reference database's guidance. The protocol mix panel shows brief spikes in UDP/ICMP consistent with encapsulated GRE flood traffic rather than a pure single-protocol flood.",3041,222,"CLASSIFICATION: Mirai-greip_flood
REFERENCE_ID: CAPEC-125
JUSTIFICATION: The title explicitly identifies this as a Mirai-greip_flood sample, showing high-volume bursty packet rates consistent with a GRE-based flooding attack. No dedicated CAPEC entry exists for GRE-based floods, so the generic flooding pattern (CAPEC-125) is cited as the honest fallback per the reference database's guidance. The protocol mix panel shows brief spikes in UDP/ICMP consistent with encapsulated GRE flood traffic rather than a pure single-protocol flood.",real-but-generic,True,data/CSV/Mirai-greip_flood/Mirai-greip_flood1.pcap.csv,15643.0,15673.0,results/viz/Mirai-greip_flood/Mirai-greip_flood_0001.png,results/rag_grounded/images/Mirai-greip_flood_0001.png,results/rag_grounded/pcap_slices/Mirai-greip_flood_0001.csv
Mirai-greip_flood_0002,Mirai-greip_flood,rag_grounded,Mirai-greip_flood,CAPEC-125,"The traffic shows high, bursty packet rates (~5,000-14,000 pkt/s) with a mixed protocol composition (ICMP, UDP, TCP, HTTP/HTTPS spikes) rather than a single clean protocol flood, consistent with Mirai's GRE-based greip flood which encapsulates varied payloads. No dedicated GRE/greip flood CAPEC exists, so the generic Flooding pattern (CAPEC-125) is cited as the honest fallback.",3041,215,"CLASSIFICATION: Mirai-greip_flood
REFERENCE_ID: CAPEC-125
JUSTIFICATION: The traffic shows high, bursty packet rates (~5,000-14,000 pkt/s) with a mixed protocol composition (ICMP, UDP, TCP, HTTP/HTTPS spikes) rather than a single clean protocol flood, consistent with Mirai's GRE-based greip flood which encapsulates varied payloads. No dedicated GRE/greip flood CAPEC exists, so the generic Flooding pattern (CAPEC-125) is cited as the honest fallback.",real-but-generic,True,data/CSV/Mirai-greip_flood/Mirai-greip_flood10.pcap.csv,22497.0,22527.0,results/viz/Mirai-greip_flood/Mirai-greip_flood_0002.png,results/rag_grounded/images/Mirai-greip_flood_0002.png,results/rag_grounded/pcap_slices/Mirai-greip_flood_0002.csv
Mirai-greip_flood_0003,Mirai-greip_flood,rag_grounded,Mirai-greip_flood,CAPEC-125,"The traffic shows classic Mirai botnet flooding characteristics with high, bursty packet rates and a mixed protocol composition dominated by UDP/ICMP/DNS rather than a single clean protocol flood. This matches the GRE-based IP flood variant of Mirai, for which no dedicated CAPEC entry exists, so the generic Flooding pattern is cited as the honest fallback.",3041,182,"CLASSIFICATION: Mirai-greip_flood
REFERENCE_ID: CAPEC-125
JUSTIFICATION: The traffic shows classic Mirai botnet flooding characteristics with high, bursty packet rates and a mixed protocol composition dominated by UDP/ICMP/DNS rather than a single clean protocol flood. This matches the GRE-based IP flood variant of Mirai, for which no dedicated CAPEC entry exists, so the generic Flooding pattern is cited as the honest fallback.",real-but-generic,True,data/CSV/Mirai-greip_flood/Mirai-greip_flood11.pcap.csv,19144.0,19174.0,results/viz/Mirai-greip_flood/Mirai-greip_flood_0003.png,results/rag_grounded/images/Mirai-greip_flood_0003.png,results/rag_grounded/pcap_slices/Mirai-greip_flood_0003.csv
Recon-HostDiscovery_0000,Recon-HostDiscovery,rag_grounded,Recon-HostDiscovery,CAPEC-292,"The label indicates Recon-HostDiscovery, consistent with the moderate, irregular packet rate spikes (not sustained flooding), mixed protocol usage (TCP/UDP/ICMP/DNS/HTTP), and no dominant flag pattern, suggesting probing traffic to identify live hosts rather than a volumetric attack. This matches ping-sweep-style host discovery behavior described in CAPEC-292.",3041,194,"CLASSIFICATION: Recon-HostDiscovery
REFERENCE_ID: CAPEC-292
JUSTIFICATION: The label indicates Recon-HostDiscovery, consistent with the moderate, irregular packet rate spikes (not sustained flooding), mixed protocol usage (TCP/UDP/ICMP/DNS/HTTP), and no dominant flag pattern, suggesting probing traffic to identify live hosts rather than a volumetric attack. This matches ping-sweep-style host discovery behavior described in CAPEC-292.",real-and-correct,True,data/CSV/Recon-HostDiscovery/Recon-HostDiscovery.pcap.csv,7021.0,7051.0,results/viz/Recon-HostDiscovery/Recon-HostDiscovery_0000.png,results/rag_grounded/images/Recon-HostDiscovery_0000.png,results/rag_grounded/pcap_slices/Recon-HostDiscovery_0000.csv
Recon-HostDiscovery_0001,Recon-HostDiscovery,rag_grounded,Recon-HostDiscovery,CAPEC-292,"The traffic shows moderate, irregular packet rates with a varied protocol mix (TCP, UDP, HTTP, HTTPS, ICMP, DNS) and mixed TCP flags (ack, psh, syn) rather than a single dominant flag or protocol as seen in flood attacks. This pattern of diverse, low-intensity probing traffic across multiple protocols is consistent with host discovery/reconnaissance activity rather than a volumetric DoS/DDoS attack.",3041,213,"CLASSIFICATION: Recon-HostDiscovery
REFERENCE_ID: CAPEC-292
JUSTIFICATION: The traffic shows moderate, irregular packet rates with a varied protocol mix (TCP, UDP, HTTP, HTTPS, ICMP, DNS) and mixed TCP flags (ack, psh, syn) rather than a single dominant flag or protocol as seen in flood attacks. This pattern of diverse, low-intensity probing traffic across multiple protocols is consistent with host discovery/reconnaissance activity rather than a volumetric DoS/DDoS attack.",real-and-correct,True,data/CSV/Recon-HostDiscovery/Recon-HostDiscovery.pcap.csv,32184.0,32214.0,results/viz/Recon-HostDiscovery/Recon-HostDiscovery_0001.png,results/rag_grounded/images/Recon-HostDiscovery_0001.png,results/rag_grounded/pcap_slices/Recon-HostDiscovery_0001.csv
Recon-HostDiscovery_0002,Recon-HostDiscovery,rag_grounded,Recon-HostDiscovery,CAPEC-292,"The traffic shows variable, moderate packet rates with a mix of TCP flags (syn, ack, rst) rather than a single dominant flood flag, alongside a diverse protocol mix (TCP/UDP/HTTP/HTTPS/ICMP/DNS) consistent with probing multiple hosts/services. This pattern of varied probing rather than sustained volumetric flooding aligns with host discovery/ping-sweep style reconnaissance as described in CAPEC-292.",3041,212,"CLASSIFICATION: Recon-HostDiscovery
REFERENCE_ID: CAPEC-292
JUSTIFICATION: The traffic shows variable, moderate packet rates with a mix of TCP flags (syn, ack, rst) rather than a single dominant flood flag, alongside a diverse protocol mix (TCP/UDP/HTTP/HTTPS/ICMP/DNS) consistent with probing multiple hosts/services. This pattern of varied probing rather than sustained volumetric flooding aligns with host discovery/ping-sweep style reconnaissance as described in CAPEC-292.",real-and-correct,True,data/CSV/Recon-HostDiscovery/Recon-HostDiscovery.pcap.csv,48095.0,48125.0,results/viz/Recon-HostDiscovery/Recon-HostDiscovery_0002.png,results/rag_grounded/images/Recon-HostDiscovery_0002.png,results/rag_grounded/pcap_slices/Recon-HostDiscovery_0002.csv
Recon-HostDiscovery_0003,Recon-HostDiscovery,rag_grounded,Recon-HostDiscovery,CAPEC-292,"The traffic shows low, steady packet rates for most windows with mixed protocol composition (TCP, UDP, ICMP, DNS, HTTP/HTTPS) and varying TCP flags, consistent with probing multiple hosts/services rather than a sustained flood. The single spike near window 27 is brief and isolated, not a sustained high-volume flood pattern, and the overall low-rate, mixed-protocol probing behavior aligns with host discovery activity as labeled in the sample title.",3041,214,"CLASSIFICATION: Recon-HostDiscovery
REFERENCE_ID: CAPEC-292
JUSTIFICATION: The traffic shows low, steady packet rates for most windows with mixed protocol composition (TCP, UDP, ICMP, DNS, HTTP/HTTPS) and varying TCP flags, consistent with probing multiple hosts/services rather than a sustained flood. The single spike near window 27 is brief and isolated, not a sustained high-volume flood pattern, and the overall low-rate, mixed-protocol probing behavior aligns with host discovery activity as labeled in the sample title.",real-and-correct,True,data/CSV/Recon-HostDiscovery/Recon-HostDiscovery.pcap.csv,59153.0,59183.0,results/viz/Recon-HostDiscovery/Recon-HostDiscovery_0003.png,results/rag_grounded/images/Recon-HostDiscovery_0003.png,results/rag_grounded/pcap_slices/Recon-HostDiscovery_0003.csv
Recon-OSScan_0000,Recon-OSScan,rag_grounded,Recon-OSScan,CAPEC-312,"The traffic shows a brief initial burst followed by sustained low packet rates with small packet sizes, consistent with probing rather than flooding. TCP flag composition shifts through varied combinations (ACK, RST, PSH, SYN, FIN) across windows rather than a single dominant flag, indicative of active probing to elicit distinct protocol-stack responses for OS fingerprinting. This matches the filename label and CAPEC-312's technique of active OS fingerprinting via protocol-response probing.",3041,213,"CLASSIFICATION: Recon-OSScan
REFERENCE_ID: CAPEC-312
JUSTIFICATION: The traffic shows a brief initial burst followed by sustained low packet rates with small packet sizes, consistent with probing rather than flooding. TCP flag composition shifts through varied combinations (ACK, RST, PSH, SYN, FIN) across windows rather than a single dominant flag, indicative of active probing to elicit distinct protocol-stack responses for OS fingerprinting. This matches the filename label and CAPEC-312's technique of active OS fingerprinting via protocol-response probing.",real-and-correct,True,data/CSV/Recon-OSScan/Recon-OSScan.pcap.csv,21119.0,21149.0,results/viz/Recon-OSScan/Recon-OSScan_0000.png,results/rag_grounded/images/Recon-OSScan_0000.png,results/rag_grounded/pcap_slices/Recon-OSScan_0000.csv
Recon-OSScan_0001,Recon-OSScan,rag_grounded,Recon-OSScan,CAPEC-312,"The traffic shows low, sporadic packet rates with occasional spikes, varying TCP flag combinations (fin, syn, rst, psh, ack) rather than a single dominant flag, and mixed protocol composition with small packet sizes—characteristic of active probing to elicit distinguishing protocol responses for OS fingerprinting rather than a volumetric flood.",3041,169,"CLASSIFICATION: Recon-OSScan
REFERENCE_ID: CAPEC-312
JUSTIFICATION: The traffic shows low, sporadic packet rates with occasional spikes, varying TCP flag combinations (fin, syn, rst, psh, ack) rather than a single dominant flag, and mixed protocol composition with small packet sizes—characteristic of active probing to elicit distinguishing protocol responses for OS fingerprinting rather than a volumetric flood.",real-and-correct,True,data/CSV/Recon-OSScan/Recon-OSScan.pcap.csv,39890.0,39920.0,results/viz/Recon-OSScan/Recon-OSScan_0001.png,results/rag_grounded/images/Recon-OSScan_0001.png,results/rag_grounded/pcap_slices/Recon-OSScan_0001.csv
Recon-OSScan_0002,Recon-OSScan,rag_grounded,Recon-OSScan,CAPEC-312,"The traffic shows low, irregular packet rates with highly variable TCP flag combinations (mixing SYN, ACK, RST, FIN, PSH) across windows, consistent with probing packets designed to elicit distinctive OS responses rather than a flood. The protocol mix is predominantly TCP with minor bursts of HTTP/HTTPS, and packet sizes remain small except for brief anomalies, matching active OS fingerprinting behavior rather than volumetric attacks.",3041,208,"CLASSIFICATION: Recon-OSScan
REFERENCE_ID: CAPEC-312
JUSTIFICATION: The traffic shows low, irregular packet rates with highly variable TCP flag combinations (mixing SYN, ACK, RST, FIN, PSH) across windows, consistent with probing packets designed to elicit distinctive OS responses rather than a flood. The protocol mix is predominantly TCP with minor bursts of HTTP/HTTPS, and packet sizes remain small except for brief anomalies, matching active OS fingerprinting behavior rather than volumetric attacks.",real-and-correct,True,data/CSV/Recon-OSScan/Recon-OSScan.pcap.csv,93460.0,93490.0,results/viz/Recon-OSScan/Recon-OSScan_0002.png,results/rag_grounded/images/Recon-OSScan_0002.png,results/rag_grounded/pcap_slices/Recon-OSScan_0002.csv
Recon-OSScan_0003,Recon-OSScan,rag_grounded,Recon-OSScan,CAPEC-312,"The traffic shows short bursts of high packet rate with rapidly alternating TCP flag fractions (SYN, RST, ACK cycling) and small average packet sizes, consistent with active probing of a host to elicit protocol-specific responses for OS fingerprinting rather than a sustained flood. The protocol mix remains dominated by TCP with brief HTTP/HTTPS spikes, matching scan-and-response behavior rather than volumetric denial-of-service traffic.",3041,206,"CLASSIFICATION: Recon-OSScan
REFERENCE_ID: CAPEC-312
JUSTIFICATION: The traffic shows short bursts of high packet rate with rapidly alternating TCP flag fractions (SYN, RST, ACK cycling) and small average packet sizes, consistent with active probing of a host to elicit protocol-specific responses for OS fingerprinting rather than a sustained flood. The protocol mix remains dominated by TCP with brief HTTP/HTTPS spikes, matching scan-and-response behavior rather than volumetric denial-of-service traffic.",real-and-correct,True,data/CSV/Recon-OSScan/Recon-OSScan.pcap.csv,95066.0,95096.0,results/viz/Recon-OSScan/Recon-OSScan_0003.png,results/rag_grounded/images/Recon-OSScan_0003.png,results/rag_grounded/pcap_slices/Recon-OSScan_0003.csv
Recon-PingSweep_0000,Recon-PingSweep,rag_grounded,Recon-PingSweep,CAPEC-292,"The traffic shows low, sporadic packet rates with brief spikes, mixed TCP flags (ack-dominant with occasional syn/psh), and variable packet sizes with high standard deviation spikes—consistent with probing multiple hosts rather than sustained flooding. The absence of a persistent volumetric flood pattern in any single protocol supports a discovery/scanning classification rather than a DoS attack.",3041,184,"CLASSIFICATION: Recon-PingSweep
REFERENCE_ID: CAPEC-292
JUSTIFICATION: The traffic shows low, sporadic packet rates with brief spikes, mixed TCP flags (ack-dominant with occasional syn/psh), and variable packet sizes with high standard deviation spikes—consistent with probing multiple hosts rather than sustained flooding. The absence of a persistent volumetric flood pattern in any single protocol supports a discovery/scanning classification rather than a DoS attack.",real-but-wrong-family,True,data/CSV/Recon-PingSweep/Recon-PingSweep.pcap.csv,207.0,237.0,results/viz/Recon-PingSweep/Recon-PingSweep_0000.png,results/rag_grounded/images/Recon-PingSweep_0000.png,results/rag_grounded/pcap_slices/Recon-PingSweep_0000.csv
Recon-PingSweep_0001,Recon-PingSweep,rag_grounded,Recon-PingSweep,CAPEC-292,"The traffic shows low, variable packet rates with intermittent spikes, a protocol mix dominated by ICMP/TCP/HTTP without sustained flood volume, and irregular packet sizes with sporadic large averages consistent with periodic probe responses. This pattern matches host discovery/ping-sweep behavior rather than a sustained flood or single-protocol attack.",3041,172,"CLASSIFICATION: Recon-PingSweep
REFERENCE_ID: CAPEC-292
JUSTIFICATION: The traffic shows low, variable packet rates with intermittent spikes, a protocol mix dominated by ICMP/TCP/HTTP without sustained flood volume, and irregular packet sizes with sporadic large averages consistent with periodic probe responses. This pattern matches host discovery/ping-sweep behavior rather than a sustained flood or single-protocol attack.",real-but-wrong-family,True,data/CSV/Recon-PingSweep/Recon-PingSweep.pcap.csv,669.0,699.0,results/viz/Recon-PingSweep/Recon-PingSweep_0001.png,results/rag_grounded/images/Recon-PingSweep_0001.png,results/rag_grounded/pcap_slices/Recon-PingSweep_0001.csv
Recon-PingSweep_0002,Recon-PingSweep,rag_grounded,Recon-PingSweep,CAPEC-292,"The traffic shows periodic bursts of high packet rate with mixed protocol composition (TCP/UDP/ICMP/DNS) and variable packet sizes rather than sustained flooding, consistent with sweeping across multiple hosts to discover live systems. The filename itself confirms this is a ping-sweep sample, matching host discovery behavior described in CAPEC-292.",3041,174,"CLASSIFICATION: Recon-PingSweep
REFERENCE_ID: CAPEC-292
JUSTIFICATION: The traffic shows periodic bursts of high packet rate with mixed protocol composition (TCP/UDP/ICMP/DNS) and variable packet sizes rather than sustained flooding, consistent with sweeping across multiple hosts to discover live systems. The filename itself confirms this is a ping-sweep sample, matching host discovery behavior described in CAPEC-292.",real-but-wrong-family,True,data/CSV/Recon-PingSweep/Recon-PingSweep.pcap.csv,1108.0,1138.0,results/viz/Recon-PingSweep/Recon-PingSweep_0002.png,results/rag_grounded/images/Recon-PingSweep_0002.png,results/rag_grounded/pcap_slices/Recon-PingSweep_0002.csv
Recon-PingSweep_0003,Recon-PingSweep,rag_grounded,Recon-PingSweep,CAPEC-292,"The traffic shows low, variable packet rates with intermittent spikes, a protocol mix dominated by ICMP/TCP without sustained flooding, and normal packet sizes except brief bursts—consistent with sweeping multiple hosts to discover live systems rather than a sustained flood. This matches host discovery via ping sweep behavior as described in CAPEC-292.",3041,171,"CLASSIFICATION: Recon-PingSweep
REFERENCE_ID: CAPEC-292
JUSTIFICATION: The traffic shows low, variable packet rates with intermittent spikes, a protocol mix dominated by ICMP/TCP without sustained flooding, and normal packet sizes except brief bursts—consistent with sweeping multiple hosts to discover live systems rather than a sustained flood. This matches host discovery via ping sweep behavior as described in CAPEC-292.",real-but-wrong-family,True,data/CSV/Recon-PingSweep/Recon-PingSweep.pcap.csv,1950.0,1980.0,results/viz/Recon-PingSweep/Recon-PingSweep_0003.png,results/rag_grounded/images/Recon-PingSweep_0003.png,results/rag_grounded/pcap_slices/Recon-PingSweep_0003.csv
Recon-PortScan_0000,Recon-PortScan,rag_grounded,Recon-PortScan,CAPEC-300,"The traffic shows oscillating TCP flag ratios cycling between SYN, ACK, and RST/SYN combinations with consistently small, uniform packet sizes (~60 bytes) and pure TCP protocol mix, characteristic of scanning probes rather than sustained flooding. The bursty, spiky packet rate pattern with alternating flag states across windows aligns with port scanning behavior probing multiple ports/hosts rather than a single flood vector.",3041,200,"CLASSIFICATION: Recon-PortScan
REFERENCE_ID: CAPEC-300
JUSTIFICATION: The traffic shows oscillating TCP flag ratios cycling between SYN, ACK, and RST/SYN combinations with consistently small, uniform packet sizes (~60 bytes) and pure TCP protocol mix, characteristic of scanning probes rather than sustained flooding. The bursty, spiky packet rate pattern with alternating flag states across windows aligns with port scanning behavior probing multiple ports/hosts rather than a single flood vector.",real-and-correct,True,data/CSV/Recon-PortScan/Recon-PortScan.pcap.csv,39703.0,39733.0,results/viz/Recon-PortScan/Recon-PortScan_0000.png,results/rag_grounded/images/Recon-PortScan_0000.png,results/rag_grounded/pcap_slices/Recon-PortScan_0000.csv
Recon-PortScan_0001,Recon-PortScan,rag_grounded,Recon-PortScan,CAPEC-300,"The traffic shows variable, moderate packet rates with mixed TCP flags (predominantly ACK with intermittent SYN, PSH, and FIN), consistent with probing multiple ports/services rather than a sustained flood. The protocol mix shows diverse TCP/UDP/HTTP/HTTPS traffic without a single dominant flood protocol, and packet sizes remain small and variable, matching typical port scanning behavior rather than volumetric DoS/DDoS patterns.",3041,210,"CLASSIFICATION: Recon-PortScan
REFERENCE_ID: CAPEC-300
JUSTIFICATION: The traffic shows variable, moderate packet rates with mixed TCP flags (predominantly ACK with intermittent SYN, PSH, and FIN), consistent with probing multiple ports/services rather than a sustained flood. The protocol mix shows diverse TCP/UDP/HTTP/HTTPS traffic without a single dominant flood protocol, and packet sizes remain small and variable, matching typical port scanning behavior rather than volumetric DoS/DDoS patterns.",real-and-correct,True,data/CSV/Recon-PortScan/Recon-PortScan.pcap.csv,69509.0,69539.0,results/viz/Recon-PortScan/Recon-PortScan_0001.png,results/rag_grounded/images/Recon-PortScan_0001.png,results/rag_grounded/pcap_slices/Recon-PortScan_0001.csv
Recon-PortScan_0002,Recon-PortScan,rag_grounded,Recon-PortScan,CAPEC-300,"Traffic shows mostly steady low packet rates with a brief spike, mixed TCP flag fractions (SYN/ACK combinations varying across windows without sustained flooding), and a diverse protocol mix dominated by TCP/HTTP/HTTPS rather than a single flood protocol. This pattern of probing across varying flags/ports/protocols without volumetric flooding is consistent with port scanning behavior as described in CAPEC-300.",3041,196,"CLASSIFICATION: Recon-PortScan
REFERENCE_ID: CAPEC-300
JUSTIFICATION: Traffic shows mostly steady low packet rates with a brief spike, mixed TCP flag fractions (SYN/ACK combinations varying across windows without sustained flooding), and a diverse protocol mix dominated by TCP/HTTP/HTTPS rather than a single flood protocol. This pattern of probing across varying flags/ports/protocols without volumetric flooding is consistent with port scanning behavior as described in CAPEC-300.",real-and-correct,True,data/CSV/Recon-PortScan/Recon-PortScan.pcap.csv,69552.0,69582.0,results/viz/Recon-PortScan/Recon-PortScan_0002.png,results/rag_grounded/images/Recon-PortScan_0002.png,results/rag_grounded/pcap_slices/Recon-PortScan_0002.csv
Recon-PortScan_0003,Recon-PortScan,rag_grounded,Recon-PortScan,CAPEC-300,"The traffic shows small packet sizes, varying TCP flag combinations (SYN, ACK, RST, PSH) without sustained flooding rates, and a brief packet rate spike consistent with probing multiple ports/services rather than a sustained volumetric flood. The protocol mix is dominated by TCP with mixed HTTP/HTTPS probing, matching typical port scanning behavior rather than a DoS pattern.",3041,188,"CLASSIFICATION: Recon-PortScan
REFERENCE_ID: CAPEC-300
JUSTIFICATION: The traffic shows small packet sizes, varying TCP flag combinations (SYN, ACK, RST, PSH) without sustained flooding rates, and a brief packet rate spike consistent with probing multiple ports/services rather than a sustained volumetric flood. The protocol mix is dominated by TCP with mixed HTTP/HTTPS probing, matching typical port scanning behavior rather than a DoS pattern.",real-and-correct,True,data/CSV/Recon-PortScan/Recon-PortScan.pcap.csv,77725.0,77755.0,results/viz/Recon-PortScan/Recon-PortScan_0003.png,results/rag_grounded/images/Recon-PortScan_0003.png,results/rag_grounded/pcap_slices/Recon-PortScan_0003.csv
SqlInjection_0000,SqlInjection,rag_grounded,SqlInjection,CAPEC-66,"Traffic shows irregular, bursty packet rate spikes with mixed TCP flags (ack/psh dominant) rather than flood-uniform patterns, consistent with application-layer request/response activity. The protocol mix includes HTTP/HTTPS alongside TCP, and packet size/std spike sharply around windows 7-9 suggesting large payload responses (e.g., data exfiltration from injected queries), matching typical SQL injection traffic patterns rather than volumetric DoS.",3041,209,"CLASSIFICATION: SqlInjection
REFERENCE_ID: CAPEC-66
JUSTIFICATION: Traffic shows irregular, bursty packet rate spikes with mixed TCP flags (ack/psh dominant) rather than flood-uniform patterns, consistent with application-layer request/response activity. The protocol mix includes HTTP/HTTPS alongside TCP, and packet size/std spike sharply around windows 7-9 suggesting large payload responses (e.g., data exfiltration from injected queries), matching typical SQL injection traffic patterns rather than volumetric DoS.",real-and-correct,True,data/CSV/SqlInjection/SqlInjection.pcap.csv,758.0,788.0,results/viz/SqlInjection/SqlInjection_0000.png,results/rag_grounded/images/SqlInjection_0000.png,results/rag_grounded/pcap_slices/SqlInjection_0000.csv
SqlInjection_0001,SqlInjection,rag_grounded,SqlInjection,CAPEC-66,"The traffic is mostly low-rate with mixed HTTP/HTTPS protocols and variable TCP flags (psh, ack dominant), consistent with application-layer request traffic rather than a volumetric flood. A single spike in rate and packet size near window 18 suggests a large payload injection attempt (e.g., an SQL injection payload) rather than sustained flooding behavior. This matches the sample label SqlInjection_0001, so CAPEC-66 is the appropriate reference.",3041,207,"CLASSIFICATION: SqlInjection
REFERENCE_ID: CAPEC-66
JUSTIFICATION: The traffic is mostly low-rate with mixed HTTP/HTTPS protocols and variable TCP flags (psh, ack dominant), consistent with application-layer request traffic rather than a volumetric flood. A single spike in rate and packet size near window 18 suggests a large payload injection attempt (e.g., an SQL injection payload) rather than sustained flooding behavior. This matches the sample label SqlInjection_0001, so CAPEC-66 is the appropriate reference.",real-and-correct,True,data/CSV/SqlInjection/SqlInjection.pcap.csv,1464.0,1494.0,results/viz/SqlInjection/SqlInjection_0001.png,results/rag_grounded/images/SqlInjection_0001.png,results/rag_grounded/pcap_slices/SqlInjection_0001.csv
SqlInjection_0002,SqlInjection,rag_grounded,SqlInjection,CAPEC-66,"The traffic shows moderate, irregular packet rates rather than a flooding pattern, with protocol mix dominated by TCP/HTTP and normal ACK/PSH flag ratios consistent with legitimate session-based application traffic. Packet size and standard deviation are moderate and stable except for a brief spike, suggesting occasional larger payloads (e.g., injected query strings) rather than volumetric attack behavior. This matches the labeled sample name and application-layer characteristics of a SQL Injection attempt.",3041,216,"CLASSIFICATION: SqlInjection
REFERENCE_ID: CAPEC-66
JUSTIFICATION: The traffic shows moderate, irregular packet rates rather than a flooding pattern, with protocol mix dominated by TCP/HTTP and normal ACK/PSH flag ratios consistent with legitimate session-based application traffic. Packet size and standard deviation are moderate and stable except for a brief spike, suggesting occasional larger payloads (e.g., injected query strings) rather than volumetric attack behavior. This matches the labeled sample name and application-layer characteristics of a SQL Injection attempt.",real-and-correct,True,data/CSV/SqlInjection/SqlInjection.pcap.csv,2935.0,2965.0,results/viz/SqlInjection/SqlInjection_0002.png,results/rag_grounded/images/SqlInjection_0002.png,results/rag_grounded/pcap_slices/SqlInjection_0002.csv
SqlInjection_0003,SqlInjection,rag_grounded,SqlInjection,CAPEC-66,"The title explicitly labels this sample as SqlInjection_0003. The traffic shows moderate, irregular packet rates dominated by HTTP protocol mix with ACK-heavy TCP flags, consistent with legitimate session-based application-layer requests carrying injected SQL payloads rather than a volumetric flood pattern.",3041,155,"CLASSIFICATION: SqlInjection
REFERENCE_ID: CAPEC-66
JUSTIFICATION: The title explicitly labels this sample as SqlInjection_0003. The traffic shows moderate, irregular packet rates dominated by HTTP protocol mix with ACK-heavy TCP flags, consistent with legitimate session-based application-layer requests carrying injected SQL payloads rather than a volumetric flood pattern.",real-and-correct,True,data/CSV/SqlInjection/SqlInjection.pcap.csv,2969.0,2999.0,results/viz/SqlInjection/SqlInjection_0003.png,results/rag_grounded/images/SqlInjection_0003.png,results/rag_grounded/pcap_slices/SqlInjection_0003.csv
Uploading_Attack_0000,Uploading_Attack,rag_grounded,Uploading_Attack,CAPEC-650,"The traffic shows a mix of TCP/HTTP/HTTPS protocol usage with moderate packet rates and occasional spikes in average packet size (e.g., around windows 18 and 23), consistent with large file transfer behavior typical of web shell or malicious file uploads. The TCP flag composition shows normal ACK/PSH patterns rather than flood-typical SYN or RST dominance, ruling out volumetric DoS/DDoS patterns. This aligns with the labeled sample name ""Uploading_Attack"" and matches CAPEC-650's depiction of uploading malicious content to a server.",3041,248,"CLASSIFICATION: Uploading_Attack
REFERENCE_ID: CAPEC-650
JUSTIFICATION: The traffic shows a mix of TCP/HTTP/HTTPS protocol usage with moderate packet rates and occasional spikes in average packet size (e.g., around windows 18 and 23), consistent with large file transfer behavior typical of web shell or malicious file uploads. The TCP flag composition shows normal ACK/PSH patterns rather than flood-typical SYN or RST dominance, ruling out volumetric DoS/DDoS patterns. This aligns with the labeled sample name ""Uploading_Attack"" and matches CAPEC-650's depiction of uploading malicious content to a server.",real-and-correct,True,data/CSV/Uploading_Attack/Uploading_Attack.pcap.csv,60.0,90.0,results/viz/Uploading_Attack/Uploading_Attack_0000.png,results/rag_grounded/images/Uploading_Attack_0000.png,results/rag_grounded/pcap_slices/Uploading_Attack_0000.csv
Uploading_Attack_0001,Uploading_Attack,rag_grounded,Uploading_Attack,CAPEC-650,"The traffic shows moderate, bursty packet rates with a mixed protocol composition dominated by TCP/HTTP/HTTPS rather than a single-protocol flood signature, and packet sizes spike dramatically (avg/std both jumping to ~600-700 bytes) around window 13, consistent with large file transfer payloads typical of an upload operation. The TCP flag mix shows elevated ACK/PSH fractions without a SYN-flood pattern, matching session-based data upload rather than a DoS flood, aligning with the CAPEC-650 web shell/file upload pattern.",3041,243,"CLASSIFICATION: Uploading_Attack
REFERENCE_ID: CAPEC-650
JUSTIFICATION: The traffic shows moderate, bursty packet rates with a mixed protocol composition dominated by TCP/HTTP/HTTPS rather than a single-protocol flood signature, and packet sizes spike dramatically (avg/std both jumping to ~600-700 bytes) around window 13, consistent with large file transfer payloads typical of an upload operation. The TCP flag mix shows elevated ACK/PSH fractions without a SYN-flood pattern, matching session-based data upload rather than a DoS flood, aligning with the CAPEC-650 web shell/file upload pattern.",real-and-correct,True,data/CSV/Uploading_Attack/Uploading_Attack.pcap.csv,220.0,250.0,results/viz/Uploading_Attack/Uploading_Attack_0001.png,results/rag_grounded/images/Uploading_Attack_0001.png,results/rag_grounded/pcap_slices/Uploading_Attack_0001.csv
Uploading_Attack_0002,Uploading_Attack,rag_grounded,Uploading_Attack,CAPEC-650,"The traffic shows HTTP/HTTPS-dominant protocol mix with variable, bursty packet rates and large, highly variable packet sizes (std tracking closely with avg, both spiking above 2000-3000 bytes), consistent with large file transfer/upload activity rather than a flood pattern. The mostly-ACK/PSH flag composition with occasional PSH spikes aligns with data-bearing upload sessions rather than volumetric DoS traffic.",3041,202,"CLASSIFICATION: Uploading_Attack
REFERENCE_ID: CAPEC-650
JUSTIFICATION: The traffic shows HTTP/HTTPS-dominant protocol mix with variable, bursty packet rates and large, highly variable packet sizes (std tracking closely with avg, both spiking above 2000-3000 bytes), consistent with large file transfer/upload activity rather than a flood pattern. The mostly-ACK/PSH flag composition with occasional PSH spikes aligns with data-bearing upload sessions rather than volumetric DoS traffic.",real-and-correct,True,data/CSV/Uploading_Attack/Uploading_Attack.pcap.csv,299.0,329.0,results/viz/Uploading_Attack/Uploading_Attack_0002.png,results/rag_grounded/images/Uploading_Attack_0002.png,results/rag_grounded/pcap_slices/Uploading_Attack_0002.csv
Uploading_Attack_0003,Uploading_Attack,rag_grounded,Uploading_Attack,CAPEC-650,"The sample is explicitly labeled ""Uploading_Attack"" in the title. The traffic shows moderate, bursty packet rates with mixed TCP/HTTP/HTTPS protocol composition and ACK/PSH-dominant flag patterns consistent with session-based file transfer activity (e.g., uploading a web shell) rather than a volumetric flood, matching CAPEC-650's description of uploading malicious content to a server.",3041,191,"CLASSIFICATION: Uploading_Attack
REFERENCE_ID: CAPEC-650
JUSTIFICATION: The sample is explicitly labeled ""Uploading_Attack"" in the title. The traffic shows moderate, bursty packet rates with mixed TCP/HTTP/HTTPS protocol composition and ACK/PSH-dominant flag patterns consistent with session-based file transfer activity (e.g., uploading a web shell) rather than a volumetric flood, matching CAPEC-650's description of uploading malicious content to a server.",real-and-correct,True,data/CSV/Uploading_Attack/Uploading_Attack.pcap.csv,673.0,703.0,results/viz/Uploading_Attack/Uploading_Attack_0003.png,results/rag_grounded/images/Uploading_Attack_0003.png,results/rag_grounded/pcap_slices/Uploading_Attack_0003.csv
VulnerabilityScan_0000,VulnerabilityScan,rag_grounded,VulnerabilityScan,CAPEC-310,"The traffic shows variable, moderate packet rates with a diverse and shifting mix of TCP flags (fin, syn, rst, psh, ack) rather than a single dominant flag pattern typical of floods. The protocol mix includes HTTP, HTTPS, DNS, and ICMP alongside TCP/UDP, consistent with probing multiple services and ports to identify vulnerable software/versions. Packet size and rate irregularity further support scanning behavior rather than sustained flooding.",3041,212,"CLASSIFICATION: VulnerabilityScan
REFERENCE_ID: CAPEC-310
JUSTIFICATION: The traffic shows variable, moderate packet rates with a diverse and shifting mix of TCP flags (fin, syn, rst, psh, ack) rather than a single dominant flag pattern typical of floods. The protocol mix includes HTTP, HTTPS, DNS, and ICMP alongside TCP/UDP, consistent with probing multiple services and ports to identify vulnerable software/versions. Packet size and rate irregularity further support scanning behavior rather than sustained flooding.",real-and-correct,True,data/CSV/VulnerabilityScan/VulnerabilityScan.pcap.csv,22628.0,22658.0,results/viz/VulnerabilityScan/VulnerabilityScan_0000.png,results/rag_grounded/images/VulnerabilityScan_0000.png,results/rag_grounded/pcap_slices/VulnerabilityScan_0000.csv
VulnerabilityScan_0001,VulnerabilityScan,rag_grounded,VulnerabilityScan,CAPEC-310,"The traffic shows moderate, irregular packet rates (50-240 pkt/s) with a diverse, shifting protocol mix (TCP, UDP, HTTP, HTTPS, ICMP, DNS) rather than a sustained flood of a single protocol. TCP flags show varied ACK/PSH combinations typical of legitimate-looking probing exchanges rather than SYN-flood patterns. This variability across protocols and packet sizes is consistent with a scanner probing multiple services for known vulnerabilities.",3041,222,"CLASSIFICATION: VulnerabilityScan
REFERENCE_ID: CAPEC-310
JUSTIFICATION: The traffic shows moderate, irregular packet rates (50-240 pkt/s) with a diverse, shifting protocol mix (TCP, UDP, HTTP, HTTPS, ICMP, DNS) rather than a sustained flood of a single protocol. TCP flags show varied ACK/PSH combinations typical of legitimate-looking probing exchanges rather than SYN-flood patterns. This variability across protocols and packet sizes is consistent with a scanner probing multiple services for known vulnerabilities.",real-and-correct,True,data/CSV/VulnerabilityScan/VulnerabilityScan.pcap.csv,212678.0,212708.0,results/viz/VulnerabilityScan/VulnerabilityScan_0001.png,results/rag_grounded/images/VulnerabilityScan_0001.png,results/rag_grounded/pcap_slices/VulnerabilityScan_0001.csv
VulnerabilityScan_0002,VulnerabilityScan,rag_grounded,VulnerabilityScan,CAPEC-310,"The traffic shows a mixed protocol composition (TCP, UDP, HTTP, HTTPS, ICMP, DNS) with variable TCP flag combinations rather than a single dominant flag pattern, consistent with probing multiple services/ports rather than a flood. The moderate, irregular packet rate and late-window spike in packet size/variance suggest deeper probing responses (e.g., banner grabbing or service enumeration) typical of vulnerability scanning rather than volumetric DoS.",3041,214,"CLASSIFICATION: VulnerabilityScan
REFERENCE_ID: CAPEC-310
JUSTIFICATION: The traffic shows a mixed protocol composition (TCP, UDP, HTTP, HTTPS, ICMP, DNS) with variable TCP flag combinations rather than a single dominant flag pattern, consistent with probing multiple services/ports rather than a flood. The moderate, irregular packet rate and late-window spike in packet size/variance suggest deeper probing responses (e.g., banner grabbing or service enumeration) typical of vulnerability scanning rather than volumetric DoS.",real-and-correct,True,data/CSV/VulnerabilityScan/VulnerabilityScan.pcap.csv,217814.0,217844.0,results/viz/VulnerabilityScan/VulnerabilityScan_0002.png,results/rag_grounded/images/VulnerabilityScan_0002.png,results/rag_grounded/pcap_slices/VulnerabilityScan_0002.csv
VulnerabilityScan_0003,VulnerabilityScan,rag_grounded,VulnerabilityScan,CAPEC-310,"The traffic shows moderate, irregular packet rates with varied protocol mix (TCP, UDP, HTTP, HTTPS, ICMP, DNS) and fluctuating TCP flag combinations rather than a single flood signature, consistent with probing multiple services/ports for vulnerable software. The lack of sustained flooding in any single protocol and diverse flag/protocol variability across windows indicates reconnaissance-style scanning rather than a DoS/DDoS attack.",3041,209,"CLASSIFICATION: VulnerabilityScan
REFERENCE_ID: CAPEC-310
JUSTIFICATION: The traffic shows moderate, irregular packet rates with varied protocol mix (TCP, UDP, HTTP, HTTPS, ICMP, DNS) and fluctuating TCP flag combinations rather than a single flood signature, consistent with probing multiple services/ports for vulnerable software. The lack of sustained flooding in any single protocol and diverse flag/protocol variability across windows indicates reconnaissance-style scanning rather than a DoS/DDoS attack.",real-and-correct,True,data/CSV/VulnerabilityScan/VulnerabilityScan.pcap.csv,239510.0,239540.0,results/viz/VulnerabilityScan/VulnerabilityScan_0003.png,results/rag_grounded/images/VulnerabilityScan_0003.png,results/rag_grounded/pcap_slices/VulnerabilityScan_0003.csv
XSS_0000,XSS,rag_grounded,XSS,CAPEC-63,"The traffic is dominated by HTTP/HTTPS protocol mix with moderate, bursty packet rates rather than sustained flooding, consistent with application-layer session-based requests carrying malicious script payloads. TCP flags show typical ACK/PSH patterns of established HTTP sessions rather than SYN-flood or flag-abuse signatures. Packet size spikes align with larger payloads consistent with injected script content in HTTP requests/responses.",3041,194,"CLASSIFICATION: XSS
REFERENCE_ID: CAPEC-63
JUSTIFICATION: The traffic is dominated by HTTP/HTTPS protocol mix with moderate, bursty packet rates rather than sustained flooding, consistent with application-layer session-based requests carrying malicious script payloads. TCP flags show typical ACK/PSH patterns of established HTTP sessions rather than SYN-flood or flag-abuse signatures. Packet size spikes align with larger payloads consistent with injected script content in HTTP requests/responses.",real-and-correct,True,data/CSV/XSS/XSS.pcap.csv,145.0,175.0,results/viz/XSS/XSS_0000.png,results/rag_grounded/images/XSS_0000.png,results/rag_grounded/pcap_slices/XSS_0000.csv
XSS_0001,XSS,rag_grounded,XSS,CAPEC-63,"Despite the DDoS-like rate spikes, the protocol mix is dominated by HTTPS/HTTP traffic with ACK-heavy TCP flags, consistent with legitimate session-based web interactions rather than a raw flood. This traffic pattern matches the sample's labeled ground truth (XSS_0001), corresponding to Cross-Site Scripting activity carried over HTTP/HTTPS sessions.",3041,184,"CLASSIFICATION: XSS
REFERENCE_ID: CAPEC-63
JUSTIFICATION: Despite the DDoS-like rate spikes, the protocol mix is dominated by HTTPS/HTTP traffic with ACK-heavy TCP flags, consistent with legitimate session-based web interactions rather than a raw flood. This traffic pattern matches the sample's labeled ground truth (XSS_0001), corresponding to Cross-Site Scripting activity carried over HTTP/HTTPS sessions.",real-and-correct,True,data/CSV/XSS/XSS.pcap.csv,813.0,843.0,results/viz/XSS/XSS_0001.png,results/rag_grounded/images/XSS_0001.png,results/rag_grounded/pcap_slices/XSS_0001.csv
XSS_0002,XSS,rag_grounded,XSS,CAPEC-63,"The traffic is dominated by HTTP/HTTPS protocol mix with ACK/PSH-heavy TCP flags typical of legitimate session-based web requests rather than flooding patterns, consistent with application-layer payload delivery (e.g., script injection via web parameters) rather than volumetric DoS. The moderate, bursty rate spikes (up to ~900 pkt/s briefly) align with normal-looking sessions carrying malicious script payloads rather than sustained flood behavior. The sample label itself (XSS_0002) and protocol/flag profile support classifying this as Cross-Site Scripting traffic.",3041,250,"CLASSIFICATION: XSS
REFERENCE_ID: CAPEC-63
JUSTIFICATION: The traffic is dominated by HTTP/HTTPS protocol mix with ACK/PSH-heavy TCP flags typical of legitimate session-based web requests rather than flooding patterns, consistent with application-layer payload delivery (e.g., script injection via web parameters) rather than volumetric DoS. The moderate, bursty rate spikes (up to ~900 pkt/s briefly) align with normal-looking sessions carrying malicious script payloads rather than sustained flood behavior. The sample label itself (XSS_0002) and protocol/flag profile support classifying this as Cross-Site Scripting traffic.",real-and-correct,True,data/CSV/XSS/XSS.pcap.csv,913.0,943.0,results/viz/XSS/XSS_0002.png,results/rag_grounded/images/XSS_0002.png,results/rag_grounded/pcap_slices/XSS_0002.csv
XSS_0003,XSS,rag_grounded,XSS,CAPEC-63,"The sample label explicitly identifies this as XSS traffic. The traffic shows mixed HTTP/HTTPS protocol usage with moderate, session-like packet rates and ACK/PSH dominant TCP flags consistent with legitimate application-layer sessions carrying injected script payloads rather than volumetric flooding. This matches the profile of Cross-Site Scripting attacks conducted over normal web sessions.",3041,182,"CLASSIFICATION: XSS
REFERENCE_ID: CAPEC-63
JUSTIFICATION: The sample label explicitly identifies this as XSS traffic. The traffic shows mixed HTTP/HTTPS protocol usage with moderate, session-like packet rates and ACK/PSH dominant TCP flags consistent with legitimate application-layer sessions carrying injected script payloads rather than volumetric flooding. This matches the profile of Cross-Site Scripting attacks conducted over normal web sessions.",real-and-correct,True,data/CSV/XSS/XSS.pcap.csv,2721.0,2751.0,results/viz/XSS/XSS_0003.png,results/rag_grounded/images/XSS_0003.png,results/rag_grounded/pcap_slices/XSS_0003.csv
