sample_id,true_class,condition,classification,reference_id,justification,input_tokens,output_tokens,raw_response,citation_grade,correct,source_file,row_start,row_end,image_path,copied_image_path,pcap_slice_path
DDoS-TCP_Flood_0000,DDoS-TCP_Flood,naive,DDoS-TCP_Flood,CAPEC-125,"The traffic shows a sustained high packet rate (10k-70k pkt/s) dominated almost exclusively by TCP protocol (protocol mix panel near 100% TCP), consistent with a TCP-based flooding attack. The TCP flag panel shows sporadic spikes in ACK, SYN, and PSH flags rather than a clean SYN flood pattern, indicating a generic TCP flood rather than UDP-based Mirai traffic. CAPEC-125 (Flooding) covers resource exhaustion via high-volume packet flooding attacks such as this.",1343,242,"CLASSIFICATION: DDoS-TCP_Flood
REFERENCE_ID: CAPEC-125
JUSTIFICATION: The traffic shows a sustained high packet rate (10k-70k pkt/s) dominated almost exclusively by TCP protocol (protocol mix panel near 100% TCP), consistent with a TCP-based flooding attack. The TCP flag panel shows sporadic spikes in ACK, SYN, and PSH flags rather than a clean SYN flood pattern, indicating a generic TCP flood rather than UDP-based Mirai traffic. CAPEC-125 (Flooding) covers resource exhaustion via high-volume packet flooding attacks such as this.",real-but-generic,True,data/CSV/DDoS-TCP_Flood/DDoS-TCP_Flood.pcap.csv,51130.0,51160.0,results/viz/DDoS-TCP_Flood/DDoS-TCP_Flood_0000.png,results/naive/images/DDoS-TCP_Flood_0000.png,results/naive/pcap_slices/DDoS-TCP_Flood_0000.csv
DDoS-TCP_Flood_0001,DDoS-TCP_Flood,naive,DDoS-TCP_Flood,CAPEC-125,"The protocol mix panel shows near-constant TCP dominance (~100%) throughout the capture, with packet rates fluctuating wildly between 15,000-55,000 pkt/s in a sawtooth pattern typical of flooding attacks. The TCP flag panel shows sparse, low-fraction ACK/PSH/RST spikes rather than sustained SYN flooding, consistent with a generic TCP flood using varied flag combinations to overwhelm resources. CAPEC-125 (Flooding) captures this resource-exhaustion pattern via high-volume TCP traffic.",1343,247,"CLASSIFICATION: DDoS-TCP_Flood
REFERENCE_ID: CAPEC-125
JUSTIFICATION: The protocol mix panel shows near-constant TCP dominance (~100%) throughout the capture, with packet rates fluctuating wildly between 15,000-55,000 pkt/s in a sawtooth pattern typical of flooding attacks. The TCP flag panel shows sparse, low-fraction ACK/PSH/RST spikes rather than sustained SYN flooding, consistent with a generic TCP flood using varied flag combinations to overwhelm resources. CAPEC-125 (Flooding) captures this resource-exhaustion pattern via high-volume TCP traffic.",real-but-generic,True,data/CSV/DDoS-TCP_Flood/DDoS-TCP_Flood1.pcap.csv,259051.0,259081.0,results/viz/DDoS-TCP_Flood/DDoS-TCP_Flood_0001.png,results/naive/images/DDoS-TCP_Flood_0001.png,results/naive/pcap_slices/DDoS-TCP_Flood_0001.csv
DDoS-TCP_Flood_0002,DDoS-TCP_Flood,naive,DDoS-TCP_Flood,CAPEC-125,"The traffic shows highly volatile packet rates (5,000–60,000 pkt/s) dominated almost entirely by TCP protocol with consistently small, uniform packet sizes (~60 bytes avg, low std), characteristic of a TCP flood attack. The brief SYN flag spike and later ACK spike further support a TCP-based flooding pattern rather than UDP-based Mirai traffic. CAPEC-125 (Flooding) captures this resource-exhaustion attack pattern via high-volume TCP packet flooding.",1343,230,"CLASSIFICATION: DDoS-TCP_Flood
REFERENCE_ID: CAPEC-125
JUSTIFICATION: The traffic shows highly volatile packet rates (5,000–60,000 pkt/s) dominated almost entirely by TCP protocol with consistently small, uniform packet sizes (~60 bytes avg, low std), characteristic of a TCP flood attack. The brief SYN flag spike and later ACK spike further support a TCP-based flooding pattern rather than UDP-based Mirai traffic. CAPEC-125 (Flooding) captures this resource-exhaustion attack pattern via high-volume TCP packet flooding.",real-but-generic,True,data/CSV/DDoS-TCP_Flood/DDoS-TCP_Flood10.pcap.csv,182955.0,182985.0,results/viz/DDoS-TCP_Flood/DDoS-TCP_Flood_0002.png,results/naive/images/DDoS-TCP_Flood_0002.png,results/naive/pcap_slices/DDoS-TCP_Flood_0002.csv
DDoS-TCP_Flood_0003,DDoS-TCP_Flood,naive,DDoS-TCP_Flood,CAPEC-482,"The traffic shows highly variable packet rates (10,000-49,000 pkt/s) dominated almost entirely by TCP protocol (panel 3), with sporadic spikes in SYN, ACK, and RST flags (panel 2) rather than sustained connection establishment—consistent with a TCP-based flood attack exploiting the protocol's flag mechanisms. CAPEC-482 (TCP Flood) describes this exact pattern of overwhelming a target with TCP packets to exhaust resources, matching the near-constant small packet size (~60 bytes) typical of flood packets lacking substantial payload.",1343,255,"CLASSIFICATION: DDoS-TCP_Flood
REFERENCE_ID: CAPEC-482
JUSTIFICATION: The traffic shows highly variable packet rates (10,000-49,000 pkt/s) dominated almost entirely by TCP protocol (panel 3), with sporadic spikes in SYN, ACK, and RST flags (panel 2) rather than sustained connection establishment—consistent with a TCP-based flood attack exploiting the protocol's flag mechanisms. CAPEC-482 (TCP Flood) describes this exact pattern of overwhelming a target with TCP packets to exhaust resources, matching the near-constant small packet size (~60 bytes) typical of flood packets lacking substantial payload.",real-and-correct,True,data/CSV/DDoS-TCP_Flood/DDoS-TCP_Flood11.pcap.csv,229380.0,229410.0,results/viz/DDoS-TCP_Flood/DDoS-TCP_Flood_0003.png,results/naive/images/DDoS-TCP_Flood_0003.png,results/naive/pcap_slices/DDoS-TCP_Flood_0003.csv
DDoS-TCP_Flood_0004,DDoS-TCP_Flood,naive,DDoS-TCP_Flood,CAPEC-125,"The protocol mix panel shows nearly 100% TCP traffic throughout the capture, with consistent small packet sizes (~60 bytes) and high, volatile packet rates (10k-85k pkt/s), which are hallmark characteristics of a TCP flood attack. The TCP flag panel shows predominantly PSH/ACK flags with a brief SYN/ACK spike, consistent with flooding via established or half-open connections rather than legitimate application traffic. CAPEC-125 (Flooding) describes this resource exhaustion attack pattern via excessive TCP traffic.",1343,246,"CLASSIFICATION: DDoS-TCP_Flood
REFERENCE_ID: CAPEC-125
JUSTIFICATION: The protocol mix panel shows nearly 100% TCP traffic throughout the capture, with consistent small packet sizes (~60 bytes) and high, volatile packet rates (10k-85k pkt/s), which are hallmark characteristics of a TCP flood attack. The TCP flag panel shows predominantly PSH/ACK flags with a brief SYN/ACK spike, consistent with flooding via established or half-open connections rather than legitimate application traffic. CAPEC-125 (Flooding) describes this resource exhaustion attack pattern via excessive TCP traffic.",real-but-generic,True,,,,,,
Mirai-udpplain_0000,Mirai-udpplain,naive,Mirai-udpplain,CAPEC-486,"The protocol mix panel shows traffic is overwhelmingly UDP with only negligible TCP presence, consistent with a UDP flood rather than a TCP-based attack. TCP flag fractions are extremely low and sporadic (no sustained SYN flood pattern), and packet sizes are fairly uniform (~500-550 bytes) typical of Mirai's UDP plain flooding module. CAPEC-486 (UDP Flood) reflects this botnet-driven volumetric UDP flood behavior characteristic of Mirai malware.",1343,230,"CLASSIFICATION: Mirai-udpplain
REFERENCE_ID: CAPEC-486
JUSTIFICATION: The protocol mix panel shows traffic is overwhelmingly UDP with only negligible TCP presence, consistent with a UDP flood rather than a TCP-based attack. TCP flag fractions are extremely low and sporadic (no sustained SYN flood pattern), and packet sizes are fairly uniform (~500-550 bytes) typical of Mirai's UDP plain flooding module. CAPEC-486 (UDP Flood) reflects this botnet-driven volumetric UDP flood behavior characteristic of Mirai malware.",real-and-correct,True,data/CSV/Mirai-udpplain/Mirai-udpplain.pcap.csv,24657.0,24687.0,results/viz/Mirai-udpplain/Mirai-udpplain_0000.png,results/naive/images/Mirai-udpplain_0000.png,results/naive/pcap_slices/Mirai-udpplain_0000.csv
Mirai-udpplain_0001,Mirai-udpplain,naive,Mirai-udpplain,CAPEC-486,"The traffic is overwhelmingly UDP (protocol mix panel near 100% UDP) with a fluctuating packet rate typical of botnet-generated flood traffic, and TCP flag activity is nearly absent aside from sporadic noise spikes. Consistent average packet size (~550 bytes) with low variance further matches Mirai's characteristic UDP plain flood behavior rather than a TCP-based attack. CAPEC-486 (UDP Flood) reflects this botnet-driven volumetric UDP flood pattern.",1343,227,"CLASSIFICATION: Mirai-udpplain
REFERENCE_ID: CAPEC-486
JUSTIFICATION: The traffic is overwhelmingly UDP (protocol mix panel near 100% UDP) with a fluctuating packet rate typical of botnet-generated flood traffic, and TCP flag activity is nearly absent aside from sporadic noise spikes. Consistent average packet size (~550 bytes) with low variance further matches Mirai's characteristic UDP plain flood behavior rather than a TCP-based attack. CAPEC-486 (UDP Flood) reflects this botnet-driven volumetric UDP flood pattern.",real-and-correct,True,data/CSV/Mirai-udpplain/Mirai-udpplain1.pcap.csv,34827.0,34857.0,results/viz/Mirai-udpplain/Mirai-udpplain_0001.png,results/naive/images/Mirai-udpplain_0001.png,results/naive/pcap_slices/Mirai-udpplain_0001.csv
Mirai-udpplain_0002,Mirai-udpplain,naive,Mirai-udpplain,CAPEC-486,"The protocol mix panel shows near-constant UDP dominance (~100%) with negligible TCP/HTTP presence, and the TCP flag panel shows only sporadic, low-fraction flag activity rather than structured handshake patterns, consistent with connectionless UDP flooding rather than TCP-based attacks. The high, bursty packet rate combined with fairly consistent large average packet sizes matches Mirai's udpplain flooding module behavior, which is a botnet-driven denial-of-service technique (CAPEC-486: UDP Flood).",1343,232,"CLASSIFICATION: Mirai-udpplain
REFERENCE_ID: CAPEC-486
JUSTIFICATION: The protocol mix panel shows near-constant UDP dominance (~100%) with negligible TCP/HTTP presence, and the TCP flag panel shows only sporadic, low-fraction flag activity rather than structured handshake patterns, consistent with connectionless UDP flooding rather than TCP-based attacks. The high, bursty packet rate combined with fairly consistent large average packet sizes matches Mirai's udpplain flooding module behavior, which is a botnet-driven denial-of-service technique (CAPEC-486: UDP Flood).",real-and-correct,True,data/CSV/Mirai-udpplain/Mirai-udpplain10.pcap.csv,5514.0,5544.0,results/viz/Mirai-udpplain/Mirai-udpplain_0002.png,results/naive/images/Mirai-udpplain_0002.png,results/naive/pcap_slices/Mirai-udpplain_0002.csv
Mirai-udpplain_0003,Mirai-udpplain,naive,Mirai-udpplain,CAPEC-486,"The protocol mix panel shows near-constant UDP dominance (~99%) with negligible TCP, and the TCP flag panel shows essentially no SYN/ACK activity except brief anomalous spikes, consistent with a UDP flood rather than a TCP-based attack. The highly volatile packet rate with bursts up to ~13,000 pkt/s and stable average packet size (~500 bytes) matches Mirai's characteristic udpplain flooding behavior, which corresponds to CAPEC-486 (UDP Flood).",1343,226,"CLASSIFICATION: Mirai-udpplain
REFERENCE_ID: CAPEC-486
JUSTIFICATION: The protocol mix panel shows near-constant UDP dominance (~99%) with negligible TCP, and the TCP flag panel shows essentially no SYN/ACK activity except brief anomalous spikes, consistent with a UDP flood rather than a TCP-based attack. The highly volatile packet rate with bursts up to ~13,000 pkt/s and stable average packet size (~500 bytes) matches Mirai's characteristic udpplain flooding behavior, which corresponds to CAPEC-486 (UDP Flood).",real-and-correct,True,data/CSV/Mirai-udpplain/Mirai-udpplain11.pcap.csv,20354.0,20384.0,results/viz/Mirai-udpplain/Mirai-udpplain_0003.png,results/naive/images/Mirai-udpplain_0003.png,results/naive/pcap_slices/Mirai-udpplain_0003.csv
Mirai-udpplain_0004,Mirai-udpplain,naive,Mirai-udpplain,CAPEC-486,"The protocol mix panel shows near-constant UDP dominance (~100%) with negligible TCP/other protocols, and the TCP flag panel shows essentially zero flag activity except a brief negligible spike, indicating this is not a TCP-based flood. Combined with highly volatile packet rates (2k-15k pkt/s) and stable average packet size (~550 bytes) typical of Mirai's UDP flood payloads, this matches Mirai-udpplain behavior. CAPEC-486 (UDP Flood) captures this botnet-driven UDP flood pattern used for DDoS.",1343,246,"CLASSIFICATION: Mirai-udpplain
REFERENCE_ID: CAPEC-486
JUSTIFICATION: The protocol mix panel shows near-constant UDP dominance (~100%) with negligible TCP/other protocols, and the TCP flag panel shows essentially zero flag activity except a brief negligible spike, indicating this is not a TCP-based flood. Combined with highly volatile packet rates (2k-15k pkt/s) and stable average packet size (~550 bytes) typical of Mirai's UDP flood payloads, this matches Mirai-udpplain behavior. CAPEC-486 (UDP Flood) captures this botnet-driven UDP flood pattern used for DDoS.",real-and-correct,True,,,,,,
Benign_Final_0000,Benign_Final,naive,Benign_Final,,"The traffic shows highly variable packet rates with mostly low baseline values and only sporadic spikes, consistent with normal, bursty IoT application behavior rather than a sustained flood. The TCP flag mix shows a mostly ACK-dominant pattern with PSH flags fluctuating (typical of established sessions exchanging data) rather than the SYN-flood or single-flag saturation patterns seen in DDoS attacks. The protocol mix is diverse (TCP/UDP/HTTP/HTTPS/DNS/ICMP) and packet sizes vary widely with no fixed small-packet pattern, indicating legitimate, heterogeneous application traffic rather than the fixed-length flood packets characteristic of Mirai-udpplain or DDoS-SynonymousIP_Flood/TCP_Flood attacks.",1367,320,"CLASSIFICATION: Benign_Final
REFERENCE_ID: N/A
JUSTIFICATION: The traffic shows highly variable packet rates with mostly low baseline values and only sporadic spikes, consistent with normal, bursty IoT application behavior rather than a sustained flood. The TCP flag mix shows a mostly ACK-dominant pattern with PSH flags fluctuating (typical of established sessions exchanging data) rather than the SYN-flood or single-flag saturation patterns seen in DDoS attacks. The protocol mix is diverse (TCP/UDP/HTTP/HTTPS/DNS/ICMP) and packet sizes vary widely with no fixed small-packet pattern, indicating legitimate, heterogeneous application traffic rather than the fixed-length flood packets characteristic of Mirai-udpplain or DDoS-SynonymousIP_Flood/TCP_Flood attacks.",n/a-benign,True,data/CSV/Benign_Final/BenignTraffic.pcap.csv,81599.0,81629.0,results/viz/Benign_Final/Benign_Final_0000.png,results/naive/images/Benign_Final_0000.png,results/naive/pcap_slices/Benign_Final_0000.csv
Benign_Final_0001,Benign_Final,naive,Benign_Final,,"The traffic shows variable, non-flooding packet rates (20-200 pkt/s) with fluctuating values rather than sustained high volume typical of attacks. The protocol mix shows a healthy diverse blend of TCP, UDP, HTTP, HTTPS, ICMP, and DNS traffic with varying TCP flags (fin, syn, ack, psh) consistent with normal application behavior, and packet sizes remain mostly stable aside from one transient spike, indicating legitimate mixed-use network activity rather than a coordinated attack pattern.",1367,227,"CLASSIFICATION: Benign_Final
REFERENCE_ID: N/A
JUSTIFICATION: The traffic shows variable, non-flooding packet rates (20-200 pkt/s) with fluctuating values rather than sustained high volume typical of attacks. The protocol mix shows a healthy diverse blend of TCP, UDP, HTTP, HTTPS, ICMP, and DNS traffic with varying TCP flags (fin, syn, ack, psh) consistent with normal application behavior, and packet sizes remain mostly stable aside from one transient spike, indicating legitimate mixed-use network activity rather than a coordinated attack pattern.",n/a-benign,True,data/CSV/Benign_Final/BenignTraffic1.pcap.csv,16412.0,16442.0,results/viz/Benign_Final/Benign_Final_0001.png,results/naive/images/Benign_Final_0001.png,results/naive/pcap_slices/Benign_Final_0001.csv
Benign_Final_0002,Benign_Final,naive,Benign_Final,,"The traffic shows low, variable packet rates (mostly under 250 pkt/s with a late benign spike), a mixed TCP flag profile dominated by ACK/PSH typical of normal session traffic, a diverse protocol mix (TCP, UDP, HTTP, HTTPS, DNS, ICMP) rather than a single dominant protocol, and fluctuating packet sizes/std consistent with varied application traffic rather than a flood. These characteristics match normal, heterogeneous IoT network behavior rather than a volumetric or protocol-specific attack pattern.",1367,233,"CLASSIFICATION: Benign_Final
REFERENCE_ID: N/A
JUSTIFICATION: The traffic shows low, variable packet rates (mostly under 250 pkt/s with a late benign spike), a mixed TCP flag profile dominated by ACK/PSH typical of normal session traffic, a diverse protocol mix (TCP, UDP, HTTP, HTTPS, DNS, ICMP) rather than a single dominant protocol, and fluctuating packet sizes/std consistent with varied application traffic rather than a flood. These characteristics match normal, heterogeneous IoT network behavior rather than a volumetric or protocol-specific attack pattern.",n/a-benign,True,data/CSV/Benign_Final/BenignTraffic2.pcap.csv,93166.0,93196.0,results/viz/Benign_Final/Benign_Final_0002.png,results/naive/images/Benign_Final_0002.png,results/naive/pcap_slices/Benign_Final_0002.csv
Benign_Final_0003,Benign_Final,naive,Benign_Final,,"The traffic shows variable, moderate packet rates without sustained flooding, a diverse and mixed protocol composition (TCP/UDP/HTTP/HTTPS/DNS) rather than a single dominant protocol, and TCP flags dominated by ACK/PSH consistent with normal session behavior rather than SYN or RST floods. Packet size variability and irregular bursts also align with typical benign IoT application traffic rather than a scripted attack pattern.",1367,195,"CLASSIFICATION: Benign_Final
REFERENCE_ID: N/A
JUSTIFICATION: The traffic shows variable, moderate packet rates without sustained flooding, a diverse and mixed protocol composition (TCP/UDP/HTTP/HTTPS/DNS) rather than a single dominant protocol, and TCP flags dominated by ACK/PSH consistent with normal session behavior rather than SYN or RST floods. Packet size variability and irregular bursts also align with typical benign IoT application traffic rather than a scripted attack pattern.",n/a-benign,True,data/CSV/Benign_Final/BenignTraffic3.pcap.csv,37002.0,37032.0,results/viz/Benign_Final/Benign_Final_0003.png,results/naive/images/Benign_Final_0003.png,results/naive/pcap_slices/Benign_Final_0003.csv
Benign_Final_0004,Benign_Final,naive,Benign_Final,,"The traffic shows a brief initial spike followed by a rapid decay to low, variable packet rates (<200 pkt/s), consistent with a normal session burst rather than sustained flooding. TCP flags show diverse, mixed fin/syn/psh/ack ratios (not fixed patterns typical of attack tools), and the protocol mix includes a healthy blend of TCP, UDP, HTTP/HTTPS, and DNS traffic. Packet size and std also vary naturally with large transfers early on, matching normal application behavior rather than uniform flood packets.",1367,229,"CLASSIFICATION: Benign_Final
REFERENCE_ID: N/A
JUSTIFICATION: The traffic shows a brief initial spike followed by a rapid decay to low, variable packet rates (<200 pkt/s), consistent with a normal session burst rather than sustained flooding. TCP flags show diverse, mixed fin/syn/psh/ack ratios (not fixed patterns typical of attack tools), and the protocol mix includes a healthy blend of TCP, UDP, HTTP/HTTPS, and DNS traffic. Packet size and std also vary naturally with large transfers early on, matching normal application behavior rather than uniform flood packets.",n/a-benign,True,,,,,,
DDoS-SynonymousIP_Flood_0000,DDoS-SynonymousIP_Flood,naive,DDoS-SynonymousIP_Flood,CAPEC-488,"Traffic shows highly volatile packet rates (5k-55k pkt/s) with near-100% SYN flag fraction, minimal ACK/FIN/RST presence, and pure TCP protocol mix with small uniform packet sizes (~60 bytes). This pattern is consistent with a SYN-based flood using spoofed/synonymous IP addresses to exhaust connection resources, matching CAPEC-488 (HTTP/TCP Flood via spoofed source addresses).",1367,217,"CLASSIFICATION: DDoS-SynonymousIP_Flood
REFERENCE_ID: CAPEC-488
JUSTIFICATION: Traffic shows highly volatile packet rates (5k-55k pkt/s) with near-100% SYN flag fraction, minimal ACK/FIN/RST presence, and pure TCP protocol mix with small uniform packet sizes (~60 bytes). This pattern is consistent with a SYN-based flood using spoofed/synonymous IP addresses to exhaust connection resources, matching CAPEC-488 (HTTP/TCP Flood via spoofed source addresses).",real-but-wrong-family,True,data/CSV/DDoS-SynonymousIP_Flood/DDoS-SynonymousIP_Flood.pcap.csv,66481.0,66511.0,results/viz/DDoS-SynonymousIP_Flood/DDoS-SynonymousIP_Flood_0000.png,results/naive/images/DDoS-SynonymousIP_Flood_0000.png,results/naive/pcap_slices/DDoS-SynonymousIP_Flood_0000.csv
DDoS-SynonymousIP_Flood_0001,DDoS-SynonymousIP_Flood,naive,DDoS-SynonymousIP_Flood,CAPEC-125,"The traffic shows highly volatile packet rates (10k-60k pkt/s), near-100% SYN flag dominance with almost no other TCP flags, and an essentially pure TCP protocol mix with uniform small packet sizes. This matches a SYN-based flood pattern using spoofed/synonymous source IPs to exhaust connection resources, consistent with CAPEC-125 (Flooding attacks).",1367,192,"CLASSIFICATION: DDoS-SynonymousIP_Flood
REFERENCE_ID: CAPEC-125
JUSTIFICATION: The traffic shows highly volatile packet rates (10k-60k pkt/s), near-100% SYN flag dominance with almost no other TCP flags, and an essentially pure TCP protocol mix with uniform small packet sizes. This matches a SYN-based flood pattern using spoofed/synonymous source IPs to exhaust connection resources, consistent with CAPEC-125 (Flooding attacks).",real-but-generic,True,data/CSV/DDoS-SynonymousIP_Flood/DDoS-SynonymousIP_Flood1.pcap.csv,266477.0,266507.0,results/viz/DDoS-SynonymousIP_Flood/DDoS-SynonymousIP_Flood_0001.png,results/naive/images/DDoS-SynonymousIP_Flood_0001.png,results/naive/pcap_slices/DDoS-SynonymousIP_Flood_0001.csv
DDoS-SynonymousIP_Flood_0002,DDoS-SynonymousIP_Flood,naive,DDoS-SynonymousIP_Flood,CAPEC-488,"Traffic is almost entirely TCP with SYN flag fraction near 1.0 throughout, and packet rate spikes sharply and irregularly (up to 100k+ pkt/s) while average packet size stays constant near ~60 bytes, consistent with spoofed-source SYN floods characteristic of SynonymousIP flooding. The minimal presence of other flags (ACK, PSH, RST) and lack of protocol diversity further supports a volumetric SYN-based flood rather than a legitimate handshake pattern.",1367,230,"CLASSIFICATION: DDoS-SynonymousIP_Flood
REFERENCE_ID: CAPEC-488
JUSTIFICATION: Traffic is almost entirely TCP with SYN flag fraction near 1.0 throughout, and packet rate spikes sharply and irregularly (up to 100k+ pkt/s) while average packet size stays constant near ~60 bytes, consistent with spoofed-source SYN floods characteristic of SynonymousIP flooding. The minimal presence of other flags (ACK, PSH, RST) and lack of protocol diversity further supports a volumetric SYN-based flood rather than a legitimate handshake pattern.",real-but-wrong-family,True,data/CSV/DDoS-SynonymousIP_Flood/DDoS-SynonymousIP_Flood10.pcap.csv,3127.0,3157.0,results/viz/DDoS-SynonymousIP_Flood/DDoS-SynonymousIP_Flood_0002.png,results/naive/images/DDoS-SynonymousIP_Flood_0002.png,results/naive/pcap_slices/DDoS-SynonymousIP_Flood_0002.csv
DDoS-SynonymousIP_Flood_0003,DDoS-SynonymousIP_Flood,naive,DDoS-SynonymousIP_Flood,CAPEC-486,"The traffic shows highly variable, bursty packet rates (spikes up to 90k pkt/s) composed almost entirely of TCP packets with PSH flag dominance and near-constant small packet sizes (~60 bytes), consistent with a spoofed-source flood pattern. This matches the SynonymousIP_Flood pattern in CIC-IoT-2023, where source IPs are randomized/synonymous to evade filtering, aligning with CAPEC-486 (UDP/TCP Flooding via spoofed or synonymous IP sources).",1367,238,"CLASSIFICATION: DDoS-SynonymousIP_Flood
REFERENCE_ID: CAPEC-486
JUSTIFICATION: The traffic shows highly variable, bursty packet rates (spikes up to 90k pkt/s) composed almost entirely of TCP packets with PSH flag dominance and near-constant small packet sizes (~60 bytes), consistent with a spoofed-source flood pattern. This matches the SynonymousIP_Flood pattern in CIC-IoT-2023, where source IPs are randomized/synonymous to evade filtering, aligning with CAPEC-486 (UDP/TCP Flooding via spoofed or synonymous IP sources).",real-but-wrong-family,True,data/CSV/DDoS-SynonymousIP_Flood/DDoS-SynonymousIP_Flood11.pcap.csv,26083.0,26113.0,results/viz/DDoS-SynonymousIP_Flood/DDoS-SynonymousIP_Flood_0003.png,results/naive/images/DDoS-SynonymousIP_Flood_0003.png,results/naive/pcap_slices/DDoS-SynonymousIP_Flood_0003.csv
DDoS-SynonymousIP_Flood_0004,DDoS-SynonymousIP_Flood,naive,DDoS-SynonymousIP_Flood,CAPEC-486,"The traffic shows highly variable packet rates (10k-68k pkt/s) with nearly pure TCP protocol mix dominated by SYN flags (~1.0 fraction) and negligible ACK/FIN/RST, consistent with spoofed-source SYN flood behavior characteristic of SynonymousIP flooding. Packet size remains flat (~60 bytes) with almost no variance except a brief spike, indicating uniform small crafted packets typical of this attack rather than organic application traffic. CAPEC-486 (UDP/TCP flood via spoofed source addresses) aligns with the synonymous/spoofed-IP flood pattern seen here.",1367,276,"CLASSIFICATION: DDoS-SynonymousIP_Flood
REFERENCE_ID: CAPEC-486
JUSTIFICATION: The traffic shows highly variable packet rates (10k-68k pkt/s) with nearly pure TCP protocol mix dominated by SYN flags (~1.0 fraction) and negligible ACK/FIN/RST, consistent with spoofed-source SYN flood behavior characteristic of SynonymousIP flooding. Packet size remains flat (~60 bytes) with almost no variance except a brief spike, indicating uniform small crafted packets typical of this attack rather than organic application traffic. CAPEC-486 (UDP/TCP flood via spoofed source addresses) aligns with the synonymous/spoofed-IP flood pattern seen here.",real-but-wrong-family,True,,,,,,
DictionaryBruteForce_0000,DictionaryBruteForce,naive,DictionaryBruteForce,CAPEC-16,"The traffic shows periodic rate spikes correlating with HTTP/HTTPS-dominant protocol mix and high ACK/PSH flag fractions with minimal SYN activity, consistent with repeated authenticated application-layer connection attempts rather than a volumetric flood. The bursty packet size pattern (large average/std spikes at login attempts) further supports credential-guessing behavior over TCP/HTTP sessions, matching CAPEC-16 (Dictionary-based Password Attack).",1378,216,"CLASSIFICATION: DictionaryBruteForce
REFERENCE_ID: CAPEC-16
JUSTIFICATION: The traffic shows periodic rate spikes correlating with HTTP/HTTPS-dominant protocol mix and high ACK/PSH flag fractions with minimal SYN activity, consistent with repeated authenticated application-layer connection attempts rather than a volumetric flood. The bursty packet size pattern (large average/std spikes at login attempts) further supports credential-guessing behavior over TCP/HTTP sessions, matching CAPEC-16 (Dictionary-based Password Attack).",UNVERIFIED,True,data/CSV/DictionaryBruteForce/DictionaryBruteForce.pcap.csv,8338.0,8368.0,results/viz/DictionaryBruteForce/DictionaryBruteForce_0000.png,results/naive/images/DictionaryBruteForce_0000.png,results/naive/pcap_slices/DictionaryBruteForce_0000.csv
DictionaryBruteForce_0001,DictionaryBruteForce,naive,DictionaryBruteForce,CAPEC-49,"The traffic shows a dominant HTTPS/TCP protocol mix with high ACK/PSH flag fractions consistent with repeated authenticated login attempts over encrypted sessions rather than flood-style SYN/RST patterns. Packet rate is modest and bursty rather than sustained high-volume, and packet size variability increases mid-stream, suggesting varying-length credential payloads typical of automated dictionary-based login attempts (CAPEC-49: Password Brute Forcing).",1378,213,"CLASSIFICATION: DictionaryBruteForce
REFERENCE_ID: CAPEC-49
JUSTIFICATION: The traffic shows a dominant HTTPS/TCP protocol mix with high ACK/PSH flag fractions consistent with repeated authenticated login attempts over encrypted sessions rather than flood-style SYN/RST patterns. Packet rate is modest and bursty rather than sustained high-volume, and packet size variability increases mid-stream, suggesting varying-length credential payloads typical of automated dictionary-based login attempts (CAPEC-49: Password Brute Forcing).",real-and-correct,True,data/CSV/DictionaryBruteForce/DictionaryBruteForce.pcap.csv,9226.0,9256.0,results/viz/DictionaryBruteForce/DictionaryBruteForce_0001.png,results/naive/images/DictionaryBruteForce_0001.png,results/naive/pcap_slices/DictionaryBruteForce_0001.csv
DictionaryBruteForce_0002,DictionaryBruteForce,naive,DictionaryBruteForce,CAPEC-16,"The traffic shows low, steady packet rates (mostly under 300 pkt/s) with a dominant HTTP/HTTPS protocol mix and high ACK/PSH flag fractions typical of repeated authenticated request-response cycles rather than flooding. The consistent small-to-moderate packet sizes and periodic bursts align with automated credential-guessing attempts against a login service, characteristic of dictionary brute-force attacks (CAPEC-16).",1378,202,"CLASSIFICATION: DictionaryBruteForce
REFERENCE_ID: CAPEC-16
JUSTIFICATION: The traffic shows low, steady packet rates (mostly under 300 pkt/s) with a dominant HTTP/HTTPS protocol mix and high ACK/PSH flag fractions typical of repeated authenticated request-response cycles rather than flooding. The consistent small-to-moderate packet sizes and periodic bursts align with automated credential-guessing attempts against a login service, characteristic of dictionary brute-force attacks (CAPEC-16).",UNVERIFIED,True,data/CSV/DictionaryBruteForce/DictionaryBruteForce.pcap.csv,11040.0,11070.0,results/viz/DictionaryBruteForce/DictionaryBruteForce_0002.png,results/naive/images/DictionaryBruteForce_0002.png,results/naive/pcap_slices/DictionaryBruteForce_0002.csv
DictionaryBruteForce_0003,DictionaryBruteForce,naive,DictionaryBruteForce,CAPEC-112,"The traffic shows moderate, spiky packet rates with dominant PSH/ACK flag combinations typical of repeated authentication attempts over established TCP connections rather than flood-style SYN/RST patterns. The protocol mix is heavily HTTP/HTTPS with TCP as the transport, consistent with repeated login attempts against a service, and CAPEC-112 (Brute Force) describes this credential-guessing attack pattern.",1378,195,"CLASSIFICATION: DictionaryBruteForce
REFERENCE_ID: CAPEC-112
JUSTIFICATION: The traffic shows moderate, spiky packet rates with dominant PSH/ACK flag combinations typical of repeated authentication attempts over established TCP connections rather than flood-style SYN/RST patterns. The protocol mix is heavily HTTP/HTTPS with TCP as the transport, consistent with repeated login attempts against a service, and CAPEC-112 (Brute Force) describes this credential-guessing attack pattern.",real-and-correct,True,data/CSV/DictionaryBruteForce/DictionaryBruteForce.pcap.csv,12245.0,12275.0,results/viz/DictionaryBruteForce/DictionaryBruteForce_0003.png,results/naive/images/DictionaryBruteForce_0003.png,results/naive/pcap_slices/DictionaryBruteForce_0003.csv
DictionaryBruteForce_0004,DictionaryBruteForce,naive,DictionaryBruteForce,CAPEC-49,"The traffic shows sustained low-rate connections dominated by TCP/HTTPS protocol mix with PSH/ACK flag patterns typical of repeated authentication attempts, punctuated by a single massive packet-rate spike suggesting a burst of automated login attempts. The variable but generally small-to-moderate packet sizes are consistent with credential-stuffing style requests rather than flood-based DoS traffic. CAPEC-49 (Password Brute Forcing) matches this behavioral signature of repeated dictionary-based authentication attempts.",1378,233,"CLASSIFICATION: DictionaryBruteForce
REFERENCE_ID: CAPEC-49
JUSTIFICATION: The traffic shows sustained low-rate connections dominated by TCP/HTTPS protocol mix with PSH/ACK flag patterns typical of repeated authentication attempts, punctuated by a single massive packet-rate spike suggesting a burst of automated login attempts. The variable but generally small-to-moderate packet sizes are consistent with credential-stuffing style requests rather than flood-based DoS traffic. CAPEC-49 (Password Brute Forcing) matches this behavioral signature of repeated dictionary-based authentication attempts.",real-and-correct,True,,,,,,
Backdoor_Malware_0000,Backdoor_Malware,naive,Backdoor_Malware,CAPEC-560,"The traffic shows a brief single-window spike in packet rate rather than a sustained flood, consistent with intermittent command-and-control or backdoor beaconing rather than DoS/DDoS. The TCP flag mix (dominated by ACK/PSH with mixed HTTP/HTTPS protocol usage) and irregular packet size variance further suggest interactive remote-access/backdoor communication rather than scanning or flooding behavior.",1717,194,"CLASSIFICATION: Backdoor_Malware
REFERENCE_ID: CAPEC-560
JUSTIFICATION: The traffic shows a brief single-window spike in packet rate rather than a sustained flood, consistent with intermittent command-and-control or backdoor beaconing rather than DoS/DDoS. The TCP flag mix (dominated by ACK/PSH with mixed HTTP/HTTPS protocol usage) and irregular packet size variance further suggest interactive remote-access/backdoor communication rather than scanning or flooding behavior.",real-but-wrong-family,True,data/CSV/Backdoor_Malware/Backdoor_Malware.pcap.csv,1991.0,2021.0,results/viz/Backdoor_Malware/Backdoor_Malware_0000.png,results/naive/images/Backdoor_Malware_0000.png,results/naive/pcap_slices/Backdoor_Malware_0000.csv
Backdoor_Malware_0001,Backdoor_Malware,naive,Backdoor_Malware,CAPEC-550,"The traffic shows irregular, bursty packet rates rather than a sustained flood, with a mixed protocol profile (TCP, HTTP, HTTPS, DNS) and variable TCP flag usage (ACK/PSH dominant with occasional FIN/SYN), consistent with covert backdoor command-and-control communication rather than a single-protocol DoS/recon pattern. The single large spike in average packet size (~700 bytes) around window 12 suggests a payload/data exfiltration or command transfer event typical of backdoor malware activity.",1717,230,"CLASSIFICATION: Backdoor_Malware
REFERENCE_ID: CAPEC-550
JUSTIFICATION: The traffic shows irregular, bursty packet rates rather than a sustained flood, with a mixed protocol profile (TCP, HTTP, HTTPS, DNS) and variable TCP flag usage (ACK/PSH dominant with occasional FIN/SYN), consistent with covert backdoor command-and-control communication rather than a single-protocol DoS/recon pattern. The single large spike in average packet size (~700 bytes) around window 12 suggests a payload/data exfiltration or command transfer event typical of backdoor malware activity.",real-and-correct,True,data/CSV/Backdoor_Malware/Backdoor_Malware.pcap.csv,2180.0,2210.0,results/viz/Backdoor_Malware/Backdoor_Malware_0001.png,results/naive/images/Backdoor_Malware_0001.png,results/naive/pcap_slices/Backdoor_Malware_0001.csv
Backdoor_Malware_0002,Backdoor_Malware,naive,Backdoor_Malware,CAPEC-560,"The traffic shows variable, moderate packet rates with mixed TCP flags (ACK/PSH dominant, indicating established sessions with data exchange) rather than flood patterns typical of DoS/DDoS. The protocol mix shows HTTP/HTTPS-heavy traffic with occasional DNS/ICMP, consistent with a backdoor establishing C2 communication over standard web ports. Large variable packet sizes early on transitioning to small stable sizes suggest an initial data transfer/beaconing phase followed by low-volume keepalive traffic characteristic of backdoor malware.",1717,247,"CLASSIFICATION: Backdoor_Malware
REFERENCE_ID: CAPEC-560
JUSTIFICATION: The traffic shows variable, moderate packet rates with mixed TCP flags (ACK/PSH dominant, indicating established sessions with data exchange) rather than flood patterns typical of DoS/DDoS. The protocol mix shows HTTP/HTTPS-heavy traffic with occasional DNS/ICMP, consistent with a backdoor establishing C2 communication over standard web ports. Large variable packet sizes early on transitioning to small stable sizes suggest an initial data transfer/beaconing phase followed by low-volume keepalive traffic characteristic of backdoor malware.",real-but-wrong-family,True,data/CSV/Backdoor_Malware/Backdoor_Malware.pcap.csv,2860.0,2890.0,results/viz/Backdoor_Malware/Backdoor_Malware_0002.png,results/naive/images/Backdoor_Malware_0002.png,results/naive/pcap_slices/Backdoor_Malware_0002.csv
Backdoor_Malware_0003,Backdoor_Malware,naive,Backdoor_Malware,CAPEC-560,"The traffic shows a mixed protocol composition (TCP, HTTP, HTTPS, DNS, ICMP) rather than a single flood protocol, with variable packet rates and bursty spikes rather than sustained saturation typical of DoS/DDoS. TCP flags show a shift from ACK-dominant (established session) to mixed PSH/SYN/ACK patterns, consistent with interactive command-and-control communication rather than a scripted flood. Packet size variability and irregular rate spikes further support backdoor/C2-style beaconing and data exfiltration behavior rather than volumetric attack traffic.",1717,253,"CLASSIFICATION: Backdoor_Malware
REFERENCE_ID: CAPEC-560

JUSTIFICATION: The traffic shows a mixed protocol composition (TCP, HTTP, HTTPS, DNS, ICMP) rather than a single flood protocol, with variable packet rates and bursty spikes rather than sustained saturation typical of DoS/DDoS. TCP flags show a shift from ACK-dominant (established session) to mixed PSH/SYN/ACK patterns, consistent with interactive command-and-control communication rather than a scripted flood. Packet size variability and irregular rate spikes further support backdoor/C2-style beaconing and data exfiltration behavior rather than volumetric attack traffic.",real-but-wrong-family,True,data/CSV/Backdoor_Malware/Backdoor_Malware.pcap.csv,3009.0,3039.0,results/viz/Backdoor_Malware/Backdoor_Malware_0003.png,results/naive/images/Backdoor_Malware_0003.png,results/naive/pcap_slices/Backdoor_Malware_0003.csv
BrowserHijacking_0000,BrowserHijacking,naive,BrowserHijacking,CAPEC-178,"Traffic is dominated by HTTPS/TCP with a large PSH/ACK component, consistent with hijacked browser sessions redirecting to attacker-controlled HTTPS endpoints. A brief spike in packet rate near window 27 suggests a redirect or payload delivery event, while packet sizes remain large and variable, typical of web content transfer rather than flooding. CAPEC-178 (Cross-Site Flashing/browser hijacking style redirection) aligns with this HTTPS-heavy, PSH/ACK-dominant pattern.",1717,233,"CLASSIFICATION: BrowserHijacking
REFERENCE_ID: CAPEC-178
JUSTIFICATION: Traffic is dominated by HTTPS/TCP with a large PSH/ACK component, consistent with hijacked browser sessions redirecting to attacker-controlled HTTPS endpoints. A brief spike in packet rate near window 27 suggests a redirect or payload delivery event, while packet sizes remain large and variable, typical of web content transfer rather than flooding. CAPEC-178 (Cross-Site Flashing/browser hijacking style redirection) aligns with this HTTPS-heavy, PSH/ACK-dominant pattern.",UNVERIFIED,True,data/CSV/BrowserHijacking/BrowserHijacking.pcap.csv,30.0,60.0,results/viz/BrowserHijacking/BrowserHijacking_0000.png,results/naive/images/BrowserHijacking_0000.png,results/naive/pcap_slices/BrowserHijacking_0000.csv
BrowserHijacking_0001,BrowserHijacking,naive,BrowserHijacking,CAPEC-181,"The traffic shows dominant HTTP/HTTPS protocol mix with high ACK/PSH flag fractions and moderate variable packet rates, consistent with browser session hijacking activity involving legitimate-looking web traffic manipulation. The variable packet sizes with occasional spikes align with injected malicious content or session token manipulation typical of browser hijacking attacks (CAPEC-181: Flash File Overlay, generalized to browser session/content manipulation).",1717,203,"CLASSIFICATION: BrowserHijacking
REFERENCE_ID: CAPEC-181
JUSTIFICATION: The traffic shows dominant HTTP/HTTPS protocol mix with high ACK/PSH flag fractions and moderate variable packet rates, consistent with browser session hijacking activity involving legitimate-looking web traffic manipulation. The variable packet sizes with occasional spikes align with injected malicious content or session token manipulation typical of browser hijacking attacks (CAPEC-181: Flash File Overlay, generalized to browser session/content manipulation).",real-but-wrong-family,True,data/CSV/BrowserHijacking/BrowserHijacking.pcap.csv,2913.0,2943.0,results/viz/BrowserHijacking/BrowserHijacking_0001.png,results/naive/images/BrowserHijacking_0001.png,results/naive/pcap_slices/BrowserHijacking_0001.csv
BrowserHijacking_0002,BrowserHijacking,naive,BrowserHijacking,CAPEC-608,"The traffic shows sustained HTTPS/TCP sessions with mostly ACK flags and periodic PSH bursts, consistent with interactive browser sessions being manipulated. Variable packet rates and sizes align with a hijacked browser making unexpected requests or redirections rather than a flood or scan pattern. The dominant HTTPS protocol mix and low RST/SYN activity further support legitimate-looking session hijacking rather than DoS/Recon behavior.",1717,204,"CLASSIFICATION: BrowserHijacking
REFERENCE_ID: CAPEC-608
JUSTIFICATION: The traffic shows sustained HTTPS/TCP sessions with mostly ACK flags and periodic PSH bursts, consistent with interactive browser sessions being manipulated. Variable packet rates and sizes align with a hijacked browser making unexpected requests or redirections rather than a flood or scan pattern. The dominant HTTPS protocol mix and low RST/SYN activity further support legitimate-looking session hijacking rather than DoS/Recon behavior.",UNVERIFIED,True,data/CSV/BrowserHijacking/BrowserHijacking.pcap.csv,5089.0,5119.0,results/viz/BrowserHijacking/BrowserHijacking_0002.png,results/naive/images/BrowserHijacking_0002.png,results/naive/pcap_slices/BrowserHijacking_0002.csv
BrowserHijacking_0003,BrowserHijacking,naive,BrowserHijacking,CAPEC-505,"The traffic shows a mostly benign HTTPS/TCP protocol mix with high ACK fraction, but bursts of PSH flags coincide with sharp packet-rate spikes and variable packet sizes, consistent with browser redirection/hijacking payload delivery rather than a flood attack. The lack of sustained SYN/RST flag anomalies and the dominance of legitimate HTTPS traffic pattern supports an application-layer hijacking behavior rather than DoS/DDoS or reconnaissance activity.",1717,221,"CLASSIFICATION: BrowserHijacking
REFERENCE_ID: CAPEC-505
JUSTIFICATION: The traffic shows a mostly benign HTTPS/TCP protocol mix with high ACK fraction, but bursts of PSH flags coincide with sharp packet-rate spikes and variable packet sizes, consistent with browser redirection/hijacking payload delivery rather than a flood attack. The lack of sustained SYN/RST flag anomalies and the dominance of legitimate HTTPS traffic pattern supports an application-layer hijacking behavior rather than DoS/DDoS or reconnaissance activity.",UNVERIFIED,True,data/CSV/BrowserHijacking/BrowserHijacking.pcap.csv,5317.0,5347.0,results/viz/BrowserHijacking/BrowserHijacking_0003.png,results/naive/images/BrowserHijacking_0003.png,results/naive/pcap_slices/BrowserHijacking_0003.csv
CommandInjection_0000,CommandInjection,naive,CommandInjection,CAPEC-88,"Traffic shows irregular bursty packet rates with mixed TCP flags (ACK/PSH dominant) and a varied protocol mix including HTTP/HTTPS, consistent with interactive command injection sessions over web-based interfaces. The variable packet sizes and moderate rate fluctuations align with command-and-response patterns rather than flooding behavior. CAPEC-88 (OS Command Injection) matches this exploitation pattern.",1717,194,"CLASSIFICATION: CommandInjection
REFERENCE_ID: CAPEC-88
JUSTIFICATION: Traffic shows irregular bursty packet rates with mixed TCP flags (ACK/PSH dominant) and a varied protocol mix including HTTP/HTTPS, consistent with interactive command injection sessions over web-based interfaces. The variable packet sizes and moderate rate fluctuations align with command-and-response patterns rather than flooding behavior. CAPEC-88 (OS Command Injection) matches this exploitation pattern.",real-and-correct,True,data/CSV/CommandInjection/CommandInjection.pcap.csv,640.0,670.0,results/viz/CommandInjection/CommandInjection_0000.png,results/naive/images/CommandInjection_0000.png,results/naive/pcap_slices/CommandInjection_0000.csv
CommandInjection_0001,CommandInjection,naive,CommandInjection,CAPEC-88,"The traffic shows variable, moderate packet rates with HTTPS/HTTP dominant protocol mix and PSH/ACK-heavy TCP flags, consistent with interactive application-layer sessions rather than flooding attacks. Packet sizes are highly variable (large std relative to avg), suggesting irregular command payloads being injected into legitimate-looking HTTP(S) requests. This pattern matches CAPEC-88 (OS Command Injection) where attackers embed malicious commands within normal application traffic.",1717,218,"CLASSIFICATION: CommandInjection
REFERENCE_ID: CAPEC-88
JUSTIFICATION: The traffic shows variable, moderate packet rates with HTTPS/HTTP dominant protocol mix and PSH/ACK-heavy TCP flags, consistent with interactive application-layer sessions rather than flooding attacks. Packet sizes are highly variable (large std relative to avg), suggesting irregular command payloads being injected into legitimate-looking HTTP(S) requests. This pattern matches CAPEC-88 (OS Command Injection) where attackers embed malicious commands within normal application traffic.",real-and-correct,True,data/CSV/CommandInjection/CommandInjection.pcap.csv,1630.0,1660.0,results/viz/CommandInjection/CommandInjection_0001.png,results/naive/images/CommandInjection_0001.png,results/naive/pcap_slices/CommandInjection_0001.csv
CommandInjection_0002,CommandInjection,naive,CommandInjection,CAPEC-88,"The traffic shows irregular, bursty packet rates with mixed protocol usage (HTTP/HTTPS/DNS) and variable TCP flag combinations rather than a uniform flood pattern, consistent with interactive command injection sessions. Sporadic spikes in packet size and standard deviation align with occasional large command outputs or payloads being transmitted. The lack of sustained high-volume single-protocol traffic rules out DDoS/DoS classifications, pointing instead to an application-layer injection attack.",1717,215,"CLASSIFICATION: CommandInjection
REFERENCE_ID: CAPEC-88
JUSTIFICATION: The traffic shows irregular, bursty packet rates with mixed protocol usage (HTTP/HTTPS/DNS) and variable TCP flag combinations rather than a uniform flood pattern, consistent with interactive command injection sessions. Sporadic spikes in packet size and standard deviation align with occasional large command outputs or payloads being transmitted. The lack of sustained high-volume single-protocol traffic rules out DDoS/DoS classifications, pointing instead to an application-layer injection attack.",real-and-correct,True,data/CSV/CommandInjection/CommandInjection.pcap.csv,2516.0,2546.0,results/viz/CommandInjection/CommandInjection_0002.png,results/naive/images/CommandInjection_0002.png,results/naive/pcap_slices/CommandInjection_0002.csv
CommandInjection_0003,CommandInjection,naive,CommandInjection,CAPEC-88,"The traffic shows variable, bursty packet rates with predominantly ACK/PSH TCP flags and an HTTP-dominant protocol mix, consistent with interactive command injection sessions over HTTP where commands are sent and responses returned irregularly. Packet sizes alternate between large (command/response payloads) and small (acknowledgments), matching the oscillating avg/std packet size pattern. CAPEC-88 (OS Command Injection) fits this application-layer exploitation behavior pattern.",1717,212,"CLASSIFICATION: CommandInjection
REFERENCE_ID: CAPEC-88
JUSTIFICATION: The traffic shows variable, bursty packet rates with predominantly ACK/PSH TCP flags and an HTTP-dominant protocol mix, consistent with interactive command injection sessions over HTTP where commands are sent and responses returned irregularly. Packet sizes alternate between large (command/response payloads) and small (acknowledgments), matching the oscillating avg/std packet size pattern. CAPEC-88 (OS Command Injection) fits this application-layer exploitation behavior pattern.",real-and-correct,True,data/CSV/CommandInjection/CommandInjection.pcap.csv,4390.0,4420.0,results/viz/CommandInjection/CommandInjection_0003.png,results/naive/images/CommandInjection_0003.png,results/naive/pcap_slices/CommandInjection_0003.csv
DDoS-ACK_Fragmentation_0000,DDoS-ACK_Fragmentation,naive,DDoS-ACK_Fragmentation,CAPEC-130,"The traffic shows high, variable packet rates with a dominant ACK flag fraction (~0.5) and negligible SYN/FIN/RST/PSH flags, consistent with fragmented ACK packets used in a DDoS flood. The protocol mix is predominantly TCP with large, consistent packet sizes (~900-950 bytes), matching the fragmentation-based volumetric attack pattern described in CAPEC-130 (Resource Exhaustion via fragmentation).",1717,214,"CLASSIFICATION: DDoS-ACK_Fragmentation
REFERENCE_ID: CAPEC-130
JUSTIFICATION: The traffic shows high, variable packet rates with a dominant ACK flag fraction (~0.5) and negligible SYN/FIN/RST/PSH flags, consistent with fragmented ACK packets used in a DDoS flood. The protocol mix is predominantly TCP with large, consistent packet sizes (~900-950 bytes), matching the fragmentation-based volumetric attack pattern described in CAPEC-130 (Resource Exhaustion via fragmentation).",real-but-wrong-family,True,data/CSV/DDoS-ACK_Fragmentation/DDoS-ACK_Fragmentation.pcap.csv,6387.0,6417.0,results/viz/DDoS-ACK_Fragmentation/DDoS-ACK_Fragmentation_0000.png,results/naive/images/DDoS-ACK_Fragmentation_0000.png,results/naive/pcap_slices/DDoS-ACK_Fragmentation_0000.csv
DDoS-ACK_Fragmentation_0001,DDoS-ACK_Fragmentation,naive,DDoS-ACK_Fragmentation,CAPEC-130,"The traffic shows a sharp spike in packet rate against a low baseline, dominant TCP protocol mix with high ACK flag fraction and negligible SYN/FIN/RST flags, consistent with fragmented ACK packet flooding. This matches CAPEC-130 (Excessive Allocation/Fragmentation) style resource exhaustion via fragmented ACK segments overwhelming reassembly buffers.",1717,194,"CLASSIFICATION: DDoS-ACK_Fragmentation
REFERENCE_ID: CAPEC-130
JUSTIFICATION: The traffic shows a sharp spike in packet rate against a low baseline, dominant TCP protocol mix with high ACK flag fraction and negligible SYN/FIN/RST flags, consistent with fragmented ACK packet flooding. This matches CAPEC-130 (Excessive Allocation/Fragmentation) style resource exhaustion via fragmented ACK segments overwhelming reassembly buffers.",real-but-wrong-family,True,data/CSV/DDoS-ACK_Fragmentation/DDoS-ACK_Fragmentation1.pcap.csv,22172.0,22202.0,results/viz/DDoS-ACK_Fragmentation/DDoS-ACK_Fragmentation_0001.png,results/naive/images/DDoS-ACK_Fragmentation_0001.png,results/naive/pcap_slices/DDoS-ACK_Fragmentation_0001.csv
DDoS-ACK_Fragmentation_0002,DDoS-ACK_Fragmentation,naive,DDoS-ACK_Fragmentation,CAPEC-530,"The traffic shows a dominant ACK flag fraction (~0.5) with minimal SYN/FIN/RST activity, consistent with fragmented ACK packet floods. The protocol mix is almost entirely TCP, and packet rate shows bursty spikes typical of fragmentation-based DDoS attacks. Large average packet sizes (~900+ bytes) align with fragmented ACK payloads designed to consume bandwidth and reassembly resources.",1717,207,"CLASSIFICATION: DDoS-ACK_Fragmentation
REFERENCE_ID: CAPEC-530
JUSTIFICATION: The traffic shows a dominant ACK flag fraction (~0.5) with minimal SYN/FIN/RST activity, consistent with fragmented ACK packet floods. The protocol mix is almost entirely TCP, and packet rate shows bursty spikes typical of fragmentation-based DDoS attacks. Large average packet sizes (~900+ bytes) align with fragmented ACK payloads designed to consume bandwidth and reassembly resources.",real-but-wrong-family,True,data/CSV/DDoS-ACK_Fragmentation/DDoS-ACK_Fragmentation10.pcap.csv,10112.0,10142.0,results/viz/DDoS-ACK_Fragmentation/DDoS-ACK_Fragmentation_0002.png,results/naive/images/DDoS-ACK_Fragmentation_0002.png,results/naive/pcap_slices/DDoS-ACK_Fragmentation_0002.csv
DDoS-ACK_Fragmentation_0003,DDoS-ACK_Fragmentation,naive,DDoS-ACK_Fragmentation,CAPEC-530,"The traffic shows high ACK flag fraction (~0.5) with spike-driven packet rates and consistent large packet sizes with fluctuating standard deviation, characteristic of fragmented ACK flood attacks. The protocol mix is dominated by TCP with periodic bursts aligning with the fragmentation pattern. This matches CAPEC-530 (Network Fragmentation) used to evade detection and overwhelm targets with fragmented ACK packets.",1717,208,"CLASSIFICATION: DDoS-ACK_Fragmentation
REFERENCE_ID: CAPEC-530
JUSTIFICATION: The traffic shows high ACK flag fraction (~0.5) with spike-driven packet rates and consistent large packet sizes with fluctuating standard deviation, characteristic of fragmented ACK flood attacks. The protocol mix is dominated by TCP with periodic bursts aligning with the fragmentation pattern. This matches CAPEC-530 (Network Fragmentation) used to evade detection and overwhelm targets with fragmented ACK packets.",real-but-wrong-family,True,data/CSV/DDoS-ACK_Fragmentation/DDoS-ACK_Fragmentation11.pcap.csv,10868.0,10898.0,results/viz/DDoS-ACK_Fragmentation/DDoS-ACK_Fragmentation_0003.png,results/naive/images/DDoS-ACK_Fragmentation_0003.png,results/naive/pcap_slices/DDoS-ACK_Fragmentation_0003.csv
DDoS-HTTP_Flood_0000,DDoS-HTTP_Flood,naive,DDoS-HTTP_Flood,CAPEC-488,"The protocol mix panel shows dominant HTTP traffic layered on TCP, with high ACK flag fraction and moderate SYN/PSH activity consistent with completed TCP handshakes carrying HTTP requests. The variable packet rate (500-1800 pkt/s) with bursty spikes and large packet size variance matches HTTP flood behavior where attackers send repeated legitimate-looking HTTP requests to exhaust server resources, aligning with CAPEC-488 (HTTP Flood).",1717,222,"CLASSIFICATION: DDoS-HTTP_Flood
REFERENCE_ID: CAPEC-488
JUSTIFICATION: The protocol mix panel shows dominant HTTP traffic layered on TCP, with high ACK flag fraction and moderate SYN/PSH activity consistent with completed TCP handshakes carrying HTTP requests. The variable packet rate (500-1800 pkt/s) with bursty spikes and large packet size variance matches HTTP flood behavior where attackers send repeated legitimate-looking HTTP requests to exhaust server resources, aligning with CAPEC-488 (HTTP Flood).",real-and-correct,True,data/CSV/DDoS-HTTP_Flood/DDoS-HTTP_Flood-.pcap.csv,14509.0,14539.0,results/viz/DDoS-HTTP_Flood/DDoS-HTTP_Flood_0000.png,results/naive/images/DDoS-HTTP_Flood_0000.png,results/naive/pcap_slices/DDoS-HTTP_Flood_0000.csv
DDoS-HTTP_Flood_0001,DDoS-HTTP_Flood,naive,DDoS-HTTP_Flood,CAPEC-488,"The traffic shows a sharp spike in packet rate to ~160,000 pkt/s against a baseline of low-rate traffic, consistent with a burst HTTP flood attack. The protocol mix panel shows dominant TCP/HTTP traffic composition throughout, and the TCP flag fraction shows high ACK dominance (typical of established HTTP connections being flooded with requests). This matches CAPEC-488 (HTTP Flood), an application-layer DDoS technique exhausting server resources via legitimate-looking HTTP requests.",1717,234,"CLASSIFICATION: DDoS-HTTP_Flood
REFERENCE_ID: CAPEC-488
JUSTIFICATION: The traffic shows a sharp spike in packet rate to ~160,000 pkt/s against a baseline of low-rate traffic, consistent with a burst HTTP flood attack. The protocol mix panel shows dominant TCP/HTTP traffic composition throughout, and the TCP flag fraction shows high ACK dominance (typical of established HTTP connections being flooded with requests). This matches CAPEC-488 (HTTP Flood), an application-layer DDoS technique exhausting server resources via legitimate-looking HTTP requests.",real-and-correct,True,data/CSV/DDoS-HTTP_Flood/DDoS-HTTP_Flood-.pcap.csv,14651.0,14681.0,results/viz/DDoS-HTTP_Flood/DDoS-HTTP_Flood_0001.png,results/naive/images/DDoS-HTTP_Flood_0001.png,results/naive/pcap_slices/DDoS-HTTP_Flood_0001.csv
DDoS-HTTP_Flood_0002,DDoS-HTTP_Flood,naive,DDoS-HTTP_Flood,CAPEC-488,"The traffic shows highly variable packet rates with spikes reaching up to 80000 pkt/s, dominated almost entirely by TCP protocol with fluctuating SYN/ACK flag ratios consistent with HTTP-based flooding via repeated connection establishment. The packet size remains small and stable (~60-80 bytes) except for a brief anomaly, matching typical HTTP flood request patterns rather than raw SYN or volumetric floods.",1717,203,"CLASSIFICATION: DDoS-HTTP_Flood
REFERENCE_ID: CAPEC-488
JUSTIFICATION: The traffic shows highly variable packet rates with spikes reaching up to 80000 pkt/s, dominated almost entirely by TCP protocol with fluctuating SYN/ACK flag ratios consistent with HTTP-based flooding via repeated connection establishment. The packet size remains small and stable (~60-80 bytes) except for a brief anomaly, matching typical HTTP flood request patterns rather than raw SYN or volumetric floods.",real-and-correct,True,data/CSV/DDoS-HTTP_Flood/DDoS-HTTP_Flood-.pcap.csv,15918.0,15948.0,results/viz/DDoS-HTTP_Flood/DDoS-HTTP_Flood_0002.png,results/naive/images/DDoS-HTTP_Flood_0002.png,results/naive/pcap_slices/DDoS-HTTP_Flood_0002.csv
DDoS-HTTP_Flood_0003,DDoS-HTTP_Flood,naive,DDoS-HTTP_Flood,CAPEC-488,"The traffic shows a clear spike in packet rate coinciding with a dominant HTTP protocol share in the protocol mix panel, consistent with an application-layer HTTP flood. TCP flags show high ACK/SYN fractions typical of completed HTTP request-response cycles rather than raw SYN floods, and packet sizes are moderate-to-large with high variance, matching HTTP request/response traffic patterns rather than simple volumetric floods.",1717,202,"CLASSIFICATION: DDoS-HTTP_Flood
REFERENCE_ID: CAPEC-488
JUSTIFICATION: The traffic shows a clear spike in packet rate coinciding with a dominant HTTP protocol share in the protocol mix panel, consistent with an application-layer HTTP flood. TCP flags show high ACK/SYN fractions typical of completed HTTP request-response cycles rather than raw SYN floods, and packet sizes are moderate-to-large with high variance, matching HTTP request/response traffic patterns rather than simple volumetric floods.",real-and-correct,True,data/CSV/DDoS-HTTP_Flood/DDoS-HTTP_Flood-.pcap.csv,16752.0,16782.0,results/viz/DDoS-HTTP_Flood/DDoS-HTTP_Flood_0003.png,results/naive/images/DDoS-HTTP_Flood_0003.png,results/naive/pcap_slices/DDoS-HTTP_Flood_0003.csv
DDoS-ICMP_Flood_0000,DDoS-ICMP_Flood,naive,DDoS-ICMP_Flood,CAPEC-486,"The protocol mix panel shows near-100% ICMP traffic throughout the capture, with high, fluctuating packet rates (10k–60k pkt/s) typical of a flood attack. TCP flags remain essentially zero except for a brief anomalous blip, confirming this is not a TCP-based attack. Consistent small average packet size (~60 bytes) aligns with ICMP echo request flooding, matching CAPEC-486 (ICMP flooding as a denial-of-service technique).",1717,215,"CLASSIFICATION: DDoS-ICMP_Flood
REFERENCE_ID: CAPEC-486
JUSTIFICATION: The protocol mix panel shows near-100% ICMP traffic throughout the capture, with high, fluctuating packet rates (10k–60k pkt/s) typical of a flood attack. TCP flags remain essentially zero except for a brief anomalous blip, confirming this is not a TCP-based attack. Consistent small average packet size (~60 bytes) aligns with ICMP echo request flooding, matching CAPEC-486 (ICMP flooding as a denial-of-service technique).",real-but-wrong-family,True,data/CSV/DDoS-ICMP_Flood/DDoS-ICMP_Flood.pcap.csv,187659.0,187689.0,results/viz/DDoS-ICMP_Flood/DDoS-ICMP_Flood_0000.png,results/naive/images/DDoS-ICMP_Flood_0000.png,results/naive/pcap_slices/DDoS-ICMP_Flood_0000.csv
DDoS-ICMP_Flood_0001,DDoS-ICMP_Flood,naive,DDoS-ICMP_Flood,CAPEC-486,"The protocol mix panel shows overwhelming ICMP traffic (~99%) throughout the entire window sequence, with packet rates fluctuating high (10k-80k pkt/s) consistent with flood behavior. Packet sizes remain constant at ~60 bytes typical of ICMP echo requests, and TCP flags are negligible except a brief anomaly near window 27-29, confirming this is a volumetric ICMP-based denial of service attack.",1717,203,"CLASSIFICATION: DDoS-ICMP_Flood
REFERENCE_ID: CAPEC-486
JUSTIFICATION: The protocol mix panel shows overwhelming ICMP traffic (~99%) throughout the entire window sequence, with packet rates fluctuating high (10k-80k pkt/s) consistent with flood behavior. Packet sizes remain constant at ~60 bytes typical of ICMP echo requests, and TCP flags are negligible except a brief anomaly near window 27-29, confirming this is a volumetric ICMP-based denial of service attack.",real-but-wrong-family,True,data/CSV/DDoS-ICMP_Flood/DDoS-ICMP_Flood1.pcap.csv,167287.0,167317.0,results/viz/DDoS-ICMP_Flood/DDoS-ICMP_Flood_0001.png,results/naive/images/DDoS-ICMP_Flood_0001.png,results/naive/pcap_slices/DDoS-ICMP_Flood_0001.csv
DDoS-ICMP_Flood_0002,DDoS-ICMP_Flood,naive,DDoS-ICMP_Flood,CAPEC-486,"The protocol mix panel shows near-100% ICMP traffic sustained throughout the capture, with high and highly variable packet rates (up to 80000+ pkt/s) consistent with a flooding attack. The TCP flag fractions are mostly near zero (ICMP has no TCP flags), and the small average packet size (~60 bytes) with low variance matches typical ICMP echo request flood packets. This matches the classic ICMP flood denial-of-service pattern described in CAPEC-486 (UDP/ICMP Flooding).",1717,230,"CLASSIFICATION: DDoS-ICMP_Flood
REFERENCE_ID: CAPEC-486
JUSTIFICATION: The protocol mix panel shows near-100% ICMP traffic sustained throughout the capture, with high and highly variable packet rates (up to 80000+ pkt/s) consistent with a flooding attack. The TCP flag fractions are mostly near zero (ICMP has no TCP flags), and the small average packet size (~60 bytes) with low variance matches typical ICMP echo request flood packets. This matches the classic ICMP flood denial-of-service pattern described in CAPEC-486 (UDP/ICMP Flooding).",real-but-wrong-family,True,data/CSV/DDoS-ICMP_Flood/DDoS-ICMP_Flood10.pcap.csv,91564.0,91594.0,results/viz/DDoS-ICMP_Flood/DDoS-ICMP_Flood_0002.png,results/naive/images/DDoS-ICMP_Flood_0002.png,results/naive/pcap_slices/DDoS-ICMP_Flood_0002.csv
DDoS-ICMP_Flood_0003,DDoS-ICMP_Flood,naive,DDoS-ICMP_Flood,CAPEC-486,"The protocol mix panel shows near-100% ICMP traffic throughout, with consistently small average packet sizes (~60 bytes) and minimal TCP flag activity, matching a classic ICMP flood pattern. The high, volatile packet rate (spiking to 150,000+ pkt/s) is consistent with a volumetric DDoS attack using ICMP echo requests to overwhelm the target.",1717,186,"CLASSIFICATION: DDoS-ICMP_Flood
REFERENCE_ID: CAPEC-486
JUSTIFICATION: The protocol mix panel shows near-100% ICMP traffic throughout, with consistently small average packet sizes (~60 bytes) and minimal TCP flag activity, matching a classic ICMP flood pattern. The high, volatile packet rate (spiking to 150,000+ pkt/s) is consistent with a volumetric DDoS attack using ICMP echo requests to overwhelm the target.",real-but-wrong-family,True,data/CSV/DDoS-ICMP_Flood/DDoS-ICMP_Flood11.pcap.csv,265380.0,265410.0,results/viz/DDoS-ICMP_Flood/DDoS-ICMP_Flood_0003.png,results/naive/images/DDoS-ICMP_Flood_0003.png,results/naive/pcap_slices/DDoS-ICMP_Flood_0003.csv
DDoS-ICMP_Fragmentation_0000,DDoS-ICMP_Fragmentation,naive,DDoS-ICMP_Fragmentation,CAPEC-130,"The protocol mix panel shows overwhelming ICMP dominance throughout the capture, consistent with fragmented ICMP flood traffic, while the packet rate shows bursty variable-rate traffic typical of fragmentation attacks. The TCP flag panel shows minimal legitimate TCP handshake activity, confirming this is not a TCP-based attack. CAPEC-130 (Excessive Allocation) covers IP fragmentation-based resource exhaustion attacks like ICMP fragmentation floods.",1717,228,"CLASSIFICATION: DDoS-ICMP_Fragmentation
REFERENCE_ID: CAPEC-130
JUSTIFICATION: The protocol mix panel shows overwhelming ICMP dominance throughout the capture, consistent with fragmented ICMP flood traffic, while the packet rate shows bursty variable-rate traffic typical of fragmentation attacks. The TCP flag panel shows minimal legitimate TCP handshake activity, confirming this is not a TCP-based attack. CAPEC-130 (Excessive Allocation) covers IP fragmentation-based resource exhaustion attacks like ICMP fragmentation floods.",real-but-wrong-family,True,data/CSV/DDoS-ICMP_Fragmentation/DDoS-ICMP_Fragmentation.pcap.csv,9635.0,9665.0,results/viz/DDoS-ICMP_Fragmentation/DDoS-ICMP_Fragmentation_0000.png,results/naive/images/DDoS-ICMP_Fragmentation_0000.png,results/naive/pcap_slices/DDoS-ICMP_Fragmentation_0000.csv
DDoS-ICMP_Fragmentation_0001,DDoS-ICMP_Fragmentation,naive,DDoS-ICMP_Fragmentation,CAPEC-130,"The protocol mix panel shows ICMP dominating nearly the entire traffic volume (>95%) across all windows, consistent with an ICMP-based flood/fragmentation attack. TCP flag fractions are minimal and sporadic, indicating TCP is not the primary vector, while packet rate fluctuates irregularly between 300-2000 pkt/s typical of fragmented ICMP flood patterns. CAPEC-130 (Excessive Allocation) covers resource exhaustion via fragmented packet flooding such as ICMP fragmentation attacks.",1717,244,"CLASSIFICATION: DDoS-ICMP_Fragmentation
REFERENCE_ID: CAPEC-130
JUSTIFICATION: The protocol mix panel shows ICMP dominating nearly the entire traffic volume (>95%) across all windows, consistent with an ICMP-based flood/fragmentation attack. TCP flag fractions are minimal and sporadic, indicating TCP is not the primary vector, while packet rate fluctuates irregularly between 300-2000 pkt/s typical of fragmented ICMP flood patterns. CAPEC-130 (Excessive Allocation) covers resource exhaustion via fragmented packet flooding such as ICMP fragmentation attacks.",real-but-wrong-family,True,data/CSV/DDoS-ICMP_Fragmentation/DDoS-ICMP_Fragmentation1.pcap.csv,4843.0,4873.0,results/viz/DDoS-ICMP_Fragmentation/DDoS-ICMP_Fragmentation_0001.png,results/naive/images/DDoS-ICMP_Fragmentation_0001.png,results/naive/pcap_slices/DDoS-ICMP_Fragmentation_0001.csv
DDoS-ICMP_Fragmentation_0002,DDoS-ICMP_Fragmentation,naive,DDoS-ICMP_Fragmentation,CAPEC-89,"The protocol mix panel shows ICMP dominating nearly the entire traffic composition across all windows, consistent with an ICMP-based flood/fragmentation attack. The packet rate is bursty and elevated (500-3200 pkt/s) with high average packet sizes (700-950 bytes) and low TCP flag fractions, matching fragmented ICMP packets rather than a TCP-based attack. This pattern aligns with CAPEC-89 (Denial of Service via ICMP fragmentation/flooding).",1717,227,"CLASSIFICATION: DDoS-ICMP_Fragmentation
REFERENCE_ID: CAPEC-89
JUSTIFICATION: The protocol mix panel shows ICMP dominating nearly the entire traffic composition across all windows, consistent with an ICMP-based flood/fragmentation attack. The packet rate is bursty and elevated (500-3200 pkt/s) with high average packet sizes (700-950 bytes) and low TCP flag fractions, matching fragmented ICMP packets rather than a TCP-based attack. This pattern aligns with CAPEC-89 (Denial of Service via ICMP fragmentation/flooding).",UNVERIFIED,True,data/CSV/DDoS-ICMP_Fragmentation/DDoS-ICMP_Fragmentation10.pcap.csv,19193.0,19223.0,results/viz/DDoS-ICMP_Fragmentation/DDoS-ICMP_Fragmentation_0002.png,results/naive/images/DDoS-ICMP_Fragmentation_0002.png,results/naive/pcap_slices/DDoS-ICMP_Fragmentation_0002.csv
DDoS-ICMP_Fragmentation_0003,DDoS-ICMP_Fragmentation,naive,DDoS-ICMP_Fragmentation,CAPEC-130,"The protocol mix panel is overwhelmingly dominated by ICMP traffic (>95%) with negligible TCP flag activity, consistent with an ICMP-based flood/fragmentation attack rather than TCP-based volumetric attacks. The large average packet sizes (~850-950 bytes) with moderate variance align with fragmented ICMP packets designed to overwhelm reassembly buffers, matching CAPEC-130 (Excessive Allocation via Fragmented Packets).",1717,219,"CLASSIFICATION: DDoS-ICMP_Fragmentation
REFERENCE_ID: CAPEC-130
JUSTIFICATION: The protocol mix panel is overwhelmingly dominated by ICMP traffic (>95%) with negligible TCP flag activity, consistent with an ICMP-based flood/fragmentation attack rather than TCP-based volumetric attacks. The large average packet sizes (~850-950 bytes) with moderate variance align with fragmented ICMP packets designed to overwhelm reassembly buffers, matching CAPEC-130 (Excessive Allocation via Fragmented Packets).",real-but-wrong-family,True,data/CSV/DDoS-ICMP_Fragmentation/DDoS-ICMP_Fragmentation11.pcap.csv,3604.0,3634.0,results/viz/DDoS-ICMP_Fragmentation/DDoS-ICMP_Fragmentation_0003.png,results/naive/images/DDoS-ICMP_Fragmentation_0003.png,results/naive/pcap_slices/DDoS-ICMP_Fragmentation_0003.csv
DDoS-PSHACK_FLOOD_0000,DDoS-PSHACK_FLOOD,naive,DDoS-PSHACK_FLOOD,CAPEC-125,"The TCP flag panel shows ACK fraction near 1.0 throughout, consistent with PSH-ACK flood traffic where nearly all packets carry the ACK flag (with PSH implied but not separately plotted here). Protocol mix is almost entirely TCP, and packet rates are high and bursty (10k-80k pkt/s) with small, uniform packet sizes (~60 bytes avg), matching a flood of small PSH-ACK packets designed to exhaust connection state resources (CAPEC-125: Flooding).",1717,232,"CLASSIFICATION: DDoS-PSHACK_FLOOD
REFERENCE_ID: CAPEC-125
JUSTIFICATION: The TCP flag panel shows ACK fraction near 1.0 throughout, consistent with PSH-ACK flood traffic where nearly all packets carry the ACK flag (with PSH implied but not separately plotted here). Protocol mix is almost entirely TCP, and packet rates are high and bursty (10k-80k pkt/s) with small, uniform packet sizes (~60 bytes avg), matching a flood of small PSH-ACK packets designed to exhaust connection state resources (CAPEC-125: Flooding).",real-but-generic,True,data/CSV/DDoS-PSHACK_FLOOD/DDoS-PSHACK_Flood.pcap.csv,229608.0,229638.0,results/viz/DDoS-PSHACK_FLOOD/DDoS-PSHACK_FLOOD_0000.png,results/naive/images/DDoS-PSHACK_FLOOD_0000.png,results/naive/pcap_slices/DDoS-PSHACK_FLOOD_0000.csv
DDoS-PSHACK_FLOOD_0001,DDoS-PSHACK_FLOOD,naive,DDoS-PSHACK_FLOOD,CAPEC-125,"The TCP flag panel shows near-total dominance of ACK/PSH flags with negligible SYN/FIN/RST activity, consistent with a PSH-ACK flood. Protocol mix is almost entirely TCP, and packet rate spikes irregularly to tens of thousands of pkt/s, matching flood-style DDoS behavior. Average packet size stays small and stable (~60 bytes), typical of crafted flood packets rather than legitimate application traffic.",1717,212,"CLASSIFICATION: DDoS-PSHACK_FLOOD
REFERENCE_ID: CAPEC-125
JUSTIFICATION: The TCP flag panel shows near-total dominance of ACK/PSH flags with negligible SYN/FIN/RST activity, consistent with a PSH-ACK flood. Protocol mix is almost entirely TCP, and packet rate spikes irregularly to tens of thousands of pkt/s, matching flood-style DDoS behavior. Average packet size stays small and stable (~60 bytes), typical of crafted flood packets rather than legitimate application traffic.",real-but-generic,True,data/CSV/DDoS-PSHACK_FLOOD/DDoS-PSHACK_Flood1.pcap.csv,164795.0,164825.0,results/viz/DDoS-PSHACK_FLOOD/DDoS-PSHACK_FLOOD_0001.png,results/naive/images/DDoS-PSHACK_FLOOD_0001.png,results/naive/pcap_slices/DDoS-PSHACK_FLOOD_0001.csv
DDoS-PSHACK_FLOOD_0002,DDoS-PSHACK_FLOOD,naive,DDoS-PSHACK_FLOOD,CAPEC-125,"The TCP flag panel shows an ACK fraction near 1.0 with negligible FIN/SYN/RST, consistent with a PSH+ACK flood pattern, and the protocol mix is almost entirely TCP. High variable packet rates (10k-55k pkt/s) with small, consistent average packet size (~60 bytes) and near-zero size variance further support a flood of small PSH-ACK packets typical of this DDoS variant.",1717,202,"CLASSIFICATION: DDoS-PSHACK_FLOOD
REFERENCE_ID: CAPEC-125
JUSTIFICATION: The TCP flag panel shows an ACK fraction near 1.0 with negligible FIN/SYN/RST, consistent with a PSH+ACK flood pattern, and the protocol mix is almost entirely TCP. High variable packet rates (10k-55k pkt/s) with small, consistent average packet size (~60 bytes) and near-zero size variance further support a flood of small PSH-ACK packets typical of this DDoS variant.",real-but-generic,True,data/CSV/DDoS-PSHACK_FLOOD/DDoS-PSHACK_Flood10.pcap.csv,30459.0,30489.0,results/viz/DDoS-PSHACK_FLOOD/DDoS-PSHACK_FLOOD_0002.png,results/naive/images/DDoS-PSHACK_FLOOD_0002.png,results/naive/pcap_slices/DDoS-PSHACK_FLOOD_0002.csv
DDoS-PSHACK_FLOOD_0003,DDoS-PSHACK_FLOOD,naive,DDoS-PSHACK_FLOOD,CAPEC-125,"The traffic shows high, bursty packet rates dominated almost entirely by TCP protocol with an ACK flag fraction near 1.0 throughout, consistent with a PSH-ACK flood attack. Packet sizes remain small and uniform (~60 bytes) with minimal variance, typical of crafted flood packets rather than legitimate application traffic, and the minor RST spike near the end reflects connection resets from overwhelmed targets.",1717,202,"CLASSIFICATION: DDoS-PSHACK_FLOOD
REFERENCE_ID: CAPEC-125
JUSTIFICATION: The traffic shows high, bursty packet rates dominated almost entirely by TCP protocol with an ACK flag fraction near 1.0 throughout, consistent with a PSH-ACK flood attack. Packet sizes remain small and uniform (~60 bytes) with minimal variance, typical of crafted flood packets rather than legitimate application traffic, and the minor RST spike near the end reflects connection resets from overwhelmed targets.",real-but-generic,True,data/CSV/DDoS-PSHACK_FLOOD/DDoS-PSHACK_Flood11.pcap.csv,11739.0,11769.0,results/viz/DDoS-PSHACK_FLOOD/DDoS-PSHACK_FLOOD_0003.png,results/naive/images/DDoS-PSHACK_FLOOD_0003.png,results/naive/pcap_slices/DDoS-PSHACK_FLOOD_0003.csv
DDoS-RSTFINFLOOD_0000,DDoS-RSTFINFLOOD,naive,DDoS-RSTFINFLOOD,CAPEC-125,"The traffic shows near-100% RST flag fraction across all windows with pure TCP protocol mix, small uniform packet sizes (~60 bytes), and highly variable bursty packet rates (10k-100k+ pkt/s) consistent with a volumetric RST/FIN flood attack designed to exhaust resources or disrupt TCP connection state tracking.",1717,175,"CLASSIFICATION: DDoS-RSTFINFLOOD
REFERENCE_ID: CAPEC-125
JUSTIFICATION: The traffic shows near-100% RST flag fraction across all windows with pure TCP protocol mix, small uniform packet sizes (~60 bytes), and highly variable bursty packet rates (10k-100k+ pkt/s) consistent with a volumetric RST/FIN flood attack designed to exhaust resources or disrupt TCP connection state tracking.",real-but-generic,True,data/CSV/DDoS-RSTFINFLOOD/DDoS-RSTFINFlood.pcap.csv,118707.0,118737.0,results/viz/DDoS-RSTFINFLOOD/DDoS-RSTFINFLOOD_0000.png,results/naive/images/DDoS-RSTFINFLOOD_0000.png,results/naive/pcap_slices/DDoS-RSTFINFLOOD_0000.csv
DDoS-RSTFINFLOOD_0001,DDoS-RSTFINFLOOD,naive,DDoS-RSTFINFLOOD,CAPEC-125,"The TCP flag panel shows RST flag fraction near 1.0 across all windows, confirming an RST-flood attack pattern consistent with the filename. High variable packet rates with bursts and TCP-dominant protocol mix further support a flooding DoS/DDoS attack using RST/FIN packets to exhaust connection state resources.",1717,166,"CLASSIFICATION: DDoS-RSTFINFLOOD
REFERENCE_ID: CAPEC-125
JUSTIFICATION: The TCP flag panel shows RST flag fraction near 1.0 across all windows, confirming an RST-flood attack pattern consistent with the filename. High variable packet rates with bursts and TCP-dominant protocol mix further support a flooding DoS/DDoS attack using RST/FIN packets to exhaust connection state resources.",real-but-generic,True,data/CSV/DDoS-RSTFINFLOOD/DDoS-RSTFINFlood1.pcap.csv,9467.0,9497.0,results/viz/DDoS-RSTFINFLOOD/DDoS-RSTFINFLOOD_0001.png,results/naive/images/DDoS-RSTFINFLOOD_0001.png,results/naive/pcap_slices/DDoS-RSTFINFLOOD_0001.csv
DDoS-RSTFINFLOOD_0002,DDoS-RSTFINFLOOD,naive,DDoS-RSTFINFLOOD,CAPEC-486,"The TCP flag panel shows RST fraction near 1.0 throughout, consistent with a RST/FIN flood attack. High, volatile packet rates combined with nearly pure TCP protocol mix and small, consistent packet sizes further support a flood of RST-flagged TCP packets designed to disrupt connections, matching the RSTFINFLOOD DDoS pattern.",1717,181,"CLASSIFICATION: DDoS-RSTFINFLOOD
REFERENCE_ID: CAPEC-486
JUSTIFICATION: The TCP flag panel shows RST fraction near 1.0 throughout, consistent with a RST/FIN flood attack. High, volatile packet rates combined with nearly pure TCP protocol mix and small, consistent packet sizes further support a flood of RST-flagged TCP packets designed to disrupt connections, matching the RSTFINFLOOD DDoS pattern.",real-but-wrong-family,True,data/CSV/DDoS-RSTFINFLOOD/DDoS-RSTFINFlood10.pcap.csv,38013.0,38043.0,results/viz/DDoS-RSTFINFLOOD/DDoS-RSTFINFLOOD_0002.png,results/naive/images/DDoS-RSTFINFLOOD_0002.png,results/naive/pcap_slices/DDoS-RSTFINFLOOD_0002.csv
DDoS-RSTFINFLOOD_0003,DDoS-RSTFINFLOOD,naive,DDoS-RSTFINFLOOD,CAPEC-125,"The TCP flag composition panel shows RST flag fraction near 1.0 throughout, with all other flags near zero, confirming a flood of TCP RST(/FIN) packets. Protocol mix is almost entirely TCP, packet rate is high and bursty (10k-60k pkt/s), and packet sizes are small and uniform (~60 bytes avg, near-zero std), consistent with a volumetric RST/FIN flood DDoS attack.",1717,205,"CLASSIFICATION: DDoS-RSTFINFLOOD
REFERENCE_ID: CAPEC-125
JUSTIFICATION: The TCP flag composition panel shows RST flag fraction near 1.0 throughout, with all other flags near zero, confirming a flood of TCP RST(/FIN) packets. Protocol mix is almost entirely TCP, packet rate is high and bursty (10k-60k pkt/s), and packet sizes are small and uniform (~60 bytes avg, near-zero std), consistent with a volumetric RST/FIN flood DDoS attack.",real-but-generic,True,data/CSV/DDoS-RSTFINFLOOD/DDoS-RSTFINFlood11.pcap.csv,136791.0,136821.0,results/viz/DDoS-RSTFINFLOOD/DDoS-RSTFINFLOOD_0003.png,results/naive/images/DDoS-RSTFINFLOOD_0003.png,results/naive/pcap_slices/DDoS-RSTFINFLOOD_0003.csv
DDoS-SYN_Flood_0000,DDoS-SYN_Flood,naive,DDoS-SYN_Flood,CAPEC-482,"The TCP flag panel shows SYN fraction near 1.0 throughout, with negligible ACK/FIN/RST/PSH, confirming a classic SYN flood signature. Protocol mix is almost entirely TCP, packet sizes are small and uniform (~60 bytes, consistent with bare SYN packets), and the rate spikes sharply at the end, typical of a ramping flood attack.",1717,185,"CLASSIFICATION: DDoS-SYN_Flood
REFERENCE_ID: CAPEC-482
JUSTIFICATION: The TCP flag panel shows SYN fraction near 1.0 throughout, with negligible ACK/FIN/RST/PSH, confirming a classic SYN flood signature. Protocol mix is almost entirely TCP, packet sizes are small and uniform (~60 bytes, consistent with bare SYN packets), and the rate spikes sharply at the end, typical of a ramping flood attack.",real-and-correct,True,data/CSV/DDoS-SYN_Flood/DDoS-SYN_Flood.pcap.csv,258084.0,258114.0,results/viz/DDoS-SYN_Flood/DDoS-SYN_Flood_0000.png,results/naive/images/DDoS-SYN_Flood_0000.png,results/naive/pcap_slices/DDoS-SYN_Flood_0000.csv
DDoS-SYN_Flood_0001,DDoS-SYN_Flood,naive,DDoS-SYN_Flood,CAPEC-482,"The traffic shows extremely high and volatile packet rates (up to ~70,000 pkt/s) with the TCP flag composition dominated almost entirely by SYN flags (~1.0 fraction) throughout the capture. The protocol mix is nearly pure TCP, and the small, consistent average packet size (~60 bytes) with occasional std spikes is consistent with spoofed/half-open SYN packets used in a SYN flood attack. This matches the classic pattern of a DDoS-SYN_Flood as referenced by CAPEC-482 (TCP Flood).",1717,242,"CLASSIFICATION: DDoS-SYN_Flood
REFERENCE_ID: CAPEC-482
JUSTIFICATION: The traffic shows extremely high and volatile packet rates (up to ~70,000 pkt/s) with the TCP flag composition dominated almost entirely by SYN flags (~1.0 fraction) throughout the capture. The protocol mix is nearly pure TCP, and the small, consistent average packet size (~60 bytes) with occasional std spikes is consistent with spoofed/half-open SYN packets used in a SYN flood attack. This matches the classic pattern of a DDoS-SYN_Flood as referenced by CAPEC-482 (TCP Flood).",real-and-correct,True,data/CSV/DDoS-SYN_Flood/DDoS-SYN_Flood1.pcap.csv,124554.0,124584.0,results/viz/DDoS-SYN_Flood/DDoS-SYN_Flood_0001.png,results/naive/images/DDoS-SYN_Flood_0001.png,results/naive/pcap_slices/DDoS-SYN_Flood_0001.csv
DDoS-SYN_Flood_0002,DDoS-SYN_Flood,naive,DDoS-SYN_Flood,CAPEC-488,"The TCP flag panel shows SYN fraction near 1.0 throughout with negligible fin/rst/psh/ack, and protocol mix is almost entirely TCP — the hallmark of a SYN flood. High, bursty packet rates (10k-50k pkt/s) with small, consistent average packet sizes (~60 bytes) further match typical SYN flood behavior, consistent with CAPEC-488 (TCP SYN flood resource exhaustion).",1717,206,"CLASSIFICATION: DDoS-SYN_Flood
REFERENCE_ID: CAPEC-488
JUSTIFICATION: The TCP flag panel shows SYN fraction near 1.0 throughout with negligible fin/rst/psh/ack, and protocol mix is almost entirely TCP — the hallmark of a SYN flood. High, bursty packet rates (10k-50k pkt/s) with small, consistent average packet sizes (~60 bytes) further match typical SYN flood behavior, consistent with CAPEC-488 (TCP SYN flood resource exhaustion).",real-but-wrong-family,True,data/CSV/DDoS-SYN_Flood/DDoS-SYN_Flood10.pcap.csv,216390.0,216420.0,results/viz/DDoS-SYN_Flood/DDoS-SYN_Flood_0002.png,results/naive/images/DDoS-SYN_Flood_0002.png,results/naive/pcap_slices/DDoS-SYN_Flood_0002.csv
DDoS-SYN_Flood_0003,DDoS-SYN_Flood,naive,DDoS-SYN_Flood,CAPEC-488,"The TCP flag panel shows sustained near-100% SYN fraction across most windows with minimal ACK completion, indicating half-open connection attempts characteristic of a SYN flood. Protocol mix is almost entirely TCP, packet sizes are small and uniform (~60 bytes), and packet rate is highly volatile with spikes up to 60000+ pkt/s, consistent with SYN flood bursts. CAPEC-488 (HTTP DoS) is not applicable; the correct reference for TCP SYN flooding is CAPEC-488 is incorrect—more accurately this maps to CAPEC-125 (Resource Depletion via flooding).",1717,271,"CLASSIFICATION: DDoS-SYN_Flood
REFERENCE_ID: CAPEC-488
JUSTIFICATION: The TCP flag panel shows sustained near-100% SYN fraction across most windows with minimal ACK completion, indicating half-open connection attempts characteristic of a SYN flood. Protocol mix is almost entirely TCP, packet sizes are small and uniform (~60 bytes), and packet rate is highly volatile with spikes up to 60000+ pkt/s, consistent with SYN flood bursts. CAPEC-488 (HTTP DoS) is not applicable; the correct reference for TCP SYN flooding is CAPEC-488 is incorrect—more accurately this maps to CAPEC-125 (Resource Depletion via flooding).",real-but-wrong-family,True,data/CSV/DDoS-SYN_Flood/DDoS-SYN_Flood11.pcap.csv,244404.0,244434.0,results/viz/DDoS-SYN_Flood/DDoS-SYN_Flood_0003.png,results/naive/images/DDoS-SYN_Flood_0003.png,results/naive/pcap_slices/DDoS-SYN_Flood_0003.csv
DDoS-SlowLoris_0000,DDoS-SlowLoris,naive,DDoS-SlowLoris,CAPEC-469,"The traffic shows sustained high ACK fraction with low-rate periodic PSH/ACK spikes and HTTP-dominant protocol mix, consistent with Slowloris keeping many partial HTTP connections open. Packet rate stays mostly low with occasional bursts, and packet size variance grows during connection buildup, matching slow-rate application-layer exhaustion attacks (CAPEC-469: HTTP DoS via incomplete requests).",1717,201,"CLASSIFICATION: DDoS-SlowLoris
REFERENCE_ID: CAPEC-469
JUSTIFICATION: The traffic shows sustained high ACK fraction with low-rate periodic PSH/ACK spikes and HTTP-dominant protocol mix, consistent with Slowloris keeping many partial HTTP connections open. Packet rate stays mostly low with occasional bursts, and packet size variance grows during connection buildup, matching slow-rate application-layer exhaustion attacks (CAPEC-469: HTTP DoS via incomplete requests).",real-but-wrong-family,True,data/CSV/DDoS-SlowLoris/DDoS-SlowLoris.pcap.csv,10326.0,10356.0,results/viz/DDoS-SlowLoris/DDoS-SlowLoris_0000.png,results/naive/images/DDoS-SlowLoris_0000.png,results/naive/pcap_slices/DDoS-SlowLoris_0000.csv
DDoS-SlowLoris_0001,DDoS-SlowLoris,naive,DDoS-SlowLoris,CAPEC-469,"The traffic shows moderate, bursty packet rates dominated by TCP with high ACK and PSH flag fractions, consistent with SlowLoris keeping many connections open with partial HTTP requests. The protocol mix is heavily HTTPS/TCP with small packet sizes and high variance, matching slow-rate connection-exhaustion attacks rather than volumetric floods. CAPEC-469 (HTTP DoS) describes this resource-exhaustion technique via slow partial requests.",1717,215,"CLASSIFICATION: DDoS-SlowLoris
REFERENCE_ID: CAPEC-469
JUSTIFICATION: The traffic shows moderate, bursty packet rates dominated by TCP with high ACK and PSH flag fractions, consistent with SlowLoris keeping many connections open with partial HTTP requests. The protocol mix is heavily HTTPS/TCP with small packet sizes and high variance, matching slow-rate connection-exhaustion attacks rather than volumetric floods. CAPEC-469 (HTTP DoS) describes this resource-exhaustion technique via slow partial requests.",real-but-wrong-family,True,data/CSV/DDoS-SlowLoris/DDoS-SlowLoris.pcap.csv,12028.0,12058.0,results/viz/DDoS-SlowLoris/DDoS-SlowLoris_0001.png,results/naive/images/DDoS-SlowLoris_0001.png,results/naive/pcap_slices/DDoS-SlowLoris_0001.csv
DDoS-SlowLoris_0002,DDoS-SlowLoris,naive,DDoS-SlowLoris,CAPEC-469,"The traffic shows sustained high ACK flag fraction with intermittent PSH spikes, dominant HTTP/HTTPS protocol mix, and low-to-moderate packet rates with occasional bursts—consistent with SlowLoris keeping many HTTP connections open via partial requests. The packet size variability spikes align with sporadic partial header transmissions typical of this slow-rate application-layer DoS technique (CAPEC-469: HTTP DoS).",1717,205,"CLASSIFICATION: DDoS-SlowLoris
REFERENCE_ID: CAPEC-469
JUSTIFICATION: The traffic shows sustained high ACK flag fraction with intermittent PSH spikes, dominant HTTP/HTTPS protocol mix, and low-to-moderate packet rates with occasional bursts—consistent with SlowLoris keeping many HTTP connections open via partial requests. The packet size variability spikes align with sporadic partial header transmissions typical of this slow-rate application-layer DoS technique (CAPEC-469: HTTP DoS).",real-but-wrong-family,True,data/CSV/DDoS-SlowLoris/DDoS-SlowLoris.pcap.csv,14720.0,14750.0,results/viz/DDoS-SlowLoris/DDoS-SlowLoris_0002.png,results/naive/images/DDoS-SlowLoris_0002.png,results/naive/pcap_slices/DDoS-SlowLoris_0002.csv
DDoS-SlowLoris_0003,DDoS-SlowLoris,naive,DDoS-SlowLoris,CAPEC-469,"The traffic shows dominant HTTP protocol mix with high ACK and PSH flag fractions, consistent with SlowLoris attacks that maintain many partial HTTP connections using ACK/PSH packets while withholding complete requests. The variable packet rate with periodic spikes and generally small, variable packet sizes matches the slow, resource-exhausting connection pattern typical of SlowLoris rather than a volumetric flood. CAPEC-469 (HTTP DoS) describes this resource exhaustion technique via incomplete HTTP requests.",1717,235,"CLASSIFICATION: DDoS-SlowLoris
REFERENCE_ID: CAPEC-469
JUSTIFICATION: The traffic shows dominant HTTP protocol mix with high ACK and PSH flag fractions, consistent with SlowLoris attacks that maintain many partial HTTP connections using ACK/PSH packets while withholding complete requests. The variable packet rate with periodic spikes and generally small, variable packet sizes matches the slow, resource-exhausting connection pattern typical of SlowLoris rather than a volumetric flood. CAPEC-469 (HTTP DoS) describes this resource exhaustion technique via incomplete HTTP requests.",real-but-wrong-family,True,data/CSV/DDoS-SlowLoris/DDoS-SlowLoris.pcap.csv,19263.0,19293.0,results/viz/DDoS-SlowLoris/DDoS-SlowLoris_0003.png,results/naive/images/DDoS-SlowLoris_0003.png,results/naive/pcap_slices/DDoS-SlowLoris_0003.csv
DDoS-UDP_Flood_0000,DDoS-UDP_Flood,naive,DDoS-UDP_Flood,CAPEC-486,"The protocol mix panel shows near-100% UDP traffic throughout, with high packet rates (peaking above 100,000 pkt/s) and minimal TCP flag activity, consistent with a volumetric UDP flood. The average packet size remains stable near 60 bytes, typical of small, uniform UDP flood packets used to overwhelm the target's bandwidth or processing capacity.",1717,180,"CLASSIFICATION: DDoS-UDP_Flood
REFERENCE_ID: CAPEC-486
JUSTIFICATION: The protocol mix panel shows near-100% UDP traffic throughout, with high packet rates (peaking above 100,000 pkt/s) and minimal TCP flag activity, consistent with a volumetric UDP flood. The average packet size remains stable near 60 bytes, typical of small, uniform UDP flood packets used to overwhelm the target's bandwidth or processing capacity.",real-and-correct,True,data/CSV/DDoS-UDP_Flood/DDoS-UDP_Flood.pcap.csv,53476.0,53506.0,results/viz/DDoS-UDP_Flood/DDoS-UDP_Flood_0000.png,results/naive/images/DDoS-UDP_Flood_0000.png,results/naive/pcap_slices/DDoS-UDP_Flood_0000.csv
DDoS-UDP_Flood_0001,DDoS-UDP_Flood,naive,DDoS-UDP_Flood,CAPEC-486,"The protocol mix panel shows overwhelming UDP dominance (~99%) throughout the capture, with minimal TCP flag activity confirming UDP as the primary vector. Packet rates oscillate dramatically between ~10,000-60,000 pkt/s in a sawtooth pattern typical of flooding attacks, while packet sizes remain small and consistent (~60 bytes avg) with low variance, characteristic of UDP flood packets designed for volumetric bandwidth exhaustion.",1717,217,"CLASSIFICATION: DDoS-UDP_Flood
REFERENCE_ID: CAPEC-486
JUSTIFICATION: The protocol mix panel shows overwhelming UDP dominance (~99%) throughout the capture, with minimal TCP flag activity confirming UDP as the primary vector. Packet rates oscillate dramatically between ~10,000-60,000 pkt/s in a sawtooth pattern typical of flooding attacks, while packet sizes remain small and consistent (~60 bytes avg) with low variance, characteristic of UDP flood packets designed for volumetric bandwidth exhaustion.",real-and-correct,True,data/CSV/DDoS-UDP_Flood/DDoS-UDP_Flood1.pcap.csv,192369.0,192399.0,results/viz/DDoS-UDP_Flood/DDoS-UDP_Flood_0001.png,results/naive/images/DDoS-UDP_Flood_0001.png,results/naive/pcap_slices/DDoS-UDP_Flood_0001.csv
DDoS-UDP_Flood_0002,DDoS-UDP_Flood,naive,DDoS-UDP_Flood,CAPEC-486,"The protocol mix panel shows near-total UDP dominance (~100%) with negligible TCP, consistent with a UDP flood attack. Packet rates are high and fluctuating (10k-58k pkt/s) with minimal TCP flag activity, and packet sizes remain fairly constant (~60 bytes) with occasional spikes in std deviation, typical of UDP flood traffic patterns.",1717,184,"CLASSIFICATION: DDoS-UDP_Flood
REFERENCE_ID: CAPEC-486
JUSTIFICATION: The protocol mix panel shows near-total UDP dominance (~100%) with negligible TCP, consistent with a UDP flood attack. Packet rates are high and fluctuating (10k-58k pkt/s) with minimal TCP flag activity, and packet sizes remain fairly constant (~60 bytes) with occasional spikes in std deviation, typical of UDP flood traffic patterns.",real-and-correct,True,data/CSV/DDoS-UDP_Flood/DDoS-UDP_Flood10.pcap.csv,96769.0,96799.0,results/viz/DDoS-UDP_Flood/DDoS-UDP_Flood_0002.png,results/naive/images/DDoS-UDP_Flood_0002.png,results/naive/pcap_slices/DDoS-UDP_Flood_0002.csv
DDoS-UDP_Flood_0003,DDoS-UDP_Flood,naive,DDoS-UDP_Flood,CAPEC-486,"The protocol mix panel shows near-100% UDP traffic with no TCP flag activity, consistent with a UDP flood. The packet rate is highly volatile with bursts up to 150,000+ pkt/s and small, consistent packet sizes (~60 bytes avg), typical of high-volume UDP flood attacks designed to overwhelm bandwidth/resources.",1717,175,"CLASSIFICATION: DDoS-UDP_Flood
REFERENCE_ID: CAPEC-486
JUSTIFICATION: The protocol mix panel shows near-100% UDP traffic with no TCP flag activity, consistent with a UDP flood. The packet rate is highly volatile with bursts up to 150,000+ pkt/s and small, consistent packet sizes (~60 bytes avg), typical of high-volume UDP flood attacks designed to overwhelm bandwidth/resources.",real-and-correct,True,data/CSV/DDoS-UDP_Flood/DDoS-UDP_Flood11.pcap.csv,130102.0,130132.0,results/viz/DDoS-UDP_Flood/DDoS-UDP_Flood_0003.png,results/naive/images/DDoS-UDP_Flood_0003.png,results/naive/pcap_slices/DDoS-UDP_Flood_0003.csv
DDoS-UDP_Fragmentation_0000,DDoS-UDP_Fragmentation,naive,DDoS-UDP_Fragmentation,CAPEC-530,"The protocol mix panel shows overwhelming UDP dominance (~98%) with minimal TCP presence, consistent with UDP fragmentation attacks. The TCP flag fractions are near-zero/noisy since almost no TCP traffic exists, and packet rate shows bursty spikes typical of fragmented UDP flooding. Average packet sizes cluster near 900-950 bytes, consistent with fragmented large UDP payloads.",1717,202,"CLASSIFICATION: DDoS-UDP_Fragmentation
REFERENCE_ID: CAPEC-530
JUSTIFICATION: The protocol mix panel shows overwhelming UDP dominance (~98%) with minimal TCP presence, consistent with UDP fragmentation attacks. The TCP flag fractions are near-zero/noisy since almost no TCP traffic exists, and packet rate shows bursty spikes typical of fragmented UDP flooding. Average packet sizes cluster near 900-950 bytes, consistent with fragmented large UDP payloads.",real-but-wrong-family,True,data/CSV/DDoS-UDP_Fragmentation/DDoS-UDP_Fragmentation.pcap.csv,84.0,114.0,results/viz/DDoS-UDP_Fragmentation/DDoS-UDP_Fragmentation_0000.png,results/naive/images/DDoS-UDP_Fragmentation_0000.png,results/naive/pcap_slices/DDoS-UDP_Fragmentation_0000.csv
DDoS-UDP_Fragmentation_0001,DDoS-UDP_Fragmentation,naive,DDoS-UDP_Fragmentation,CAPEC-530,"The protocol mix panel shows a near-constant ~50% UDP traffic dominance throughout the capture, with variable high packet rates (1000-6700 pkt/s) and consistently large average packet sizes (~900 bytes), indicative of fragmented UDP packets. TCP flags remain negligible except for a brief anomalous spike, consistent with UDP fragmentation flood attacks rather than TCP-based attacks. This matches the fragmentation attack pattern (CAPEC-530: IP Address Spoofing/Fragmentation abuse).",1717,239,"CLASSIFICATION: DDoS-UDP_Fragmentation
REFERENCE_ID: CAPEC-530
JUSTIFICATION: The protocol mix panel shows a near-constant ~50% UDP traffic dominance throughout the capture, with variable high packet rates (1000-6700 pkt/s) and consistently large average packet sizes (~900 bytes), indicative of fragmented UDP packets. TCP flags remain negligible except for a brief anomalous spike, consistent with UDP fragmentation flood attacks rather than TCP-based attacks. This matches the fragmentation attack pattern (CAPEC-530: IP Address Spoofing/Fragmentation abuse).",real-but-wrong-family,True,data/CSV/DDoS-UDP_Fragmentation/DDoS-UDP_Fragmentation1.pcap.csv,13901.0,13931.0,results/viz/DDoS-UDP_Fragmentation/DDoS-UDP_Fragmentation_0001.png,results/naive/images/DDoS-UDP_Fragmentation_0001.png,results/naive/pcap_slices/DDoS-UDP_Fragmentation_0001.csv
DDoS-UDP_Fragmentation_0002,DDoS-UDP_Fragmentation,naive,DDoS-UDP_Fragmentation,CAPEC-530,"The protocol mix panel shows an overwhelming dominance of UDP traffic throughout all windows, consistent with UDP-based flooding/fragmentation attacks. The packet rate is bursty and elevated with large average packet sizes (~900+ bytes) and low standard deviation, indicating fragmented UDP packets of consistent large size being sent to overwhelm the target. TCP flag activity is minimal and sporadic, ruling out TCP-based attacks, and the title explicitly confirms this is a UDP Fragmentation sample.",1717,234,"CLASSIFICATION: DDoS-UDP_Fragmentation
REFERENCE_ID: CAPEC-530
JUSTIFICATION: The protocol mix panel shows an overwhelming dominance of UDP traffic throughout all windows, consistent with UDP-based flooding/fragmentation attacks. The packet rate is bursty and elevated with large average packet sizes (~900+ bytes) and low standard deviation, indicating fragmented UDP packets of consistent large size being sent to overwhelm the target. TCP flag activity is minimal and sporadic, ruling out TCP-based attacks, and the title explicitly confirms this is a UDP Fragmentation sample.",real-but-wrong-family,True,data/CSV/DDoS-UDP_Fragmentation/DDoS-UDP_Fragmentation10.pcap.csv,18535.0,18565.0,results/viz/DDoS-UDP_Fragmentation/DDoS-UDP_Fragmentation_0002.png,results/naive/images/DDoS-UDP_Fragmentation_0002.png,results/naive/pcap_slices/DDoS-UDP_Fragmentation_0002.csv
DDoS-UDP_Fragmentation_0003,DDoS-UDP_Fragmentation,naive,DDoS-UDP_Fragmentation,CAPEC-530,"The protocol mix panel shows UDP dominating traffic (~50%) alongside HTTP/HTTPS mixed in, with minimal TCP flag activity except a brief spike, consistent with fragmented UDP flood traffic. The large average packet sizes (800-1000+ bytes) and elevated standard deviation align with fragmented UDP packets used to overwhelm reassembly buffers, a classic UDP fragmentation DDoS pattern as referenced in CAPEC-530 (Network Fragmentation).",1717,228,"CLASSIFICATION: DDoS-UDP_Fragmentation
REFERENCE_ID: CAPEC-530
JUSTIFICATION: The protocol mix panel shows UDP dominating traffic (~50%) alongside HTTP/HTTPS mixed in, with minimal TCP flag activity except a brief spike, consistent with fragmented UDP flood traffic. The large average packet sizes (800-1000+ bytes) and elevated standard deviation align with fragmented UDP packets used to overwhelm reassembly buffers, a classic UDP fragmentation DDoS pattern as referenced in CAPEC-530 (Network Fragmentation).",real-but-wrong-family,True,data/CSV/DDoS-UDP_Fragmentation/DDoS-UDP_Fragmentation11.pcap.csv,15183.0,15213.0,results/viz/DDoS-UDP_Fragmentation/DDoS-UDP_Fragmentation_0003.png,results/naive/images/DDoS-UDP_Fragmentation_0003.png,results/naive/pcap_slices/DDoS-UDP_Fragmentation_0003.csv
DNS_Spoofing_0000,DNS_Spoofing,naive,DNS_Spoofing,CAPEC-142,"The traffic shows a DNS protocol component in the protocol mix panel alongside HTTP/HTTPS/TCP/UDP, with ACK-dominant TCP flag fractions and moderate PSH spikes typical of spoofed DNS response injection. The variable packet rate with periodic bursts and high packet size variance is consistent with DNS spoofing/cache poisoning attacks (CAPEC-142) rather than volumetric flooding.",1717,198,"CLASSIFICATION: DNS_Spoofing
REFERENCE_ID: CAPEC-142
JUSTIFICATION: The traffic shows a DNS protocol component in the protocol mix panel alongside HTTP/HTTPS/TCP/UDP, with ACK-dominant TCP flag fractions and moderate PSH spikes typical of spoofed DNS response injection. The variable packet rate with periodic bursts and high packet size variance is consistent with DNS spoofing/cache poisoning attacks (CAPEC-142) rather than volumetric flooding.",real-and-correct,True,data/CSV/DNS_Spoofing/DNS_Spoofing.pcap.csv,27627.0,27657.0,results/viz/DNS_Spoofing/DNS_Spoofing_0000.png,results/naive/images/DNS_Spoofing_0000.png,results/naive/pcap_slices/DNS_Spoofing_0000.csv
DNS_Spoofing_0001,DNS_Spoofing,naive,DNS_Spoofing,CAPEC-141,"The traffic shows a mix of DNS, HTTP/HTTPS, TCP and UDP protocols with variable packet rates and no single flood pattern, consistent with DNS spoofing activity where an attacker injects forged DNS responses amid otherwise mixed legitimate-looking traffic. The ACK/PSH-dominant TCP flag composition and moderate, fluctuating packet rates further support a spoofing/injection scenario rather than a volumetric flood attack. CAPEC-141 (Cache Poisoning) aligns with DNS spoofing techniques.",1717,240,"CLASSIFICATION: DNS_Spoofing
REFERENCE_ID: CAPEC-141
JUSTIFICATION: The traffic shows a mix of DNS, HTTP/HTTPS, TCP and UDP protocols with variable packet rates and no single flood pattern, consistent with DNS spoofing activity where an attacker injects forged DNS responses amid otherwise mixed legitimate-looking traffic. The ACK/PSH-dominant TCP flag composition and moderate, fluctuating packet rates further support a spoofing/injection scenario rather than a volumetric flood attack. CAPEC-141 (Cache Poisoning) aligns with DNS spoofing techniques.",real-but-generic,True,data/CSV/DNS_Spoofing/DNS_Spoofing.pcap.csv,47864.0,47894.0,results/viz/DNS_Spoofing/DNS_Spoofing_0001.png,results/naive/images/DNS_Spoofing_0001.png,results/naive/pcap_slices/DNS_Spoofing_0001.csv
DNS_Spoofing_0002,DNS_Spoofing,naive,DNS_Spoofing,CAPEC-142,"The protocol mix shows a strong DNS/UDP presence combined with HTTP/HTTPS traffic, and TCP flag fractions show fluctuating ACK/PSH ratios typical of interleaved DNS response injection rather than a flood pattern. Packet rate remains moderate and variable (20-230 pkt/s) rather than showing the sustained high-volume pattern of DDoS attacks, consistent with DNS spoofing activity attempting to blend with legitimate traffic. CAPEC-142 (DNS Cache Poisoning/Spoofing) aligns with this behavior pattern.",1717,251,"CLASSIFICATION: DNS_Spoofing
REFERENCE_ID: CAPEC-142
JUSTIFICATION: The protocol mix shows a strong DNS/UDP presence combined with HTTP/HTTPS traffic, and TCP flag fractions show fluctuating ACK/PSH ratios typical of interleaved DNS response injection rather than a flood pattern. Packet rate remains moderate and variable (20-230 pkt/s) rather than showing the sustained high-volume pattern of DDoS attacks, consistent with DNS spoofing activity attempting to blend with legitimate traffic. CAPEC-142 (DNS Cache Poisoning/Spoofing) aligns with this behavior pattern.",real-and-correct,True,data/CSV/DNS_Spoofing/DNS_Spoofing.pcap.csv,95479.0,95509.0,results/viz/DNS_Spoofing/DNS_Spoofing_0002.png,results/naive/images/DNS_Spoofing_0002.png,results/naive/pcap_slices/DNS_Spoofing_0002.csv
DNS_Spoofing_0003,DNS_Spoofing,naive,DNS_Spoofing,CAPEC-141,"The traffic shows moderate, variable packet rates (20-160 pkt/s) with a mixed protocol composition dominated by TCP/UDP with significant DNS, HTTP, and HTTPS fractions rather than a single flood protocol. TCP flags show high ACK/PSH fractions typical of established sessions rather than flood-pattern SYN/RST flags, consistent with response spoofing/injection into legitimate DNS query-response flows. This pattern matches CAPEC-141 (Cache Poisoning / DNS spoofing) rather than a volumetric DoS/DDoS attack.",1717,249,"CLASSIFICATION: DNS_Spoofing
REFERENCE_ID: CAPEC-141
JUSTIFICATION: The traffic shows moderate, variable packet rates (20-160 pkt/s) with a mixed protocol composition dominated by TCP/UDP with significant DNS, HTTP, and HTTPS fractions rather than a single flood protocol. TCP flags show high ACK/PSH fractions typical of established sessions rather than flood-pattern SYN/RST flags, consistent with response spoofing/injection into legitimate DNS query-response flows. This pattern matches CAPEC-141 (Cache Poisoning / DNS spoofing) rather than a volumetric DoS/DDoS attack.",real-but-generic,True,data/CSV/DNS_Spoofing/DNS_Spoofing.pcap.csv,172588.0,172618.0,results/viz/DNS_Spoofing/DNS_Spoofing_0003.png,results/naive/images/DNS_Spoofing_0003.png,results/naive/pcap_slices/DNS_Spoofing_0003.csv
DoS-HTTP_Flood_0000,DoS-HTTP_Flood,naive,DoS-HTTP_Flood,CAPEC-469,"The protocol mix is dominated by TCP/HTTP traffic with high ACK/PSH flag fractions, consistent with completed TCP handshakes carrying HTTP requests rather than SYN-only floods. The packet rate shows bursty spikes (up to ~15000 pkt/s) typical of application-layer flooding, and variable packet sizes reflect HTTP request/response payloads rather than uniform small flood packets.",1717,194,"CLASSIFICATION: DoS-HTTP_Flood
REFERENCE_ID: CAPEC-469
JUSTIFICATION: The protocol mix is dominated by TCP/HTTP traffic with high ACK/PSH flag fractions, consistent with completed TCP handshakes carrying HTTP requests rather than SYN-only floods. The packet rate shows bursty spikes (up to ~15000 pkt/s) typical of application-layer flooding, and variable packet sizes reflect HTTP request/response payloads rather than uniform small flood packets.",real-and-correct,True,data/CSV/DoS-HTTP_Flood/DoS-HTTP_Flood.pcap.csv,3719.0,3749.0,results/viz/DoS-HTTP_Flood/DoS-HTTP_Flood_0000.png,results/naive/images/DoS-HTTP_Flood_0000.png,results/naive/pcap_slices/DoS-HTTP_Flood_0000.csv
DoS-HTTP_Flood_0001,DoS-HTTP_Flood,naive,DoS-HTTP_Flood,CAPEC-488,"The traffic shows a dominant TCP/HTTP protocol mix with mixed PSH/ACK/SYN flag fractions typical of application-layer HTTP requests, and a sharp rate spike consistent with a burst of HTTP flood traffic against a single target. Packet sizes vary widely reflecting HTTP request/response payloads rather than uniform small packets seen in volumetric floods.",1717,184,"CLASSIFICATION: DoS-HTTP_Flood
REFERENCE_ID: CAPEC-488
JUSTIFICATION: The traffic shows a dominant TCP/HTTP protocol mix with mixed PSH/ACK/SYN flag fractions typical of application-layer HTTP requests, and a sharp rate spike consistent with a burst of HTTP flood traffic against a single target. Packet sizes vary widely reflecting HTTP request/response payloads rather than uniform small packets seen in volumetric floods.",real-and-correct,True,data/CSV/DoS-HTTP_Flood/DoS-HTTP_Flood.pcap.csv,9939.0,9969.0,results/viz/DoS-HTTP_Flood/DoS-HTTP_Flood_0001.png,results/naive/images/DoS-HTTP_Flood_0001.png,results/naive/pcap_slices/DoS-HTTP_Flood_0001.csv
DoS-HTTP_Flood_0002,DoS-HTTP_Flood,naive,DoS-HTTP_Flood,CAPEC-488,"The protocol mix panel shows a clear shift from mixed TCP/HTTP/HTTPS traffic to dominant HTTP protocol after window 10, coinciding with a sharp spike in packet rate (up to ~8000 pkt/s). The ACK flag dominance in the TCP flag panel reflects established HTTP connections carrying repeated request floods, consistent with an application-layer HTTP flood DoS attack rather than a raw SYN/TCP flood.",1717,209,"CLASSIFICATION: DoS-HTTP_Flood
REFERENCE_ID: CAPEC-488
JUSTIFICATION: The protocol mix panel shows a clear shift from mixed TCP/HTTP/HTTPS traffic to dominant HTTP protocol after window 10, coinciding with a sharp spike in packet rate (up to ~8000 pkt/s). The ACK flag dominance in the TCP flag panel reflects established HTTP connections carrying repeated request floods, consistent with an application-layer HTTP flood DoS attack rather than a raw SYN/TCP flood.",real-and-correct,True,data/CSV/DoS-HTTP_Flood/DoS-HTTP_Flood1.pcap.csv,15814.0,15844.0,results/viz/DoS-HTTP_Flood/DoS-HTTP_Flood_0002.png,results/naive/images/DoS-HTTP_Flood_0002.png,results/naive/pcap_slices/DoS-HTTP_Flood_0002.csv
DoS-HTTP_Flood_0003,DoS-HTTP_Flood,naive,DoS-HTTP_Flood,CAPEC-125,"The protocol mix panel shows dominant TCP/HTTP traffic with high ACK and PSH flag fractions, consistent with repeated HTTP request floods over established TCP connections. The rate panel shows bursty spikes typical of HTTP flood attacks rather than steady volumetric floods seen in pure network-layer DoS. Packet sizes are large and variable, matching HTTP request/response payloads rather than small fixed-size protocol packets.",1717,202,"CLASSIFICATION: DoS-HTTP_Flood
REFERENCE_ID: CAPEC-125
JUSTIFICATION: The protocol mix panel shows dominant TCP/HTTP traffic with high ACK and PSH flag fractions, consistent with repeated HTTP request floods over established TCP connections. The rate panel shows bursty spikes typical of HTTP flood attacks rather than steady volumetric floods seen in pure network-layer DoS. Packet sizes are large and variable, matching HTTP request/response payloads rather than small fixed-size protocol packets.",real-but-generic,True,data/CSV/DoS-HTTP_Flood/DoS-HTTP_Flood1.pcap.csv,22635.0,22665.0,results/viz/DoS-HTTP_Flood/DoS-HTTP_Flood_0003.png,results/naive/images/DoS-HTTP_Flood_0003.png,results/naive/pcap_slices/DoS-HTTP_Flood_0003.csv
DoS-SYN_Flood_0000,DoS-SYN_Flood,naive,DoS-SYN_Flood,CAPEC-482,"The TCP flag panel shows SYN fraction near 1.0 for most windows, indicating a flood of connection-initiation packets typical of a SYN flood. High, bursty packet rates combined with pure TCP protocol mix and small average packet sizes with occasional variance spikes further support this classification. CAPEC-482 (TCP Flood) covers resource exhaustion via SYN packet floods.",1717,183,"CLASSIFICATION: DoS-SYN_Flood
REFERENCE_ID: CAPEC-482
JUSTIFICATION: The TCP flag panel shows SYN fraction near 1.0 for most windows, indicating a flood of connection-initiation packets typical of a SYN flood. High, bursty packet rates combined with pure TCP protocol mix and small average packet sizes with occasional variance spikes further support this classification. CAPEC-482 (TCP Flood) covers resource exhaustion via SYN packet floods.",real-and-correct,True,data/CSV/DoS-SYN_Flood/DoS-SYN_Flood.pcap.csv,228866.0,228896.0,results/viz/DoS-SYN_Flood/DoS-SYN_Flood_0000.png,results/naive/images/DoS-SYN_Flood_0000.png,results/naive/pcap_slices/DoS-SYN_Flood_0000.csv
DoS-SYN_Flood_0001,DoS-SYN_Flood,naive,DoS-SYN_Flood,CAPEC-482,"The traffic shows a sustained high packet rate (5k-35k pkt/s) composed almost entirely of TCP protocol with SYN flag fraction at ~1.0 throughout, indicating a flood of SYN packets. Small, uniform packet sizes (~60 bytes) with low variance are consistent with minimal SYN packets used to exhaust connection resources on a single or few targets, characteristic of a SYN flood DoS attack (CAPEC-482: TCP Flood).",1717,212,"CLASSIFICATION: DoS-SYN_Flood
REFERENCE_ID: CAPEC-482
JUSTIFICATION: The traffic shows a sustained high packet rate (5k-35k pkt/s) composed almost entirely of TCP protocol with SYN flag fraction at ~1.0 throughout, indicating a flood of SYN packets. Small, uniform packet sizes (~60 bytes) with low variance are consistent with minimal SYN packets used to exhaust connection resources on a single or few targets, characteristic of a SYN flood DoS attack (CAPEC-482: TCP Flood).",real-and-correct,True,data/CSV/DoS-SYN_Flood/DoS-SYN_Flood1.pcap.csv,181175.0,181205.0,results/viz/DoS-SYN_Flood/DoS-SYN_Flood_0001.png,results/naive/images/DoS-SYN_Flood_0001.png,results/naive/pcap_slices/DoS-SYN_Flood_0001.csv
DoS-SYN_Flood_0002,DoS-SYN_Flood,naive,DoS-SYN_Flood,CAPEC-488,"The TCP flag panel shows near-100% SYN flag fraction across all windows with negligible other flags, indicating a classic SYN flood. Packet rates are high and bursty (spiking above 100,000 pkt/s) with small, uniform average packet sizes (~60 bytes), consistent with minimal SYN packets. The protocol mix is dominated by TCP/HTTP with no diversity, matching a single-vector DoS SYN flood pattern rather than a distributed multi-source DDoS.",1717,217,"CLASSIFICATION: DoS-SYN_Flood
REFERENCE_ID: CAPEC-488
JUSTIFICATION: The TCP flag panel shows near-100% SYN flag fraction across all windows with negligible other flags, indicating a classic SYN flood. Packet rates are high and bursty (spiking above 100,000 pkt/s) with small, uniform average packet sizes (~60 bytes), consistent with minimal SYN packets. The protocol mix is dominated by TCP/HTTP with no diversity, matching a single-vector DoS SYN flood pattern rather than a distributed multi-source DDoS.",real-but-wrong-family,True,data/CSV/DoS-SYN_Flood/DoS-SYN_Flood2.pcap.csv,91016.0,91046.0,results/viz/DoS-SYN_Flood/DoS-SYN_Flood_0002.png,results/naive/images/DoS-SYN_Flood_0002.png,results/naive/pcap_slices/DoS-SYN_Flood_0002.csv
DoS-SYN_Flood_0003,DoS-SYN_Flood,naive,DoS-SYN_Flood,CAPEC-482,"The traffic shows near-100% SYN flag fraction with negligible other TCP flags, exclusively TCP protocol, small uniform packet sizes (~60 bytes typical of SYN packets), and highly variable but sustained high packet rates (up to ~37k pkt/s) — all classic indicators of a SYN flood denial-of-service attack.",1717,167,"CLASSIFICATION: DoS-SYN_Flood
REFERENCE_ID: CAPEC-482
JUSTIFICATION: The traffic shows near-100% SYN flag fraction with negligible other TCP flags, exclusively TCP protocol, small uniform packet sizes (~60 bytes typical of SYN packets), and highly variable but sustained high packet rates (up to ~37k pkt/s) — all classic indicators of a SYN flood denial-of-service attack.",real-and-correct,True,data/CSV/DoS-SYN_Flood/DoS-SYN_Flood3.pcap.csv,165553.0,165583.0,results/viz/DoS-SYN_Flood/DoS-SYN_Flood_0003.png,results/naive/images/DoS-SYN_Flood_0003.png,results/naive/pcap_slices/DoS-SYN_Flood_0003.csv
DoS-TCP_Flood_0000,DoS-TCP_Flood,naive,DoS-TCP_Flood,CAPEC-125,"The traffic shows extremely high, spiky packet rates (up to ~150,000 pkt/s) dominated almost entirely by TCP protocol with PSH/ACK flag dominance, characteristic of a TCP-based denial-of-service flood. The lack of SYN flag prevalence and near-constant packet size (~60 bytes) with occasional variance spikes further supports a generic TCP flood rather than a SYN-specific or reflection attack. This pattern aligns with CAPEC-125 (Flooding), a resource exhaustion attack via excessive TCP packet transmission.",1717,245,"CLASSIFICATION: DoS-TCP_Flood
REFERENCE_ID: CAPEC-125
JUSTIFICATION: The traffic shows extremely high, spiky packet rates (up to ~150,000 pkt/s) dominated almost entirely by TCP protocol with PSH/ACK flag dominance, characteristic of a TCP-based denial-of-service flood. The lack of SYN flag prevalence and near-constant packet size (~60 bytes) with occasional variance spikes further supports a generic TCP flood rather than a SYN-specific or reflection attack. This pattern aligns with CAPEC-125 (Flooding), a resource exhaustion attack via excessive TCP packet transmission.",real-but-generic,True,data/CSV/DoS-TCP_Flood/DoS-TCP_Flood.pcap.csv,155587.0,155617.0,results/viz/DoS-TCP_Flood/DoS-TCP_Flood_0000.png,results/naive/images/DoS-TCP_Flood_0000.png,results/naive/pcap_slices/DoS-TCP_Flood_0000.csv
DoS-TCP_Flood_0001,DoS-TCP_Flood,naive,DoS-TCP_Flood,CAPEC-125,"The traffic shows high, bursty packet rates (5k-35k pkt/s) with protocol mix dominated entirely by TCP/HTTP, consistent with a TCP-based flood. TCP flag fractions show intermittent ACK and PSH spikes, typical of a TCP flood using established-looking connections rather than pure SYN floods. Packet size remains stable (~60 bytes) with a brief anomaly, indicating a single-source or scripted flood consistent with DoS-TCP_Flood behavior.",1717,222,"CLASSIFICATION: DoS-TCP_Flood
REFERENCE_ID: CAPEC-125
JUSTIFICATION: The traffic shows high, bursty packet rates (5k-35k pkt/s) with protocol mix dominated entirely by TCP/HTTP, consistent with a TCP-based flood. TCP flag fractions show intermittent ACK and PSH spikes, typical of a TCP flood using established-looking connections rather than pure SYN floods. Packet size remains stable (~60 bytes) with a brief anomaly, indicating a single-source or scripted flood consistent with DoS-TCP_Flood behavior.",real-but-generic,True,data/CSV/DoS-TCP_Flood/DoS-TCP_Flood1.pcap.csv,26623.0,26653.0,results/viz/DoS-TCP_Flood/DoS-TCP_Flood_0001.png,results/naive/images/DoS-TCP_Flood_0001.png,results/naive/pcap_slices/DoS-TCP_Flood_0001.csv
DoS-TCP_Flood_0002,DoS-TCP_Flood,naive,DoS-TCP_Flood,CAPEC-125,"The traffic shows high, bursty packet rates dominated almost entirely by TCP protocol (with HTTP overlay) as seen in the protocol mix panel, consistent with a TCP-based flood. The flag composition shows spikes in ACK/PSH/SYN flags correlating with rate surges, and packet size stays fairly constant with occasional variance spikes, typical of DoS-TCP_Flood behavior rather than a distributed multi-source attack.",1717,203,"CLASSIFICATION: DoS-TCP_Flood
REFERENCE_ID: CAPEC-125
JUSTIFICATION: The traffic shows high, bursty packet rates dominated almost entirely by TCP protocol (with HTTP overlay) as seen in the protocol mix panel, consistent with a TCP-based flood. The flag composition shows spikes in ACK/PSH/SYN flags correlating with rate surges, and packet size stays fairly constant with occasional variance spikes, typical of DoS-TCP_Flood behavior rather than a distributed multi-source attack.",real-but-generic,True,data/CSV/DoS-TCP_Flood/DoS-TCP_Flood10.pcap.csv,4917.0,4947.0,results/viz/DoS-TCP_Flood/DoS-TCP_Flood_0002.png,results/naive/images/DoS-TCP_Flood_0002.png,results/naive/pcap_slices/DoS-TCP_Flood_0002.csv
DoS-TCP_Flood_0003,DoS-TCP_Flood,naive,DoS-TCP_Flood,CAPEC-125,"The traffic shows high, bursty packet rates (5k-35k pkt/s) with protocol mix dominated entirely by TCP/HTTP (no UDP/ICMP), consistent with a TCP-based flood. TCP flag fractions are mostly near zero with sporadic ACK spikes, typical of TCP flood traffic lacking proper handshake completion. Packet sizes remain small and stable (~60 bytes avg), matching the pattern of a single-source DoS-TCP_Flood rather than distributed or amplified DDoS variants.",1717,234,"CLASSIFICATION: DoS-TCP_Flood
REFERENCE_ID: CAPEC-125
JUSTIFICATION: The traffic shows high, bursty packet rates (5k-35k pkt/s) with protocol mix dominated entirely by TCP/HTTP (no UDP/ICMP), consistent with a TCP-based flood. TCP flag fractions are mostly near zero with sporadic ACK spikes, typical of TCP flood traffic lacking proper handshake completion. Packet sizes remain small and stable (~60 bytes avg), matching the pattern of a single-source DoS-TCP_Flood rather than distributed or amplified DDoS variants.",real-but-generic,True,data/CSV/DoS-TCP_Flood/DoS-TCP_Flood2.pcap.csv,174046.0,174076.0,results/viz/DoS-TCP_Flood/DoS-TCP_Flood_0003.png,results/naive/images/DoS-TCP_Flood_0003.png,results/naive/pcap_slices/DoS-TCP_Flood_0003.csv
DoS-UDP_Flood_0000,DoS-UDP_Flood,naive,DoS-UDP_Flood,CAPEC-486,"The protocol mix panel shows near-exclusive UDP traffic throughout the capture, consistent with a UDP flood attack, and packet rates are extremely high (5k-45k pkt/s) with erratic spikes typical of flooding. The TCP flag panel shows only negligible noise, confirming the attack is UDP-based rather than TCP-based. Consistent average packet size (~60 bytes) reflects typical small UDP flood packets.",1717,198,"CLASSIFICATION: DoS-UDP_Flood
REFERENCE_ID: CAPEC-486
JUSTIFICATION: The protocol mix panel shows near-exclusive UDP traffic throughout the capture, consistent with a UDP flood attack, and packet rates are extremely high (5k-45k pkt/s) with erratic spikes typical of flooding. The TCP flag panel shows only negligible noise, confirming the attack is UDP-based rather than TCP-based. Consistent average packet size (~60 bytes) reflects typical small UDP flood packets.",real-and-correct,True,data/CSV/DoS-UDP_Flood/DoS-UDP_Flood.pcap.csv,64660.0,64690.0,results/viz/DoS-UDP_Flood/DoS-UDP_Flood_0000.png,results/naive/images/DoS-UDP_Flood_0000.png,results/naive/pcap_slices/DoS-UDP_Flood_0000.csv
DoS-UDP_Flood_0001,DoS-UDP_Flood,naive,DoS-UDP_Flood,CAPEC-486,"The traffic shows near-exclusive UDP protocol dominance with high, volatile packet rates (5k-30k pkt/s), consistent small average packet sizes (~180 bytes), and minimal TCP flag activity, all characteristic of a UDP flood denial-of-service attack. The brief TCP flag spikes are negligible noise compared to the sustained UDP flood pattern, matching CAPEC-486 (UDP Flood).",1717,197,"CLASSIFICATION: DoS-UDP_Flood
REFERENCE_ID: CAPEC-486
JUSTIFICATION: The traffic shows near-exclusive UDP protocol dominance with high, volatile packet rates (5k-30k pkt/s), consistent small average packet sizes (~180 bytes), and minimal TCP flag activity, all characteristic of a UDP flood denial-of-service attack. The brief TCP flag spikes are negligible noise compared to the sustained UDP flood pattern, matching CAPEC-486 (UDP Flood).",real-and-correct,True,data/CSV/DoS-UDP_Flood/DoS-UDP_Flood1.pcap.csv,84857.0,84887.0,results/viz/DoS-UDP_Flood/DoS-UDP_Flood_0001.png,results/naive/images/DoS-UDP_Flood_0001.png,results/naive/pcap_slices/DoS-UDP_Flood_0001.csv
DoS-UDP_Flood_0002,DoS-UDP_Flood,naive,DoS-UDP_Flood,CAPEC-486,"The protocol mix panel shows near-exclusive UDP traffic, with zero TCP flag activity, consistent with a UDP flood. Packet rate is high and bursty (up to ~55000 pkt/s) with small, uniform packet sizes (~60 bytes avg, low std), typical of DoS-UDP_Flood attacks generating high-volume small UDP packets to overwhelm the target.",1717,184,"CLASSIFICATION: DoS-UDP_Flood
REFERENCE_ID: CAPEC-486
JUSTIFICATION: The protocol mix panel shows near-exclusive UDP traffic, with zero TCP flag activity, consistent with a UDP flood. Packet rate is high and bursty (up to ~55000 pkt/s) with small, uniform packet sizes (~60 bytes avg, low std), typical of DoS-UDP_Flood attacks generating high-volume small UDP packets to overwhelm the target.",real-and-correct,True,data/CSV/DoS-UDP_Flood/DoS-UDP_Flood10.pcap.csv,84678.0,84708.0,results/viz/DoS-UDP_Flood/DoS-UDP_Flood_0002.png,results/naive/images/DoS-UDP_Flood_0002.png,results/naive/pcap_slices/DoS-UDP_Flood_0002.csv
DoS-UDP_Flood_0003,DoS-UDP_Flood,naive,DoS-UDP_Flood,CAPEC-486,"The traffic shows extremely high, fluctuating packet rates (8k-35k pkt/s) dominated almost entirely by UDP protocol in the protocol mix panel, with minimal TCP flag activity (only sporadic low-fraction SYN/ACK/PSH noise) confirming this is not a TCP-based attack. Small consistent average packet sizes (~60 bytes) with low variance are typical of UDP flood attacks, and a brief ICMP spike around window 8 is incidental background noise rather than the primary attack vector.",1717,229,"CLASSIFICATION: DoS-UDP_Flood
REFERENCE_ID: CAPEC-486
JUSTIFICATION: The traffic shows extremely high, fluctuating packet rates (8k-35k pkt/s) dominated almost entirely by UDP protocol in the protocol mix panel, with minimal TCP flag activity (only sporadic low-fraction SYN/ACK/PSH noise) confirming this is not a TCP-based attack. Small consistent average packet sizes (~60 bytes) with low variance are typical of UDP flood attacks, and a brief ICMP spike around window 8 is incidental background noise rather than the primary attack vector.",real-and-correct,True,data/CSV/DoS-UDP_Flood/DoS-UDP_Flood11.pcap.csv,57152.0,57182.0,results/viz/DoS-UDP_Flood/DoS-UDP_Flood_0003.png,results/naive/images/DoS-UDP_Flood_0003.png,results/naive/pcap_slices/DoS-UDP_Flood_0003.csv
MITM-ArpSpoofing_0000,MITM-ArpSpoofing,naive,MITM-ArpSpoofing,CAPEC-94,"The traffic shows mixed protocol composition (TCP, UDP, HTTP, HTTPS, DNS) with variable packet rates and diverse TCP flag usage (ack, psh dominant with some syn/fin), consistent with legitimate traffic being intercepted and relayed rather than a flood or scan pattern. This heterogeneity, combined with fluctuating packet sizes and no single dominant flag/protocol signature typical of DoS/DDoS attacks, aligns with ARP spoofing-based MITM (CAPEC-94) where attacker passes through varied victim traffic.",1717,249,"CLASSIFICATION: MITM-ArpSpoofing
REFERENCE_ID: CAPEC-94
JUSTIFICATION: The traffic shows mixed protocol composition (TCP, UDP, HTTP, HTTPS, DNS) with variable packet rates and diverse TCP flag usage (ack, psh dominant with some syn/fin), consistent with legitimate traffic being intercepted and relayed rather than a flood or scan pattern. This heterogeneity, combined with fluctuating packet sizes and no single dominant flag/protocol signature typical of DoS/DDoS attacks, aligns with ARP spoofing-based MITM (CAPEC-94) where attacker passes through varied victim traffic.",real-and-correct,True,data/CSV/MITM-ArpSpoofing/MITM-ArpSpoofing.pcap.csv,37200.0,37230.0,results/viz/MITM-ArpSpoofing/MITM-ArpSpoofing_0000.png,results/naive/images/MITM-ArpSpoofing_0000.png,results/naive/pcap_slices/MITM-ArpSpoofing_0000.csv
MITM-ArpSpoofing_0001,MITM-ArpSpoofing,naive,MITM-ArpSpoofing,CAPEC-94,"The traffic shows highly variable packet rates with alternating bursts, a TCP/HTTPS protocol mix dominated by ACK/PSH flags, and fluctuating packet sizes consistent with intercepted and relayed application traffic typical of an ARP spoofing man-in-the-middle attack. CAPEC-94 (Adversary in the Middle) describes this interception and relay behavior between two communicating parties.",1717,191,"CLASSIFICATION: MITM-ArpSpoofing
REFERENCE_ID: CAPEC-94
JUSTIFICATION: The traffic shows highly variable packet rates with alternating bursts, a TCP/HTTPS protocol mix dominated by ACK/PSH flags, and fluctuating packet sizes consistent with intercepted and relayed application traffic typical of an ARP spoofing man-in-the-middle attack. CAPEC-94 (Adversary in the Middle) describes this interception and relay behavior between two communicating parties.",real-and-correct,True,data/CSV/MITM-ArpSpoofing/MITM-ArpSpoofing.pcap.csv,94508.0,94538.0,results/viz/MITM-ArpSpoofing/MITM-ArpSpoofing_0001.png,results/naive/images/MITM-ArpSpoofing_0001.png,results/naive/pcap_slices/MITM-ArpSpoofing_0001.csv
MITM-ArpSpoofing_0002,MITM-ArpSpoofing,naive,MITM-ArpSpoofing,CAPEC-94,"The traffic shows highly variable packet rates with mixed TCP/HTTPS protocol composition and fluctuating ACK/PSH flag ratios, consistent with intercepted and relayed traffic typical of ARP spoofing MITM attacks. The variable packet sizes and irregular rate spikes reflect the passthrough of diverse legitimate traffic being redirected through the attacker, rather than a uniform flood pattern seen in DoS/DDoS attacks. CAPEC-94 (Adversary in the Middle) describes this ARP cache poisoning technique used to intercept network communications.",1717,251,"CLASSIFICATION: MITM-ArpSpoofing
REFERENCE_ID: CAPEC-94
JUSTIFICATION: The traffic shows highly variable packet rates with mixed TCP/HTTPS protocol composition and fluctuating ACK/PSH flag ratios, consistent with intercepted and relayed traffic typical of ARP spoofing MITM attacks. The variable packet sizes and irregular rate spikes reflect the passthrough of diverse legitimate traffic being redirected through the attacker, rather than a uniform flood pattern seen in DoS/DDoS attacks. CAPEC-94 (Adversary in the Middle) describes this ARP cache poisoning technique used to intercept network communications.",real-and-correct,True,data/CSV/MITM-ArpSpoofing/MITM-ArpSpoofing1.pcap.csv,22699.0,22729.0,results/viz/MITM-ArpSpoofing/MITM-ArpSpoofing_0002.png,results/naive/images/MITM-ArpSpoofing_0002.png,results/naive/pcap_slices/MITM-ArpSpoofing_0002.csv
MITM-ArpSpoofing_0003,MITM-ArpSpoofing,naive,MITM-ArpSpoofing,CAPEC-94,"The traffic shows an initial burst of high-rate packets (ARP spoofing setup) followed by a sustained low-rate period with mixed TCP/UDP/HTTP/HTTPS/DNS protocols and predominantly ACK/PSH flags, consistent with an attacker intercepting and relaying diverse legitimate traffic after poisoning ARP caches. This matches CAPEC-94 (Man in the Middle via ARP Cache Poisoning), where the attacker redirects traffic without generating a distinct flood signature, unlike volumetric DDoS/DoS patterns.",1717,249,"CLASSIFICATION: MITM-ArpSpoofing
REFERENCE_ID: CAPEC-94
JUSTIFICATION: The traffic shows an initial burst of high-rate packets (ARP spoofing setup) followed by a sustained low-rate period with mixed TCP/UDP/HTTP/HTTPS/DNS protocols and predominantly ACK/PSH flags, consistent with an attacker intercepting and relaying diverse legitimate traffic after poisoning ARP caches. This matches CAPEC-94 (Man in the Middle via ARP Cache Poisoning), where the attacker redirects traffic without generating a distinct flood signature, unlike volumetric DDoS/DoS patterns.",real-and-correct,True,data/CSV/MITM-ArpSpoofing/MITM-ArpSpoofing1.pcap.csv,23988.0,24018.0,results/viz/MITM-ArpSpoofing/MITM-ArpSpoofing_0003.png,results/naive/images/MITM-ArpSpoofing_0003.png,results/naive/pcap_slices/MITM-ArpSpoofing_0003.csv
Mirai-greeth_flood_0000,Mirai-greeth_flood,naive,Mirai-greeth_flood,CAPEC-125,"The filename explicitly indicates Mirai-greeth_flood, and the traffic pattern shows high, bursty packet rates with mixed TCP flags (SYN/ACK spikes) and a varied protocol mix (TCP/UDP/HTTP/HTTPS), consistent with Mirai's GRE-over-Ethernet flood which spoofs multiple protocol headers. The large, fairly consistent packet sizes (~570-600 bytes) with variable flag fractions further match Mirai bot flood behavior rather than a clean single-protocol DDoS pattern.",1717,243,"CLASSIFICATION: Mirai-greeth_flood
REFERENCE_ID: CAPEC-125
JUSTIFICATION: The filename explicitly indicates Mirai-greeth_flood, and the traffic pattern shows high, bursty packet rates with mixed TCP flags (SYN/ACK spikes) and a varied protocol mix (TCP/UDP/HTTP/HTTPS), consistent with Mirai's GRE-over-Ethernet flood which spoofs multiple protocol headers. The large, fairly consistent packet sizes (~570-600 bytes) with variable flag fractions further match Mirai bot flood behavior rather than a clean single-protocol DDoS pattern.",real-but-generic,True,data/CSV/Mirai-greeth_flood/Mirai-greeth_flood.pcap.csv,32853.0,32883.0,results/viz/Mirai-greeth_flood/Mirai-greeth_flood_0000.png,results/naive/images/Mirai-greeth_flood_0000.png,results/naive/pcap_slices/Mirai-greeth_flood_0000.csv
Mirai-greeth_flood_0001,Mirai-greeth_flood,naive,Mirai-greeth_flood,CAPEC-125,"The traffic shows bursty packet rate spikes with a dominant ACK/PSH flag composition and mixed TCP/HTTP-like protocol distribution, consistent with Mirai's GRE-over-Ethernet flood variant that spoofs application-layer traffic patterns. The fluctuating packet size standard deviation and TCP-heavy protocol mix align with known Mirai-greeth_flood signatures in the CIC-IoT-2023 dataset. CAPEC-125 (Flooding) broadly captures this resource-exhaustion DDoS behavior.",1717,242,"CLASSIFICATION: Mirai-greeth_flood
REFERENCE_ID: CAPEC-125
JUSTIFICATION: The traffic shows bursty packet rate spikes with a dominant ACK/PSH flag composition and mixed TCP/HTTP-like protocol distribution, consistent with Mirai's GRE-over-Ethernet flood variant that spoofs application-layer traffic patterns. The fluctuating packet size standard deviation and TCP-heavy protocol mix align with known Mirai-greeth_flood signatures in the CIC-IoT-2023 dataset. CAPEC-125 (Flooding) broadly captures this resource-exhaustion DDoS behavior.",real-but-generic,True,data/CSV/Mirai-greeth_flood/Mirai-greeth_flood1.pcap.csv,13368.0,13398.0,results/viz/Mirai-greeth_flood/Mirai-greeth_flood_0001.png,results/naive/images/Mirai-greeth_flood_0001.png,results/naive/pcap_slices/Mirai-greeth_flood_0001.csv
Mirai-greeth_flood_0002,Mirai-greeth_flood,naive,Mirai-greeth_flood,,"The traffic shows high, bursty packet rates with mixed TCP flags (syn, ack) and a varied protocol mix (TCP, UDP, HTTP, ICMP, DNS) with large, consistent packet sizes (~580 bytes), consistent with Mirai's greeth_flood attack, which generates diverse flood traffic patterns from IoT botnet devices.",1717,172,"CLASSIFICATION: Mirai-greeth_flood
REFERENCE_ID: N/A
JUSTIFICATION: The traffic shows high, bursty packet rates with mixed TCP flags (syn, ack) and a varied protocol mix (TCP, UDP, HTTP, ICMP, DNS) with large, consistent packet sizes (~580 bytes), consistent with Mirai's greeth_flood attack, which generates diverse flood traffic patterns from IoT botnet devices.",no-citation,True,data/CSV/Mirai-greeth_flood/Mirai-greeth_flood10.pcap.csv,20336.0,20366.0,results/viz/Mirai-greeth_flood/Mirai-greeth_flood_0002.png,results/naive/images/Mirai-greeth_flood_0002.png,results/naive/pcap_slices/Mirai-greeth_flood_0002.csv
Mirai-greeth_flood_0003,Mirai-greeth_flood,naive,Mirai-greeth_flood,CAPEC-125,"The traffic shows high, volatile packet rates (2000-13000 pkt/s) typical of a flooding attack, with a protocol mix dominated by UDP, ICMP, and DNS rather than sustained TCP flags, consistent with Mirai's GRE-based Ethernet flood variant. The near-zero TCP flag fractions throughout most windows (with a brief ACK spike at the end) and large, consistent average packet sizes (~580 bytes) align with the Mirai-greeth_flood signature seen in the CIC-IoT-2023 dataset.",1717,238,"CLASSIFICATION: Mirai-greeth_flood
REFERENCE_ID: CAPEC-125
JUSTIFICATION: The traffic shows high, volatile packet rates (2000-13000 pkt/s) typical of a flooding attack, with a protocol mix dominated by UDP, ICMP, and DNS rather than sustained TCP flags, consistent with Mirai's GRE-based Ethernet flood variant. The near-zero TCP flag fractions throughout most windows (with a brief ACK spike at the end) and large, consistent average packet sizes (~580 bytes) align with the Mirai-greeth_flood signature seen in the CIC-IoT-2023 dataset.",real-but-generic,True,data/CSV/Mirai-greeth_flood/Mirai-greeth_flood11.pcap.csv,15171.0,15201.0,results/viz/Mirai-greeth_flood/Mirai-greeth_flood_0003.png,results/naive/images/Mirai-greeth_flood_0003.png,results/naive/pcap_slices/Mirai-greeth_flood_0003.csv
Mirai-greip_flood_0000,Mirai-greip_flood,naive,Mirai-greip_flood,,"The traffic shows highly variable, bursty packet rates with large spikes reaching near 10000 pkt/s, consistent with Mirai botnet flooding behavior. The protocol mix panel reveals a mixed composition of TCP, UDP, HTTP, HTTPS, ICMP, and DNS with a dominant spike aligning with the rate spike, and the packet size remains high and stable (~550-580 bytes) except during the attack peak, typical of Mirai's GRE IP flood which encapsulates varied protocol traffic to overwhelm targets.",1717,232,"CLASSIFICATION: Mirai-greip_flood
REFERENCE_ID: N/A
JUSTIFICATION: The traffic shows highly variable, bursty packet rates with large spikes reaching near 10000 pkt/s, consistent with Mirai botnet flooding behavior. The protocol mix panel reveals a mixed composition of TCP, UDP, HTTP, HTTPS, ICMP, and DNS with a dominant spike aligning with the rate spike, and the packet size remains high and stable (~550-580 bytes) except during the attack peak, typical of Mirai's GRE IP flood which encapsulates varied protocol traffic to overwhelm targets.",no-citation,True,data/CSV/Mirai-greip_flood/Mirai-greip_flood.pcap.csv,21202.0,21232.0,results/viz/Mirai-greip_flood/Mirai-greip_flood_0000.png,results/naive/images/Mirai-greip_flood_0000.png,results/naive/pcap_slices/Mirai-greip_flood_0000.csv
Mirai-greip_flood_0001,Mirai-greip_flood,naive,Mirai-greip_flood,CAPEC-125,"The traffic shows high, bursty packet rates dominated by PSH flags with brief spikes of RST/SYN flags and mixed TCP/UDP/ICMP protocol composition, consistent with Mirai's GRE IP flood attack pattern. The large, stable average packet size (~575 bytes) with occasional variance spikes aligns with Mirai's payload padding behavior used to maximize bandwidth consumption. CAPEC-125 (Flooding) captures the generic resource exhaustion strategy employed here.",1717,223,"CLASSIFICATION: Mirai-greip_flood
REFERENCE_ID: CAPEC-125
JUSTIFICATION: The traffic shows high, bursty packet rates dominated by PSH flags with brief spikes of RST/SYN flags and mixed TCP/UDP/ICMP protocol composition, consistent with Mirai's GRE IP flood attack pattern. The large, stable average packet size (~575 bytes) with occasional variance spikes aligns with Mirai's payload padding behavior used to maximize bandwidth consumption. CAPEC-125 (Flooding) captures the generic resource exhaustion strategy employed here.",real-but-generic,True,data/CSV/Mirai-greip_flood/Mirai-greip_flood1.pcap.csv,15643.0,15673.0,results/viz/Mirai-greip_flood/Mirai-greip_flood_0001.png,results/naive/images/Mirai-greip_flood_0001.png,results/naive/pcap_slices/Mirai-greip_flood_0001.csv
Mirai-greip_flood_0002,Mirai-greip_flood,naive,Mirai-greip_flood,CAPEC-125,"The traffic shows sustained high packet rates (4000-14000 pkt/s) with predominantly PSH/ACK flag usage and mixed protocol composition (ICMP, UDP, TCP spikes), consistent with Mirai's GRE IP flood variant. The stable average packet size (~575 bytes) with occasional protocol mix variations reflects the bot's flooding behavior with raw IP packets, matching known Mirai-greip_flood patterns in the CIC-IoT-2023 dataset.",1717,219,"CLASSIFICATION: Mirai-greip_flood
REFERENCE_ID: CAPEC-125
JUSTIFICATION: The traffic shows sustained high packet rates (4000-14000 pkt/s) with predominantly PSH/ACK flag usage and mixed protocol composition (ICMP, UDP, TCP spikes), consistent with Mirai's GRE IP flood variant. The stable average packet size (~575 bytes) with occasional protocol mix variations reflects the bot's flooding behavior with raw IP packets, matching known Mirai-greip_flood patterns in the CIC-IoT-2023 dataset.",real-but-generic,True,data/CSV/Mirai-greip_flood/Mirai-greip_flood10.pcap.csv,22497.0,22527.0,results/viz/Mirai-greip_flood/Mirai-greip_flood_0002.png,results/naive/images/Mirai-greip_flood_0002.png,results/naive/pcap_slices/Mirai-greip_flood_0002.csv
Mirai-greip_flood_0003,Mirai-greip_flood,naive,Mirai-greip_flood,CAPEC-486,"The traffic shows bursty high packet rates with a mixed protocol composition (UDP, ICMP, DNS, TCP) dominated by non-HTTP protocols, consistent with Mirai-based flooding that spoofs multiple protocol types. The TCP flag fractions are near-zero throughout with only brief spikes, indicating TCP is not the primary attack vector but rather incidental traffic, matching the ""greip"" (generic IP) flood pattern of Mirai botnets that flood using raw/mixed IP protocols rather than a single protocol.",1717,233,"CLASSIFICATION: Mirai-greip_flood
REFERENCE_ID: CAPEC-486
JUSTIFICATION: The traffic shows bursty high packet rates with a mixed protocol composition (UDP, ICMP, DNS, TCP) dominated by non-HTTP protocols, consistent with Mirai-based flooding that spoofs multiple protocol types. The TCP flag fractions are near-zero throughout with only brief spikes, indicating TCP is not the primary attack vector but rather incidental traffic, matching the ""greip"" (generic IP) flood pattern of Mirai botnets that flood using raw/mixed IP protocols rather than a single protocol.",real-but-wrong-family,True,data/CSV/Mirai-greip_flood/Mirai-greip_flood11.pcap.csv,19144.0,19174.0,results/viz/Mirai-greip_flood/Mirai-greip_flood_0003.png,results/naive/images/Mirai-greip_flood_0003.png,results/naive/pcap_slices/Mirai-greip_flood_0003.csv
Recon-HostDiscovery_0000,Recon-HostDiscovery,naive,Recon-HostDiscovery,CAPEC-292,"Traffic shows bursty, moderate-rate packet spikes with mixed protocol composition (TCP/UDP/ICMP/HTTP/DNS) rather than a sustained flood pattern, consistent with active host discovery probing. TCP flags show varied ACK/SYN/PSH mixtures without a single dominant flag, indicating diverse probe types across hosts rather than a single-vector attack. This matches the labeled sample ""Recon-HostDiscovery"" and CAPEC-292 (Host Discovery) reconnaissance technique.",1717,234,"CLASSIFICATION: Recon-HostDiscovery
REFERENCE_ID: CAPEC-292
JUSTIFICATION: Traffic shows bursty, moderate-rate packet spikes with mixed protocol composition (TCP/UDP/ICMP/HTTP/DNS) rather than a sustained flood pattern, consistent with active host discovery probing. TCP flags show varied ACK/SYN/PSH mixtures without a single dominant flag, indicating diverse probe types across hosts rather than a single-vector attack. This matches the labeled sample ""Recon-HostDiscovery"" and CAPEC-292 (Host Discovery) reconnaissance technique.",real-and-correct,True,data/CSV/Recon-HostDiscovery/Recon-HostDiscovery.pcap.csv,7021.0,7051.0,results/viz/Recon-HostDiscovery/Recon-HostDiscovery_0000.png,results/naive/images/Recon-HostDiscovery_0000.png,results/naive/pcap_slices/Recon-HostDiscovery_0000.csv
Recon-HostDiscovery_0001,Recon-HostDiscovery,naive,Recon-HostDiscovery,CAPEC-292,"The traffic shows variable, moderate packet rates with mixed TCP flags (ack/psh/syn dominant, no sustained flood pattern), a diverse protocol mix (TCP/UDP/HTTP/HTTPS/DNS/ICMP) rather than a single dominant protocol, and mostly small stable packet sizes with one brief spike — consistent with active host discovery probing (ping/ARP/TCP probes) across multiple hosts/services rather than a targeted flood or exploit. This matches CAPEC-292 (Host Discovery), a reconnaissance technique for identifying live hosts on a network.",1717,257,"CLASSIFICATION: Recon-HostDiscovery
REFERENCE_ID: CAPEC-292
JUSTIFICATION: The traffic shows variable, moderate packet rates with mixed TCP flags (ack/psh/syn dominant, no sustained flood pattern), a diverse protocol mix (TCP/UDP/HTTP/HTTPS/DNS/ICMP) rather than a single dominant protocol, and mostly small stable packet sizes with one brief spike — consistent with active host discovery probing (ping/ARP/TCP probes) across multiple hosts/services rather than a targeted flood or exploit. This matches CAPEC-292 (Host Discovery), a reconnaissance technique for identifying live hosts on a network.",real-and-correct,True,data/CSV/Recon-HostDiscovery/Recon-HostDiscovery.pcap.csv,32184.0,32214.0,results/viz/Recon-HostDiscovery/Recon-HostDiscovery_0001.png,results/naive/images/Recon-HostDiscovery_0001.png,results/naive/pcap_slices/Recon-HostDiscovery_0001.csv
Recon-HostDiscovery_0002,Recon-HostDiscovery,naive,Recon-HostDiscovery,CAPEC-292,"The traffic shows variable, moderate packet rates with mixed TCP flags (SYN, ACK, RST fluctuating without dominance of one flag) and a protocol mix combining TCP, UDP, HTTP, and HTTPS, consistent with host discovery probing across multiple protocols/ports. The average packet size remains small and stable except for brief spikes, typical of lightweight probe/response traffic used to enumerate live hosts rather than a flood or exploit pattern.",1717,209,"CLASSIFICATION: Recon-HostDiscovery
REFERENCE_ID: CAPEC-292
JUSTIFICATION: The traffic shows variable, moderate packet rates with mixed TCP flags (SYN, ACK, RST fluctuating without dominance of one flag) and a protocol mix combining TCP, UDP, HTTP, and HTTPS, consistent with host discovery probing across multiple protocols/ports. The average packet size remains small and stable except for brief spikes, typical of lightweight probe/response traffic used to enumerate live hosts rather than a flood or exploit pattern.",real-and-correct,True,data/CSV/Recon-HostDiscovery/Recon-HostDiscovery.pcap.csv,48095.0,48125.0,results/viz/Recon-HostDiscovery/Recon-HostDiscovery_0002.png,results/naive/images/Recon-HostDiscovery_0002.png,results/naive/pcap_slices/Recon-HostDiscovery_0002.csv
Recon-HostDiscovery_0003,Recon-HostDiscovery,naive,Recon-HostDiscovery,CAPEC-292,"The traffic shows mostly low, steady packet rates with a mixed protocol profile (TCP/UDP/ICMP/DNS/HTTP/HTTPS) and predominantly SYN-flagged TCP packets with low ACK/PSH fractions, consistent with probing multiple hosts/services rather than a sustained flood. The single brief rate spike is an anomaly but the overall low-volume, protocol-diverse pattern matches host discovery/enumeration behavior (CAPEC-292: Host Discovery).",1717,225,"CLASSIFICATION: Recon-HostDiscovery
REFERENCE_ID: CAPEC-292
JUSTIFICATION: The traffic shows mostly low, steady packet rates with a mixed protocol profile (TCP/UDP/ICMP/DNS/HTTP/HTTPS) and predominantly SYN-flagged TCP packets with low ACK/PSH fractions, consistent with probing multiple hosts/services rather than a sustained flood. The single brief rate spike is an anomaly but the overall low-volume, protocol-diverse pattern matches host discovery/enumeration behavior (CAPEC-292: Host Discovery).",real-and-correct,True,data/CSV/Recon-HostDiscovery/Recon-HostDiscovery.pcap.csv,59153.0,59183.0,results/viz/Recon-HostDiscovery/Recon-HostDiscovery_0003.png,results/naive/images/Recon-HostDiscovery_0003.png,results/naive/pcap_slices/Recon-HostDiscovery_0003.csv
Recon-OSScan_0000,Recon-OSScan,naive,Recon-OSScan,CAPEC-224,"The traffic shows an initial burst of packet rate followed by a sustained low-rate probing pattern, consistent with OS fingerprinting scans. The TCP flag composition shows a mix of RST, ACK, and PSH flags with variable ratios, typical of OS scanning techniques that probe different port/flag combinations to elicit distinguishing responses. The protocol mix and packet size variability further support reconnaissance-style scanning rather than flooding or exploitation traffic.",1717,205,"CLASSIFICATION: Recon-OSScan
REFERENCE_ID: CAPEC-224
JUSTIFICATION: The traffic shows an initial burst of packet rate followed by a sustained low-rate probing pattern, consistent with OS fingerprinting scans. The TCP flag composition shows a mix of RST, ACK, and PSH flags with variable ratios, typical of OS scanning techniques that probe different port/flag combinations to elicit distinguishing responses. The protocol mix and packet size variability further support reconnaissance-style scanning rather than flooding or exploitation traffic.",real-but-generic,True,data/CSV/Recon-OSScan/Recon-OSScan.pcap.csv,21119.0,21149.0,results/viz/Recon-OSScan/Recon-OSScan_0000.png,results/naive/images/Recon-OSScan_0000.png,results/naive/pcap_slices/Recon-OSScan_0000.csv
Recon-OSScan_0001,Recon-OSScan,naive,Recon-OSScan,CAPEC-300,"The traffic shows intermittent bursts of very high packet rate against a low baseline, consistent with active probing rather than sustained flooding. TCP flag composition is mixed and varies across windows (SYN, ACK, PSH combinations) without a single dominant flag pattern typical of flood attacks, suggesting crafted probe packets used for OS/service fingerprinting. The protocol mix alternates between TCP and other protocols with variable packet sizes, matching reconnaissance scanning behavior rather than a targeted DoS/DDoS or injection attack.",1717,232,"CLASSIFICATION: Recon-OSScan
REFERENCE_ID: CAPEC-300
JUSTIFICATION: The traffic shows intermittent bursts of very high packet rate against a low baseline, consistent with active probing rather than sustained flooding. TCP flag composition is mixed and varies across windows (SYN, ACK, PSH combinations) without a single dominant flag pattern typical of flood attacks, suggesting crafted probe packets used for OS/service fingerprinting. The protocol mix alternates between TCP and other protocols with variable packet sizes, matching reconnaissance scanning behavior rather than a targeted DoS/DDoS or injection attack.",real-but-wrong-family,True,data/CSV/Recon-OSScan/Recon-OSScan.pcap.csv,39890.0,39920.0,results/viz/Recon-OSScan/Recon-OSScan_0001.png,results/naive/images/Recon-OSScan_0001.png,results/naive/pcap_slices/Recon-OSScan_0001.csv
Recon-OSScan_0002,Recon-OSScan,naive,Recon-OSScan,CAPEC-312,"The traffic shows low, irregular packet rates with a mix of varying TCP flags (SYN, ACK, RST) rather than a flood pattern, consistent with probing behavior used to fingerprint OS via TCP stack responses. The protocol mix is dominated by TCP with occasional small HTTP/HTTPS bursts, and packet sizes remain small except for a brief spike, matching typical OS fingerprinting scans rather than sustained attack traffic.",1717,201,"CLASSIFICATION: Recon-OSScan
REFERENCE_ID: CAPEC-312
JUSTIFICATION: The traffic shows low, irregular packet rates with a mix of varying TCP flags (SYN, ACK, RST) rather than a flood pattern, consistent with probing behavior used to fingerprint OS via TCP stack responses. The protocol mix is dominated by TCP with occasional small HTTP/HTTPS bursts, and packet sizes remain small except for a brief spike, matching typical OS fingerprinting scans rather than sustained attack traffic.",real-and-correct,True,data/CSV/Recon-OSScan/Recon-OSScan.pcap.csv,93460.0,93490.0,results/viz/Recon-OSScan/Recon-OSScan_0002.png,results/naive/images/Recon-OSScan_0002.png,results/naive/pcap_slices/Recon-OSScan_0002.csv
Recon-OSScan_0003,Recon-OSScan,naive,Recon-OSScan,CAPEC-312,"The traffic shows short bursts of extremely high packet rate with shifting dominant TCP flags (SYN, RST, ACK cycling) and mostly small, uniform packet sizes typical of probe packets used for OS fingerprinting. The protocol mix is predominantly TCP with brief HTTP/HTTPS/DNS spikes, consistent with active reconnaissance scanning rather than a sustained flood or data exfiltration attack.",1717,195,"CLASSIFICATION: Recon-OSScan
REFERENCE_ID: CAPEC-312
JUSTIFICATION: The traffic shows short bursts of extremely high packet rate with shifting dominant TCP flags (SYN, RST, ACK cycling) and mostly small, uniform packet sizes typical of probe packets used for OS fingerprinting. The protocol mix is predominantly TCP with brief HTTP/HTTPS/DNS spikes, consistent with active reconnaissance scanning rather than a sustained flood or data exfiltration attack.",real-and-correct,True,data/CSV/Recon-OSScan/Recon-OSScan.pcap.csv,95066.0,95096.0,results/viz/Recon-OSScan/Recon-OSScan_0003.png,results/naive/images/Recon-OSScan_0003.png,results/naive/pcap_slices/Recon-OSScan_0003.csv
Recon-PingSweep_0000,Recon-PingSweep,naive,Recon-PingSweep,CAPEC-169,"The traffic shows periodic large spikes in packet rate against a low baseline, consistent with intermittent ICMP-based host discovery probes rather than sustained flooding. The TCP flag mix is highly variable and low-volume (since most traffic here is ICMP/UDP-based ping sweeps), and protocol mix shows non-TCP fractions (UDP/ICMP/DNS) contributing alongside TCP. Packet size spikes align with the rate spikes, typical of sweep probe bursts followed by quiet periods, matching CAPEC-169 (Footprinting/Sweep) reconnaissance behavior.",1717,256,"CLASSIFICATION: Recon-PingSweep
REFERENCE_ID: CAPEC-169
JUSTIFICATION: The traffic shows periodic large spikes in packet rate against a low baseline, consistent with intermittent ICMP-based host discovery probes rather than sustained flooding. The TCP flag mix is highly variable and low-volume (since most traffic here is ICMP/UDP-based ping sweeps), and protocol mix shows non-TCP fractions (UDP/ICMP/DNS) contributing alongside TCP. Packet size spikes align with the rate spikes, typical of sweep probe bursts followed by quiet periods, matching CAPEC-169 (Footprinting/Sweep) reconnaissance behavior.",real-but-generic,True,data/CSV/Recon-PingSweep/Recon-PingSweep.pcap.csv,207.0,237.0,results/viz/Recon-PingSweep/Recon-PingSweep_0000.png,results/naive/images/Recon-PingSweep_0000.png,results/naive/pcap_slices/Recon-PingSweep_0000.csv
Recon-PingSweep_0001,Recon-PingSweep,naive,Recon-PingSweep,CAPEC-169,"The traffic shows low, irregular packet rates with occasional spikes, mixed TCP flag fractions (ACK/PSH dominant, no sustained SYN floods), and a protocol mix combining ICMP, TCP, and HTTP/HTTPS elements typical of host discovery probes. This pattern matches a ping sweep reconnaissance activity (CAPEC-169: Footprinting) rather than a sustained flood or exploit attack.",1717,198,"CLASSIFICATION: Recon-PingSweep
REFERENCE_ID: CAPEC-169
JUSTIFICATION: The traffic shows low, irregular packet rates with occasional spikes, mixed TCP flag fractions (ACK/PSH dominant, no sustained SYN floods), and a protocol mix combining ICMP, TCP, and HTTP/HTTPS elements typical of host discovery probes. This pattern matches a ping sweep reconnaissance activity (CAPEC-169: Footprinting) rather than a sustained flood or exploit attack.",real-but-generic,True,data/CSV/Recon-PingSweep/Recon-PingSweep.pcap.csv,669.0,699.0,results/viz/Recon-PingSweep/Recon-PingSweep_0001.png,results/naive/images/Recon-PingSweep_0001.png,results/naive/pcap_slices/Recon-PingSweep_0001.csv
Recon-PingSweep_0002,Recon-PingSweep,naive,Recon-PingSweep,CAPEC-169,"The traffic shows periodic short bursts of high packet rate against a low baseline, consistent with sequential ICMP echo probes typical of a ping sweep. Protocol mix is dominated by TCP/ICMP with sporadic small packet sizes and low, inconsistent TCP flag ratios, matching reconnaissance rather than flooding behavior. CAPEC-169 (Footprinting) covers host discovery via ping sweeps.",1717,195,"CLASSIFICATION: Recon-PingSweep
REFERENCE_ID: CAPEC-169
JUSTIFICATION: The traffic shows periodic short bursts of high packet rate against a low baseline, consistent with sequential ICMP echo probes typical of a ping sweep. Protocol mix is dominated by TCP/ICMP with sporadic small packet sizes and low, inconsistent TCP flag ratios, matching reconnaissance rather than flooding behavior. CAPEC-169 (Footprinting) covers host discovery via ping sweeps.",real-but-generic,True,data/CSV/Recon-PingSweep/Recon-PingSweep.pcap.csv,1108.0,1138.0,results/viz/Recon-PingSweep/Recon-PingSweep_0002.png,results/naive/images/Recon-PingSweep_0002.png,results/naive/pcap_slices/Recon-PingSweep_0002.csv
Recon-PingSweep_0003,Recon-PingSweep,naive,Recon-PingSweep,CAPEC-169,"The traffic shows low, variable packet rates with occasional spikes, consistent with intermittent ICMP-based host discovery probes rather than sustained flooding. The protocol mix includes ICMP alongside TCP/UDP/HTTP traffic with no dominant single protocol flood pattern, and packet sizes remain small and stable except for brief spikes, matching lightweight ping sweep behavior used to enumerate live hosts (CAPEC-169: Footprinting).",1717,206,"CLASSIFICATION: Recon-PingSweep
REFERENCE_ID: CAPEC-169
JUSTIFICATION: The traffic shows low, variable packet rates with occasional spikes, consistent with intermittent ICMP-based host discovery probes rather than sustained flooding. The protocol mix includes ICMP alongside TCP/UDP/HTTP traffic with no dominant single protocol flood pattern, and packet sizes remain small and stable except for brief spikes, matching lightweight ping sweep behavior used to enumerate live hosts (CAPEC-169: Footprinting).",real-but-generic,True,data/CSV/Recon-PingSweep/Recon-PingSweep.pcap.csv,1950.0,1980.0,results/viz/Recon-PingSweep/Recon-PingSweep_0003.png,results/naive/images/Recon-PingSweep_0003.png,results/naive/pcap_slices/Recon-PingSweep_0003.csv
Recon-PortScan_0000,Recon-PortScan,naive,Recon-PortScan,CAPEC-300,"The traffic shows bursty spikes in packet rate with alternating dominant TCP flags (SYN, ACK, RST) cycling over time, consistent with port scanning behavior probing multiple ports/hosts. The protocol mix is entirely TCP with small, uniform packet sizes, matching typical scan probe packets rather than sustained flood traffic.",1717,166,"CLASSIFICATION: Recon-PortScan
REFERENCE_ID: CAPEC-300
JUSTIFICATION: The traffic shows bursty spikes in packet rate with alternating dominant TCP flags (SYN, ACK, RST) cycling over time, consistent with port scanning behavior probing multiple ports/hosts. The protocol mix is entirely TCP with small, uniform packet sizes, matching typical scan probe packets rather than sustained flood traffic.",real-and-correct,True,data/CSV/Recon-PortScan/Recon-PortScan.pcap.csv,39703.0,39733.0,results/viz/Recon-PortScan/Recon-PortScan_0000.png,results/naive/images/Recon-PortScan_0000.png,results/naive/pcap_slices/Recon-PortScan_0000.csv
Recon-PortScan_0001,Recon-PortScan,naive,Recon-PortScan,CAPEC-300,"The traffic shows variable packet rates with mixed TCP flags (ACK dominant with intermittent SYN and PSH spikes), consistent with a port scan probing multiple ports/hosts. The protocol mix shows a blend of TCP, UDP, HTTP/HTTPS, and DNS traffic typical of reconnaissance activity testing service availability across ports. This matches CAPEC-300 (Port Scanning), where varied flag combinations and probe rates are used to enumerate open services.",1717,213,"CLASSIFICATION: Recon-PortScan
REFERENCE_ID: CAPEC-300
JUSTIFICATION: The traffic shows variable packet rates with mixed TCP flags (ACK dominant with intermittent SYN and PSH spikes), consistent with a port scan probing multiple ports/hosts. The protocol mix shows a blend of TCP, UDP, HTTP/HTTPS, and DNS traffic typical of reconnaissance activity testing service availability across ports. This matches CAPEC-300 (Port Scanning), where varied flag combinations and probe rates are used to enumerate open services.",real-and-correct,True,data/CSV/Recon-PortScan/Recon-PortScan.pcap.csv,69509.0,69539.0,results/viz/Recon-PortScan/Recon-PortScan_0001.png,results/naive/images/Recon-PortScan_0001.png,results/naive/pcap_slices/Recon-PortScan_0001.csv
Recon-PortScan_0002,Recon-PortScan,naive,Recon-PortScan,CAPEC-300,"The traffic shows a brief, sharp spike in packet rate followed by a return to baseline, consistent with a burst of scanning activity rather than a sustained flood. The TCP flag mix shows alternating SYN and ACK dominance without RST responses, typical of port scanning probes across varied ports/protocols (seen in the shifting protocol mix panel). Variable packet sizes and mixed protocol usage (TCP/UDP/HTTP/HTTPS/DNS) further support reconnaissance behavior rather than a targeted DoS/DDoS attack.",1717,235,"CLASSIFICATION: Recon-PortScan
REFERENCE_ID: CAPEC-300
JUSTIFICATION: The traffic shows a brief, sharp spike in packet rate followed by a return to baseline, consistent with a burst of scanning activity rather than a sustained flood. The TCP flag mix shows alternating SYN and ACK dominance without RST responses, typical of port scanning probes across varied ports/protocols (seen in the shifting protocol mix panel). Variable packet sizes and mixed protocol usage (TCP/UDP/HTTP/HTTPS/DNS) further support reconnaissance behavior rather than a targeted DoS/DDoS attack.",real-and-correct,True,data/CSV/Recon-PortScan/Recon-PortScan.pcap.csv,69552.0,69582.0,results/viz/Recon-PortScan/Recon-PortScan_0002.png,results/naive/images/Recon-PortScan_0002.png,results/naive/pcap_slices/Recon-PortScan_0002.csv
Recon-PortScan_0003,Recon-PortScan,naive,Recon-PortScan,CAPEC-300,"The traffic shows a brief packet-rate spike with predominantly SYN flags cycling alongside variable ACK/PSH ratios and mixed TCP/HTTP/HTTPS protocol composition, consistent with sequential port probing rather than a sustained flood. Packet sizes remain small and variable, matching typical port scan probe/response behavior rather than DoS/DDoS traffic patterns. This aligns with CAPEC-300 (Port Scanning) reconnaissance activity.",1717,212,"CLASSIFICATION: Recon-PortScan
REFERENCE_ID: CAPEC-300
JUSTIFICATION: The traffic shows a brief packet-rate spike with predominantly SYN flags cycling alongside variable ACK/PSH ratios and mixed TCP/HTTP/HTTPS protocol composition, consistent with sequential port probing rather than a sustained flood. Packet sizes remain small and variable, matching typical port scan probe/response behavior rather than DoS/DDoS traffic patterns. This aligns with CAPEC-300 (Port Scanning) reconnaissance activity.",real-and-correct,True,data/CSV/Recon-PortScan/Recon-PortScan.pcap.csv,77725.0,77755.0,results/viz/Recon-PortScan/Recon-PortScan_0003.png,results/naive/images/Recon-PortScan_0003.png,results/naive/pcap_slices/Recon-PortScan_0003.csv
SqlInjection_0000,SqlInjection,naive,SqlInjection,CAPEC-66,"The traffic shows irregular, bursty packet rates with mixed HTTP/HTTPS protocol usage and ACK/PSH-dominant TCP flags, consistent with application-layer request-response patterns typical of SQL injection attempts over HTTP(S). The packet size spike around window 7-9 suggests larger payloads being sent (injected query strings), followed by return to baseline, matching CAPEC-66 (SQL Injection) behavior rather than volumetric flooding attacks.",1717,209,"CLASSIFICATION: SqlInjection
REFERENCE_ID: CAPEC-66
JUSTIFICATION: The traffic shows irregular, bursty packet rates with mixed HTTP/HTTPS protocol usage and ACK/PSH-dominant TCP flags, consistent with application-layer request-response patterns typical of SQL injection attempts over HTTP(S). The packet size spike around window 7-9 suggests larger payloads being sent (injected query strings), followed by return to baseline, matching CAPEC-66 (SQL Injection) behavior rather than volumetric flooding attacks.",real-and-correct,True,data/CSV/SqlInjection/SqlInjection.pcap.csv,758.0,788.0,results/viz/SqlInjection/SqlInjection_0000.png,results/naive/images/SqlInjection_0000.png,results/naive/pcap_slices/SqlInjection_0000.csv
SqlInjection_0001,SqlInjection,naive,SqlInjection,CAPEC-66,"The traffic shows low, stable packet rates with occasional spikes, mixed TCP flag ratios (ACK-dominant with intermittent PSH/SYN), and a protocol mix dominated by TCP/HTTP/HTTPS rather than a flood pattern, consistent with application-layer injection attempts rather than volumetric DoS. The variable packet sizes with sporadic large spikes align with SQL injection payloads embedded in HTTP requests, matching CAPEC-66 (SQL Injection).",1717,216,"CLASSIFICATION: SqlInjection
REFERENCE_ID: CAPEC-66
JUSTIFICATION: The traffic shows low, stable packet rates with occasional spikes, mixed TCP flag ratios (ACK-dominant with intermittent PSH/SYN), and a protocol mix dominated by TCP/HTTP/HTTPS rather than a flood pattern, consistent with application-layer injection attempts rather than volumetric DoS. The variable packet sizes with sporadic large spikes align with SQL injection payloads embedded in HTTP requests, matching CAPEC-66 (SQL Injection).",real-and-correct,True,data/CSV/SqlInjection/SqlInjection.pcap.csv,1464.0,1494.0,results/viz/SqlInjection/SqlInjection_0001.png,results/naive/images/SqlInjection_0001.png,results/naive/pcap_slices/SqlInjection_0001.csv
SqlInjection_0002,SqlInjection,naive,SqlInjection,CAPEC-66,"The traffic shows low-to-moderate, irregular packet rates with a dominant HTTP protocol mix and mixed ACK/PSH flag activity, consistent with application-layer SQL injection attempts over HTTP rather than volumetric flooding. Packet sizes and rates fluctuate moderately without the massive sustained spikes typical of DDoS/DoS attacks, matching CAPEC-66 (SQL Injection) behavior of interspersed malicious queries within normal-looking HTTP sessions.",1717,217,"CLASSIFICATION: SqlInjection
REFERENCE_ID: CAPEC-66
JUSTIFICATION: The traffic shows low-to-moderate, irregular packet rates with a dominant HTTP protocol mix and mixed ACK/PSH flag activity, consistent with application-layer SQL injection attempts over HTTP rather than volumetric flooding. Packet sizes and rates fluctuate moderately without the massive sustained spikes typical of DDoS/DoS attacks, matching CAPEC-66 (SQL Injection) behavior of interspersed malicious queries within normal-looking HTTP sessions.",real-and-correct,True,data/CSV/SqlInjection/SqlInjection.pcap.csv,2935.0,2965.0,results/viz/SqlInjection/SqlInjection_0002.png,results/naive/images/SqlInjection_0002.png,results/naive/pcap_slices/SqlInjection_0002.csv
SqlInjection_0003,SqlInjection,naive,SqlInjection,CAPEC-66,"The traffic shows moderate, irregular packet rates (200-1400 pkt/s) with a mostly ACK/PSH-dominant TCP flag mix typical of established HTTP/HTTPS sessions carrying application-layer payloads. The protocol mix is dominated by HTTP/HTTPS with minimal UDP/ICMP noise, consistent with SQL injection attempts sent over web requests rather than volumetric flooding. Packet size variability with occasional small-packet dips also matches interactive query/response patterns seen in injection attacks (CAPEC-66: SQL Injection).",1717,244,"CLASSIFICATION: SqlInjection
REFERENCE_ID: CAPEC-66
JUSTIFICATION: The traffic shows moderate, irregular packet rates (200-1400 pkt/s) with a mostly ACK/PSH-dominant TCP flag mix typical of established HTTP/HTTPS sessions carrying application-layer payloads. The protocol mix is dominated by HTTP/HTTPS with minimal UDP/ICMP noise, consistent with SQL injection attempts sent over web requests rather than volumetric flooding. Packet size variability with occasional small-packet dips also matches interactive query/response patterns seen in injection attacks (CAPEC-66: SQL Injection).",real-and-correct,True,data/CSV/SqlInjection/SqlInjection.pcap.csv,2969.0,2999.0,results/viz/SqlInjection/SqlInjection_0003.png,results/naive/images/SqlInjection_0003.png,results/naive/pcap_slices/SqlInjection_0003.csv
Uploading_Attack_0000,Uploading_Attack,naive,Uploading_Attack,CAPEC-1,"The traffic shows moderate, irregular packet rates with occasional large spikes (up to ~400 pkt/s and large packet sizes ~600 bytes), consistent with file upload bursts rather than flooding attacks. Protocol mix is dominated by TCP/HTTP/HTTPS with ACK/PSH flags prevalent, matching typical web-based upload sessions. The lack of sustained high-rate SYN/RST floods or ICMP/UDP saturation rules out DDoS/DoS categories.",1717,219,"CLASSIFICATION: Uploading_Attack
REFERENCE_ID: CAPEC-1
JUSTIFICATION: The traffic shows moderate, irregular packet rates with occasional large spikes (up to ~400 pkt/s and large packet sizes ~600 bytes), consistent with file upload bursts rather than flooding attacks. Protocol mix is dominated by TCP/HTTP/HTTPS with ACK/PSH flags prevalent, matching typical web-based upload sessions. The lack of sustained high-rate SYN/RST floods or ICMP/UDP saturation rules out DDoS/DoS categories.",real-but-generic,True,data/CSV/Uploading_Attack/Uploading_Attack.pcap.csv,60.0,90.0,results/viz/Uploading_Attack/Uploading_Attack_0000.png,results/naive/images/Uploading_Attack_0000.png,results/naive/pcap_slices/Uploading_Attack_0000.csv
Uploading_Attack_0001,Uploading_Attack,naive,Uploading_Attack,CAPEC-1,"Traffic shows moderate, bursty packet rates with mixed protocol composition (HTTP/HTTPS dominant with TCP/UDP), high ACK/PSH flag fractions typical of established data-transfer sessions, and a large spike in average/std packet size around window 13 consistent with large file upload payloads. This pattern matches application-layer file upload activity rather than flooding or scanning behavior.",1717,182,"CLASSIFICATION: Uploading_Attack
REFERENCE_ID: CAPEC-1
JUSTIFICATION: Traffic shows moderate, bursty packet rates with mixed protocol composition (HTTP/HTTPS dominant with TCP/UDP), high ACK/PSH flag fractions typical of established data-transfer sessions, and a large spike in average/std packet size around window 13 consistent with large file upload payloads. This pattern matches application-layer file upload activity rather than flooding or scanning behavior.",real-but-generic,True,data/CSV/Uploading_Attack/Uploading_Attack.pcap.csv,220.0,250.0,results/viz/Uploading_Attack/Uploading_Attack_0001.png,results/naive/images/Uploading_Attack_0001.png,results/naive/pcap_slices/Uploading_Attack_0001.csv
Uploading_Attack_0002,Uploading_Attack,naive,Uploading_Attack,CAPEC-1,"The traffic shows HTTPS/HTTP-dominant protocol mix with bursty, irregular packet rates and large average/std packet sizes, consistent with file upload activity to a web server. TCP ACK/PSH flag dominance without SYN floods or symmetric small packets rules out volumetric DoS/DDoS or scanning patterns. This matches CAPEC-1 (Accessing Functionality Not Properly Constrained/Malicious File Upload) behavior in IoT web upload attacks.",1717,216,"CLASSIFICATION: Uploading_Attack
REFERENCE_ID: CAPEC-1
JUSTIFICATION: The traffic shows HTTPS/HTTP-dominant protocol mix with bursty, irregular packet rates and large average/std packet sizes, consistent with file upload activity to a web server. TCP ACK/PSH flag dominance without SYN floods or symmetric small packets rules out volumetric DoS/DDoS or scanning patterns. This matches CAPEC-1 (Accessing Functionality Not Properly Constrained/Malicious File Upload) behavior in IoT web upload attacks.",real-but-generic,True,data/CSV/Uploading_Attack/Uploading_Attack.pcap.csv,299.0,329.0,results/viz/Uploading_Attack/Uploading_Attack_0002.png,results/naive/images/Uploading_Attack_0002.png,results/naive/pcap_slices/Uploading_Attack_0002.csv
Uploading_Attack_0003,Uploading_Attack,naive,Uploading_Attack,CAPEC-1,"The traffic shows a mixed protocol profile (TCP/HTTP/HTTPS/UDP/ICMP/DNS) with moderate, variable packet rates and diverse TCP flag usage (ACK/PSH dominant), consistent with application-layer file upload activity rather than a volumetric flood or scan. Packet size averages fluctuate widely (80–240 bytes) reflecting varying payload chunks typical of file transfer/upload operations. This matches the labeled sample Uploading_Attack_0003 from the CIC-IoT-2023 dataset.",1717,238,"CLASSIFICATION: Uploading_Attack
REFERENCE_ID: CAPEC-1
JUSTIFICATION: The traffic shows a mixed protocol profile (TCP/HTTP/HTTPS/UDP/ICMP/DNS) with moderate, variable packet rates and diverse TCP flag usage (ACK/PSH dominant), consistent with application-layer file upload activity rather than a volumetric flood or scan. Packet size averages fluctuate widely (80–240 bytes) reflecting varying payload chunks typical of file transfer/upload operations. This matches the labeled sample Uploading_Attack_0003 from the CIC-IoT-2023 dataset.",real-but-generic,True,data/CSV/Uploading_Attack/Uploading_Attack.pcap.csv,673.0,703.0,results/viz/Uploading_Attack/Uploading_Attack_0003.png,results/naive/images/Uploading_Attack_0003.png,results/naive/pcap_slices/Uploading_Attack_0003.csv
VulnerabilityScan_0000,VulnerabilityScan,naive,VulnerabilityScan,CAPEC-112,"The traffic shows irregular, bursty packet rates with mixed TCP flag combinations (varying fin/syn/rst/psh/ack fractions) and a diverse protocol mix including HTTP, HTTPS, and DNS alongside TCP/UDP, consistent with a scanner probing multiple services and ports. This variability contrasts with the uniform, high-volume patterns typical of flooding attacks, instead indicating systematic reconnaissance/vulnerability probing (CAPEC-112: Brute Force via scanning for weaknesses).",1717,232,"CLASSIFICATION: VulnerabilityScan
REFERENCE_ID: CAPEC-112
JUSTIFICATION: The traffic shows irregular, bursty packet rates with mixed TCP flag combinations (varying fin/syn/rst/psh/ack fractions) and a diverse protocol mix including HTTP, HTTPS, and DNS alongside TCP/UDP, consistent with a scanner probing multiple services and ports. This variability contrasts with the uniform, high-volume patterns typical of flooding attacks, instead indicating systematic reconnaissance/vulnerability probing (CAPEC-112: Brute Force via scanning for weaknesses).",real-but-wrong-family,True,data/CSV/VulnerabilityScan/VulnerabilityScan.pcap.csv,22628.0,22658.0,results/viz/VulnerabilityScan/VulnerabilityScan_0000.png,results/naive/images/VulnerabilityScan_0000.png,results/naive/pcap_slices/VulnerabilityScan_0000.csv
VulnerabilityScan_0001,VulnerabilityScan,naive,VulnerabilityScan,CAPEC-112,"The traffic shows irregular, bursty packet rates with a mixed protocol composition (TCP, UDP, HTTP, HTTPS, ICMP, DNS) rather than a single flood pattern, consistent with a scanner probing multiple services and ports. The TCP flag distribution shows varied ACK/PSH/SYN mixes without a dominant single-flag flood signature, indicating diverse probe requests typical of vulnerability scanning (CAPEC-112: Brute Force/Sweeping via scanning).",1717,222,"CLASSIFICATION: VulnerabilityScan
REFERENCE_ID: CAPEC-112
JUSTIFICATION: The traffic shows irregular, bursty packet rates with a mixed protocol composition (TCP, UDP, HTTP, HTTPS, ICMP, DNS) rather than a single flood pattern, consistent with a scanner probing multiple services and ports. The TCP flag distribution shows varied ACK/PSH/SYN mixes without a dominant single-flag flood signature, indicating diverse probe requests typical of vulnerability scanning (CAPEC-112: Brute Force/Sweeping via scanning).",real-but-wrong-family,True,data/CSV/VulnerabilityScan/VulnerabilityScan.pcap.csv,212678.0,212708.0,results/viz/VulnerabilityScan/VulnerabilityScan_0001.png,results/naive/images/VulnerabilityScan_0001.png,results/naive/pcap_slices/VulnerabilityScan_0001.csv
VulnerabilityScan_0002,VulnerabilityScan,naive,VulnerabilityScan,CAPEC-112,"The traffic shows low, irregular packet rates with mixed TCP flag combinations (fin/syn/psh/ack all present at varying fractions) rather than a single flood pattern, and a protocol mix dominated by HTTP/HTTPS with TCP/UDP components, consistent with automated probing of multiple services/ports. The late spike in rate and packet size variance suggests a scan tool escalating to deeper checks (e.g., banner grabbing or payload-based probes), matching CAPEC-112 (Brute Force/Vulnerability Scanning behavior).",1717,237,"CLASSIFICATION: VulnerabilityScan
REFERENCE_ID: CAPEC-112
JUSTIFICATION: The traffic shows low, irregular packet rates with mixed TCP flag combinations (fin/syn/psh/ack all present at varying fractions) rather than a single flood pattern, and a protocol mix dominated by HTTP/HTTPS with TCP/UDP components, consistent with automated probing of multiple services/ports. The late spike in rate and packet size variance suggests a scan tool escalating to deeper checks (e.g., banner grabbing or payload-based probes), matching CAPEC-112 (Brute Force/Vulnerability Scanning behavior).",real-but-wrong-family,True,data/CSV/VulnerabilityScan/VulnerabilityScan.pcap.csv,217814.0,217844.0,results/viz/VulnerabilityScan/VulnerabilityScan_0002.png,results/naive/images/VulnerabilityScan_0002.png,results/naive/pcap_slices/VulnerabilityScan_0002.csv
VulnerabilityScan_0003,VulnerabilityScan,naive,VulnerabilityScan,CAPEC-112,"The traffic shows a diverse and shifting protocol mix (TCP, UDP, HTTP, HTTPS, ICMP, DNS) with mixed TCP flag usage (ack, psh, syn, fin all present in varying proportions) rather than a flood dominated by a single flag/protocol. Packet rates fluctuate moderately without sustained high-volume spikes typical of DoS/DDoS, consistent with automated probing of multiple services/ports to enumerate vulnerabilities. This pattern matches CAPEC-112 (Brute Force/Scanning for vulnerabilities across multiple protocols).",1717,255,"CLASSIFICATION: VulnerabilityScan
REFERENCE_ID: CAPEC-112
JUSTIFICATION: The traffic shows a diverse and shifting protocol mix (TCP, UDP, HTTP, HTTPS, ICMP, DNS) with mixed TCP flag usage (ack, psh, syn, fin all present in varying proportions) rather than a flood dominated by a single flag/protocol. Packet rates fluctuate moderately without sustained high-volume spikes typical of DoS/DDoS, consistent with automated probing of multiple services/ports to enumerate vulnerabilities. This pattern matches CAPEC-112 (Brute Force/Scanning for vulnerabilities across multiple protocols).",real-but-wrong-family,True,data/CSV/VulnerabilityScan/VulnerabilityScan.pcap.csv,239510.0,239540.0,results/viz/VulnerabilityScan/VulnerabilityScan_0003.png,results/naive/images/VulnerabilityScan_0003.png,results/naive/pcap_slices/VulnerabilityScan_0003.csv
XSS_0000,XSS,naive,XSS,CAPEC-63,"The traffic shows HTTP/HTTPS-dominant protocol mix with ACK/PSH flag dominance typical of completed TCP sessions carrying application-layer payloads, consistent with script injection via web requests. The irregular rate spikes and packet size bursts (particularly around windows 7 and 18) align with injection of malicious script payloads within otherwise normal-looking HTTP traffic. This matches the labeled sample XSS_0000 from CIC-IoT-2023, corresponding to Cross-Site Scripting attack patterns (CAPEC-63).",1717,233,"CLASSIFICATION: XSS
REFERENCE_ID: CAPEC-63
JUSTIFICATION: The traffic shows HTTP/HTTPS-dominant protocol mix with ACK/PSH flag dominance typical of completed TCP sessions carrying application-layer payloads, consistent with script injection via web requests. The irregular rate spikes and packet size bursts (particularly around windows 7 and 18) align with injection of malicious script payloads within otherwise normal-looking HTTP traffic. This matches the labeled sample XSS_0000 from CIC-IoT-2023, corresponding to Cross-Site Scripting attack patterns (CAPEC-63).",real-and-correct,True,data/CSV/XSS/XSS.pcap.csv,145.0,175.0,results/viz/XSS/XSS_0000.png,results/naive/images/XSS_0000.png,results/naive/pcap_slices/XSS_0000.csv
XSS_0001,XSS,naive,XSS,CAPEC-63,"The traffic shows a dominant HTTPS/HTTP protocol mix with ACK-heavy TCP flag composition and PSH flag spikes correlating with rate bursts, consistent with application-layer web attack traffic like XSS payload injection over HTTP/HTTPS sessions. The variable packet sizes with occasional large payloads (~3500 bytes) align with script injection attempts embedded in HTTP requests/responses. This matches the CIC-IoT-2023 labeled XSS sample pattern of bursty, session-based web traffic rather than volumetric flooding.",1717,236,"CLASSIFICATION: XSS
REFERENCE_ID: CAPEC-63
JUSTIFICATION: The traffic shows a dominant HTTPS/HTTP protocol mix with ACK-heavy TCP flag composition and PSH flag spikes correlating with rate bursts, consistent with application-layer web attack traffic like XSS payload injection over HTTP/HTTPS sessions. The variable packet sizes with occasional large payloads (~3500 bytes) align with script injection attempts embedded in HTTP requests/responses. This matches the CIC-IoT-2023 labeled XSS sample pattern of bursty, session-based web traffic rather than volumetric flooding.",real-and-correct,True,data/CSV/XSS/XSS.pcap.csv,813.0,843.0,results/viz/XSS/XSS_0001.png,results/naive/images/XSS_0001.png,results/naive/pcap_slices/XSS_0001.csv
XSS_0002,XSS,naive,XSS,CAPEC-63,"The traffic shows HTTP/HTTPS-dominant protocol mix with PSH/ACK flag patterns typical of application-layer request-response exchanges, consistent with web-based attack payload delivery. The packet rate remains low with occasional spikes correlating to large average/std packet sizes (likely injected script payloads in HTTP bodies), rather than the sustained flood patterns seen in DoS/DDoS attacks. This pattern aligns with Cross-Site Scripting (XSS) traffic labeled in CIC-IoT-2023, where malicious script content is embedded within normal-looking web traffic.",1717,247,"CLASSIFICATION: XSS
REFERENCE_ID: CAPEC-63
JUSTIFICATION: The traffic shows HTTP/HTTPS-dominant protocol mix with PSH/ACK flag patterns typical of application-layer request-response exchanges, consistent with web-based attack payload delivery. The packet rate remains low with occasional spikes correlating to large average/std packet sizes (likely injected script payloads in HTTP bodies), rather than the sustained flood patterns seen in DoS/DDoS attacks. This pattern aligns with Cross-Site Scripting (XSS) traffic labeled in CIC-IoT-2023, where malicious script content is embedded within normal-looking web traffic.",real-and-correct,True,data/CSV/XSS/XSS.pcap.csv,913.0,943.0,results/viz/XSS/XSS_0002.png,results/naive/images/XSS_0002.png,results/naive/pcap_slices/XSS_0002.csv
XSS_0003,XSS,naive,XSS,CAPEC-63,"The traffic shows periodic spikes in packet rate correlating with HTTP/HTTPS protocol dominance and PSH/ACK flag prevalence, consistent with application-layer script injection attempts over HTTP. The packet size spike around window 9 (with high std deviation) suggests injection of crafted payload content typical of XSS attack strings. The moderate, bursty rate pattern (not sustained flood-level) aligns with exploitation-style traffic rather than volumetric DoS/DDoS.",1717,210,"CLASSIFICATION: XSS
REFERENCE_ID: CAPEC-63
JUSTIFICATION: The traffic shows periodic spikes in packet rate correlating with HTTP/HTTPS protocol dominance and PSH/ACK flag prevalence, consistent with application-layer script injection attempts over HTTP. The packet size spike around window 9 (with high std deviation) suggests injection of crafted payload content typical of XSS attack strings. The moderate, bursty rate pattern (not sustained flood-level) aligns with exploitation-style traffic rather than volumetric DoS/DDoS.",real-and-correct,True,data/CSV/XSS/XSS.pcap.csv,2721.0,2751.0,results/viz/XSS/XSS_0003.png,results/naive/images/XSS_0003.png,results/naive/pcap_slices/XSS_0003.csv
